data_definition,asset_family,asset_label,best_K_gamma0,best_K_gamma1,A_raw,A_ci_low,A_ci_high,market_attenuation,attenuation_ci_low,attenuation_ci_high,completion_raw,completion_raw_ci_low,completion_raw_ci_high,completion_alpha,completion_alpha_ci_low,completion_alpha_ci_high
Core-92,size_op_25,25 Size–OP,5,4,8.659566992,1.975359003,14.36690755,6.357499326,-3.757571088,13.76121655,-0.06045600912,-0.07218828372,-0.03471561368,-0.1034948605,-0.1698564418,-0.03193155134
Core-92,size_inv_25,25 Size–Inv,5,4,9.001473232,2.479477082,14.79181372,6.213662797,-3.069506651,13.87759374,-0.06076417416,-0.07421238533,-0.03660241825,-0.1098450625,-0.1712813273,-0.04107699002
Core-92,size_mom_25,25 Size–Mom,5,4,8.110415249,1.566588812,14.0309707,7.080592286,-2.551926912,12.39654426,-0.06228645673,-0.07597332109,-0.03351175131,-0.1113346247,-0.1759483729,-0.03409820079
Core-92,size_accruals_25,25 Size–Accruals,5,2,8.702697427,2.126245053,14.49980006,4.809914228,-5.234990335,12.2230578,-0.06053677268,-0.07310932064,-0.03379843202,-0.1072192789,-0.171933963,-0.03560405989
Core-92,size_beta_25,25 Size–Beta,5,8,8.188826236,0.8512596608,14.29909543,4.363640973,-7.198578224,13.70240219,-0.0618364616,-0.07509291644,-0.02904888237,-0.09744292778,-0.1671315982,-0.02574778792
Core-92,size_resvar_25,25 Size–Residual variance,5,4,8.245002603,1.404814758,14.46936899,7.655186826,-1.904815038,13.04719276,-0.06153241575,-0.0745172721,-0.03425066338,-0.1143652562,-0.1797528821,-0.03789939114
Core-86,size_op_25,25 Size–OP,2,3,-1.167361616,-5.254573471,2.619408671,0.9221255601,-1.656119175,4.868493282,-0.02813265637,-0.03437605515,-0.001201806492,-0.04186627385,-0.1137504755,0.0103350946
Core-86,size_inv_25,25 Size–Inv,2,3,-1.238164739,-5.339965332,2.73324536,0.8056253294,-1.647972515,4.910737195,-0.02816441133,-0.03494835967,-0.004031533702,-0.04858733069,-0.113407293,0.006233697581
Core-86,size_mom_25,25 Size–Mom,2,3,-1.146365125,-5.283326331,2.551576527,-0.9490865265,-4.132677401,3.497951215,-0.02772115518,-0.03485501807,-0.001139155435,-0.04236025336,-0.1147272507,0.01061532247
Core-86,size_accruals_25,25 Size–Accruals,2,8,-1.144702317,-5.124995442,2.667952885,0.1505166442,-2.856944291,4.801900232,-0.02675459969,-0.03442868398,-0.001189238422,-0.04274277635,-0.1133730433,0.01018656859
Core-86,size_beta_25,25 Size–Beta,2,4,-1.474644461,-5.458155053,2.336292012,1.326278343,-1.849833021,5.021270021,-0.02693217733,-0.03546552495,0.003228423038,-0.02832965191,-0.1007091544,0.01776727265
Core-86,size_resvar_25,25 Size–Residual variance,2,3,-1.183356812,-5.387430003,2.675929381,0.9483558301,-2.434378706,4.290374164,-0.02590352255,-0.03341307378,-0.002023529633,-0.04381481569,-0.1159179406,0.007001116331
