ascending_eigen_index,eigenvalue,eigenvalue_percentile,mean_squared_gap_gamma_0,mean_squared_gap_gamma_1,mean_endpoint_change,endpoint_change_standard_error,endpoint_change_seed_sign_consistency,absolute_endpoint_change_share,size_bm_loading_share,industry_loading_share,top_assets
0,4.68628869e-06,0,-5.008269727e-06,-0.003150868618,-0.003145860348,0.004496722723,0.6,0.000155738019,0.7344176542,0.2655823458,"[{'asset': 'size_bm::BIG LoBM', 'loading': 0.5820591451388782}, {'asset': 'size_bm::ME5 BM2', 'loading': 0.442834792165106}, {'asset': 'size_bm::ME5 BM3', 'loading': 0.26478817019654355}, {'asset': 'size_bm::ME5 BM4', 'loading': 0.23238261721224968}, {'asset': 'industry::Banks', 'loading': -0.22961568932530393}, {'asset': 'industry::Softw', 'loading': -0.22136589600308015}, {'asset': 'industry::Rtail', 'loading': -0.21584698336530797}, {'asset': 'size_bm::ME4 BM1', 'loading': 0.19929527112088166}]"
1,1.162495211e-05,0.01369863014,-1.397229439e-05,-0.003681300407,-0.003667328112,0.01084704185,0.4,0.0001815536457,0.7911858785,0.2088141215,"[{'asset': 'size_bm::ME1 BM4', 'loading': 0.4123498859718734}, {'asset': 'size_bm::ME1 BM3', 'loading': -0.3208367763803437}, {'asset': 'size_bm::ME4 BM2', 'loading': -0.3080489950512596}, {'asset': 'size_bm::ME5 BM4', 'loading': 0.2802527099557443}, {'asset': 'size_bm::ME2 BM4', 'loading': -0.27061641230607103}, {'asset': 'industry::BusSv', 'loading': 0.21538278963887048}, {'asset': 'size_bm::ME4 BM5', 'loading': 0.20072704074493797}, {'asset': 'size_bm::BIG LoBM', 'loading': -0.19173038469686915}]"
2,1.433389544e-05,0.02739726027,-0.0001417227209,-0.03043399313,-0.0302922704,0.02141760388,0.6,0.001499640054,0.7768804113,0.2231195887,"[{'asset': 'size_bm::ME3 BM4', 'loading': -0.3675799113561231}, {'asset': 'size_bm::ME3 BM2', 'loading': -0.34057987083101116}, {'asset': 'size_bm::BIG HiBM', 'loading': -0.3129859595605806}, {'asset': 'industry::Banks', 'loading': 0.2907944982950158}, {'asset': 'size_bm::ME4 BM4', 'loading': 0.23425283687840953}, {'asset': 'size_bm::ME4 BM1', 'loading': 0.23277191100056088}, {'asset': 'size_bm::ME1 BM4', 'loading': 0.2305597780090771}, {'asset': 'size_bm::ME3 BM3', 'loading': 0.2065769712374044}]"
3,1.695222066e-05,0.04109589041,-2.131356886e-05,-0.003882846301,-0.003861532733,0.005296072017,0.8,0.0001911678814,0.7719911158,0.2280088842,"[{'asset': 'size_bm::ME2 BM4', 'loading': 0.4086048606897453}, {'asset': 'size_bm::ME4 BM3', 'loading': -0.3432687869065795}, {'asset': 'size_bm::ME4 BM2', 'loading': 0.29383690740683677}, {'asset': 'size_bm::ME5 BM2', 'loading': 0.2554334045859485}, {'asset': 'size_bm::ME2 BM5', 'loading': -0.24856486102383635}, {'asset': 'industry::BusSv', 'loading': 0.23006393925749652}, {'asset': 'size_bm::ME1 BM3', 'loading': -0.22710882970121365}, {'asset': 'industry::Banks', 'loading': -0.19951419301656353}]"
4,2.011516392e-05,0.05479452055,-0.000165595822,-0.02549688746,-0.02533129164,0.0206817439,0.8,0.001254043327,0.7894829561,0.2105170439,"[{'asset': 'size_bm::ME3 BM2', 'loading': -0.3772408782781915}, {'asset': 'size_bm::ME3 BM3', 'loading': -0.28971609096104234}, {'asset': 'size_bm::SMALL HiBM', 'loading': -0.2873385909939981}, {'asset': 'size_bm::BIG LoBM', 'loading': 0.2806944109585897}, {'asset': 'size_bm::ME4 BM1', 'loading': -0.2648954040979464}, {'asset': 'size_bm::ME2 BM3', 'loading': 0.22572638925460187}, {'asset': 'size_bm::ME4 BM2', 'loading': -0.22190956825125963}, {'asset': 'size_bm::ME5 BM3', 'loading': -0.2174395235046275}]"
5,2.227279763e-05,0.06849315068,-6.548478403e-05,-0.009119532976,-0.009054048192,0.01422376513,0.6,0.0004482269945,0.8742527219,0.1257472781,"[{'asset': 'size_bm::ME4 BM2', 'loading': 0.5043546084275062}, {'asset': 'size_bm::ME3 BM2', 'loading': -0.3385002643030596}, {'asset': 'size_bm::SMALL HiBM', 'loading': -0.3245148110507041}, {'asset': 'size_bm::ME1 BM3', 'loading': 0.29826688517488065}, {'asset': 'size_bm::ME3 BM4', 'loading': 0.2581486071607806}, {'asset': 'size_bm::ME3 BM1', 'loading': -0.19883349232322614}, {'asset': 'size_bm::ME5 BM2', 'loading': -0.1841961152939175}, {'asset': 'size_bm::ME4 BM1', 'loading': 0.17182359786546053}]"
6,2.579035378e-05,0.08219178082,-0.0003253589993,-0.03920439806,-0.03887903906,0.01640266988,0.8,0.001924734048,0.7888154658,0.2111845342,"[{'asset': 'size_bm::ME2 BM3', 'loading': -0.5096856647347641}, {'asset': 'size_bm::SMALL HiBM', 'loading': -0.25162538969158116}, {'asset': 'size_bm::ME3 BM2', 'loading': 0.23426517647913128}, {'asset': 'size_bm::ME1 BM3', 'loading': 0.2316071748412953}, {'asset': 'industry::LabEq', 'loading': 0.23132183292434083}, {'asset': 'size_bm::ME5 BM4', 'loading': 0.2245888930132765}, {'asset': 'size_bm::ME4 BM1', 'loading': -0.20584144592579146}, {'asset': 'size_bm::ME2 BM4', 'loading': 0.1806667294728483}]"
7,2.932800806e-05,0.09589041096,-3.851667103e-05,-0.004087187342,-0.004048670671,0.003033512766,0.8,0.0002004322761,0.8987678898,0.1012321102,"[{'asset': 'size_bm::ME3 BM5', 'loading': -0.37888181047045166}, {'asset': 'size_bm::ME3 BM3', 'loading': 0.3754025291652099}, {'asset': 'size_bm::ME3 BM4', 'loading': 0.3681857692385532}, {'asset': 'size_bm::ME2 BM3', 'loading': -0.3244289624002118}, {'asset': 'size_bm::ME3 BM2', 'loading': -0.26158546354216716}, {'asset': 'size_bm::ME1 BM3', 'loading': -0.24692272045165525}, {'asset': 'size_bm::ME2 BM4', 'loading': 0.20844849934859022}, {'asset': 'size_bm::ME1 BM4', 'loading': -0.19922873362783244}]"
8,3.066671144e-05,0.1095890411,4.665859288e-06,0.00047372161,0.0004690557507,0.000937671937,0.4,2.322093332e-05,0.7439227979,0.2560772021,"[{'asset': 'size_bm::ME4 BM3', 'loading': 0.401220369319663}, {'asset': 'size_bm::ME4 BM2', 'loading': 0.33006294839309375}, {'asset': 'size_bm::ME3 BM4', 'loading': -0.2890541302936526}, {'asset': 'industry::BusSv', 'loading': 0.27020675014893925}, {'asset': 'size_bm::ME1 BM4', 'loading': 0.2671986710072715}, {'asset': 'size_bm::ME4 BM1', 'loading': -0.2474161817842391}, {'asset': 'size_bm::ME5 BM3', 'loading': -0.21651447215055583}, {'asset': 'size_bm::ME3 BM2', 'loading': -0.19573995735334038}]"
9,3.467984952e-05,0.1232876712,-3.929704378e-05,-0.003532237517,-0.003492940473,0.006392551498,0.6,0.0001729204635,0.8822470413,0.1177529587,"[{'asset': 'size_bm::ME2 BM4', 'loading': 0.3997580690371595}, {'asset': 'size_bm::ME4 BM3', 'loading': 0.39477372619348305}, {'asset': 'size_bm::ME4 BM1', 'loading': 0.38699577460060886}, {'asset': 'size_bm::ME4 BM2', 'loading': -0.3009633103075141}, {'asset': 'size_bm::ME2 BM5', 'loading': 0.22194496409298414}, {'asset': 'size_bm::ME3 BM2', 'loading': -0.21837603834351285}, {'asset': 'size_bm::ME2 BM3', 'loading': -0.193170632930615}, {'asset': 'size_bm::ME4 BM4', 'loading': -0.1923288062629956}]"
10,3.85231046e-05,0.1369863014,-3.661468134e-05,-0.002965440604,-0.002928825922,0.001503306513,0.8,0.0001449935777,0.7456628727,0.2543371273,"[{'asset': 'size_bm::ME5 BM2', 'loading': -0.4543277407619464}, {'asset': 'size_bm::ME2 BM3', 'loading': 0.3224503059008032}, {'asset': 'size_bm::ME2 BM4', 'loading': 0.2759263622800769}, {'asset': 'size_bm::ME3 BM3', 'loading': -0.2630224696281918}, {'asset': 'size_bm::BIG LoBM', 'loading': 0.25795345043283874}, {'asset': 'industry::Insur', 'loading': 0.20708511612653088}, {'asset': 'size_bm::ME1 BM3', 'loading': -0.20502388174216454}, {'asset': 'size_bm::ME2 BM5', 'loading': -0.16397806622846564}]"
11,4.053705563e-05,0.1506849315,-0.0001137578937,-0.008759083377,-0.008645325483,0.0239445088,0.6,0.0004279928906,0.8520030143,0.1479969857,"[{'asset': 'size_bm::ME3 BM3', 'loading': -0.4021129003140824}, {'asset': 'size_bm::ME4 BM4', 'loading': -0.3509956548884612}, {'asset': 'size_bm::ME1 BM3', 'loading': -0.285315251867341}, {'asset': 'size_bm::ME3 BM1', 'loading': -0.2702149735391525}, {'asset': 'size_bm::ME2 BM3', 'loading': -0.26719697348419147}, {'asset': 'size_bm::ME5 BM4', 'loading': -0.2060069200860669}, {'asset': 'size_bm::ME3 BM4', 'loading': 0.20372296769208523}, {'asset': 'size_bm::ME4 BM2', 'loading': 0.18429227459733855}]"
12,4.183274105e-05,0.1643835616,-0.0001027249294,-0.00766640942,-0.007563684491,0.002992977158,0.8,0.000374445496,0.8668740511,0.1331259489,"[{'asset': 'size_bm::ME5 BM3', 'loading': 0.5836884016483471}, {'asset': 'size_bm::ME1 BM4', 'loading': -0.27453512416650816}, {'asset': 'size_bm::BIG LoBM', 'loading': -0.24472646504729034}, {'asset': 'size_bm::ME3 BM4', 'loading': -0.19955570658836622}, {'asset': 'size_bm::ME5 BM4', 'loading': 0.18936296415422244}, {'asset': 'size_bm::ME2 BM5', 'loading': 0.18892805816990085}, {'asset': 'industry::BusSv', 'loading': 0.1819613979392831}, {'asset': 'size_bm::ME4 BM1', 'loading': -0.17903022839621996}]"
13,4.987446536e-05,0.1780821918,-6.378621618e-05,-0.003997623045,-0.003933836828,0.002957372075,0.8,0.0001947473463,0.7185801069,0.2814198931,"[{'asset': 'size_bm::ME2 BM2', 'loading': -0.4037602325654334}, {'asset': 'size_bm::ME4 BM3', 'loading': 0.29753388943994985}, {'asset': 'size_bm::ME3 BM5', 'loading': 0.2941763367715677}, {'asset': 'size_bm::ME4 BM4', 'loading': -0.2902977747521317}, {'asset': 'size_bm::ME3 BM1', 'loading': 0.28381351928925236}, {'asset': 'industry::Food', 'loading': -0.22396993580605623}, {'asset': 'size_bm::ME2 BM4', 'loading': -0.21300430211690555}, {'asset': 'industry::Telcm', 'loading': 0.20076416217587995}]"
14,5.500891833e-05,0.1917808219,-0.0006608919463,-0.03757540677,-0.03691451482,0.02143747251,0.8,0.0018274789,0.7229230671,0.2770769329,"[{'asset': 'size_bm::ME4 BM5', 'loading': 0.3664724312837227}, {'asset': 'size_bm::ME3 BM2', 'loading': 0.33663717842931995}, {'asset': 'size_bm::ME3 BM5', 'loading': -0.3296962050615441}, {'asset': 'size_bm::ME4 BM3', 'loading': 0.3030696897187854}, {'asset': 'size_bm::ME5 BM2', 'loading': 0.3013351966917711}, {'asset': 'size_bm::ME2 BM2', 'loading': -0.23072501443838997}, {'asset': 'industry::BldMt', 'loading': -0.22659356825539256}, {'asset': 'industry::Beer', 'loading': -0.16995260332609247}]"
15,6.206159724e-05,0.2054794521,0.000363205598,0.01831536013,0.01795215453,0.01700520528,0.6,0.0008887339782,0.75768977,0.24231023,"[{'asset': 'size_bm::ME2 BM5', 'loading': 0.5127293619063787}, {'asset': 'size_bm::ME3 BM4', 'loading': -0.28442198528375046}, {'asset': 'industry::BusSv', 'loading': -0.2547520023030165}, {'asset': 'size_bm::ME4 BM4', 'loading': -0.2542318558052285}, {'asset': 'size_bm::ME1 BM3', 'loading': -0.2120134334732573}, {'asset': 'size_bm::ME3 BM1', 'loading': 0.19480534020664653}, {'asset': 'size_bm::ME5 BM2', 'loading': -0.1743257957483537}, {'asset': 'size_bm::ME3 BM2', 'loading': 0.170488088221636}]"
16,6.596870473e-05,0.2191780822,-0.00157426709,-0.07470600839,-0.0731317413,0.01578643467,1,0.003620438052,0.5665442383,0.4334557617,"[{'asset': 'size_bm::BIG HiBM', 'loading': 0.40693566477269005}, {'asset': 'size_bm::ME5 BM4', 'loading': -0.37924064976563043}, {'asset': 'industry::Rtail', 'loading': 0.26437152598003066}, {'asset': 'industry::Banks', 'loading': -0.24473031669348905}, {'asset': 'size_bm::ME2 BM1', 'loading': 0.2412826359560048}, {'asset': 'size_bm::ME5 BM3', 'loading': 0.23559317987398853}, {'asset': 'industry::Rubbr', 'loading': -0.20077971063344652}, {'asset': 'size_bm::ME4 BM5', 'loading': 0.17246128345780126}]"
17,7.511769134e-05,0.2328767123,-0.001307651412,-0.05452741155,-0.05321976014,0.03150294213,0.6,0.002634681485,0.5539731448,0.4460268552,"[{'asset': 'industry::BusSv', 'loading': -0.34253472894944226}, {'asset': 'size_bm::ME1 BM2', 'loading': 0.28210049975916085}, {'asset': 'size_bm::SMALL HiBM', 'loading': 0.26040829958485856}, {'asset': 'size_bm::ME3 BM3', 'loading': -0.24046097715867992}, {'asset': 'size_bm::SMALL LoBM', 'loading': -0.23404545606044477}, {'asset': 'size_bm::ME2 BM2', 'loading': 0.230044136025064}, {'asset': 'industry::LabEq', 'loading': 0.197407363854632}, {'asset': 'size_bm::ME5 BM2', 'loading': 0.19469621705307108}]"
18,8.063552988e-05,0.2465753425,0.001021673271,0.03969850447,0.0386768312,0.01801867736,0.8,0.001914723606,0.4833839012,0.5166160988,"[{'asset': 'size_bm::ME4 BM4', 'loading': 0.32727505320803185}, {'asset': 'industry::BldMt', 'loading': -0.26130901388226124}, {'asset': 'industry::BusSv', 'loading': 0.24614183993338773}, {'asset': 'size_bm::ME2 BM2', 'loading': -0.24091093661547597}, {'asset': 'size_bm::SMALL LoBM', 'loading': -0.24089723969316856}, {'asset': 'size_bm::ME2 BM5', 'loading': 0.22784787157452288}, {'asset': 'size_bm::ME5 BM4', 'loading': -0.2248231545164146}, {'asset': 'industry::Beer', 'loading': 0.18485145091011035}]"
19,8.406885482e-05,0.2602739726,0.0003931776005,0.01465584406,0.01426266646,0.008913221869,0.8,0.0007060832884,0.643887698,0.356112302,"[{'asset': 'size_bm::ME2 BM1', 'loading': -0.30710553969893567}, {'asset': 'size_bm::ME5 BM4', 'loading': -0.28016302809720045}, {'asset': 'size_bm::ME4 BM5', 'loading': 0.27746810552695317}, {'asset': 'industry::Whlsl', 'loading': 0.27082507389374416}, {'asset': 'size_bm::ME4 BM3', 'loading': -0.23338503067534688}, {'asset': 'size_bm::ME3 BM1', 'loading': 0.23113572393167195}, {'asset': 'industry::BldMt', 'loading': 0.22146863588932003}, {'asset': 'size_bm::ME4 BM1', 'loading': 0.21679920120880122}]"
20,9.076905914e-05,0.2739726027,-0.001461955803,-0.05048619406,-0.04902423826,0.008079235421,1,0.002426979237,0.398088582,0.601911418,"[{'asset': 'industry::Whlsl', 'loading': 0.3227787334251351}, {'asset': 'size_bm::ME2 BM2', 'loading': 0.279440858364522}, {'asset': 'industry::BldMt', 'loading': -0.2742850631151018}, {'asset': 'size_bm::ME2 BM4', 'loading': -0.24102764807191548}, {'asset': 'size_bm::ME3 BM5', 'loading': 0.22928460249403843}, {'asset': 'industry::Other', 'loading': 0.2120560968403063}, {'asset': 'industry::BusSv', 'loading': 0.21063245957081647}, {'asset': 'industry::Insur', 'loading': -0.2038182613904358}]"
21,9.455664109e-05,0.2876712329,0.0003943283861,0.01307380672,0.01267947834,0.01044552554,0.6,0.000627706452,0.6247313785,0.3752686215,"[{'asset': 'size_bm::ME4 BM1', 'loading': -0.3308245718795303}, {'asset': 'size_bm::SMALL HiBM', 'loading': -0.3211347641661521}, {'asset': 'industry::BusSv', 'loading': -0.2754799642846193}, {'asset': 'size_bm::SMALL LoBM', 'loading': 0.2314474928187301}, {'asset': 'industry::Whlsl', 'loading': 0.2195366256391797}, {'asset': 'size_bm::ME3 BM3', 'loading': -0.2131111732125776}, {'asset': 'size_bm::ME5 BM2', 'loading': 0.20760875730313688}, {'asset': 'size_bm::BIG LoBM', 'loading': -0.1956418098198396}]"
22,0.0001043586118,0.301369863,0.0001288820911,0.003872888959,0.003744006868,0.006066300731,0.6,0.0001853496812,0.4775547447,0.5224452553,"[{'asset': 'size_bm::ME2 BM1', 'loading': 0.32276435857150254}, {'asset': 'size_bm::ME2 BM2', 'loading': -0.31147252740605913}, {'asset': 'industry::Drugs', 'loading': -0.2901828536209195}, {'asset': 'size_bm::ME5 BM4', 'loading': 0.2706418240579053}, {'asset': 'size_bm::ME5 BM3', 'loading': -0.24335283104695393}, {'asset': 'industry::Rubbr', 'loading': -0.2427861062299571}, {'asset': 'industry::BusSv', 'loading': 0.18782541113043166}, {'asset': 'size_bm::ME2 BM5', 'loading': 0.18460920542061832}]"
23,0.0001151107208,0.3150684932,-0.0002857914955,-0.00778799583,-0.007502204335,0.006763324314,0.4,0.0003714018779,0.3264975002,0.6735024998,"[{'asset': 'industry::Mach', 'loading': 0.33415272084921144}, {'asset': 'industry::Paper', 'loading': 0.3176870686462449}, {'asset': 'size_bm::ME2 BM1', 'loading': 0.2629860600390126}, {'asset': 'industry::Beer', 'loading': -0.24782906846651692}, {'asset': 'size_bm::ME1 BM2', 'loading': 0.22613162689227176}, {'asset': 'industry::Food', 'loading': 0.22271194922191495}, {'asset': 'industry::Aero', 'loading': 0.20647010812118136}, {'asset': 'size_bm::BIG HiBM', 'loading': 0.19173846671376255}]"
24,0.000124756045,0.3287671233,-0.0002658163109,-0.006685029747,-0.006419213436,0.002028451129,1,0.0003177876552,0.4538652048,0.5461347952,"[{'asset': 'size_bm::ME3 BM1', 'loading': 0.38144890097334483}, {'asset': 'size_bm::ME1 BM2', 'loading': -0.2868594886032033}, {'asset': 'industry::RlEst', 'loading': -0.24842867290456505}, {'asset': 'industry::MedEq', 'loading': -0.23442853016500828}, {'asset': 'industry::Food', 'loading': -0.22636765287684757}, {'asset': 'size_bm::ME3 BM3', 'loading': -0.21333547298117048}, {'asset': 'industry::Paper', 'loading': 0.2119492172468499}, {'asset': 'industry::Boxes', 'loading': 0.20599563383407712}]"
25,0.0001350689525,0.3424657534,-0.0003039152003,-0.007060952108,-0.006757036907,0.0166235215,0.4,0.0003345118427,0.2788010777,0.7211989223,"[{'asset': 'industry::Whlsl', 'loading': 0.4741824064898507}, {'asset': 'industry::ElcEq', 'loading': 0.31343353652137085}, {'asset': 'industry::LabEq', 'loading': -0.28931387769539857}, {'asset': 'industry::Insur', 'loading': 0.2075434021320233}, {'asset': 'size_bm::ME3 BM1', 'loading': -0.19812305182286988}, {'asset': 'industry::Aero', 'loading': 0.1723313657896629}, {'asset': 'industry::Softw', 'loading': 0.16513836578962526}, {'asset': 'size_bm::ME1 BM2', 'loading': 0.16480969797165942}]"
26,0.0001393751584,0.3561643836,0.001546598034,0.03482487001,0.03327827197,0.01244810658,0.8,0.001647464152,0.2920995058,0.7079004942,"[{'asset': 'industry::Fin', 'loading': 0.44577900362537687}, {'asset': 'industry::MedEq', 'loading': 0.2961214793895612}, {'asset': 'industry::Softw', 'loading': -0.24790332471666565}, {'asset': 'industry::Banks', 'loading': -0.22891866397663438}, {'asset': 'size_bm::SMALL LoBM', 'loading': -0.20703536884435478}, {'asset': 'industry::Telcm', 'loading': 0.18823581281936633}, {'asset': 'industry::Books', 'loading': -0.17588684581119995}, {'asset': 'size_bm::BIG HiBM', 'loading': -0.1584959010887313}]"
27,0.0001704083947,0.3698630137,-0.001837505772,-0.03385419915,-0.03201669338,0.01539850426,0.8,0.00158500882,0.2598885538,0.7401114462,"[{'asset': 'industry::Paper', 'loading': -0.3584909680106979}, {'asset': 'industry::Mach', 'loading': 0.25615207385092426}, {'asset': 'size_bm::ME4 BM4', 'loading': 0.25367663311870386}, {'asset': 'industry::LabEq', 'loading': -0.24195852238181573}, {'asset': 'size_bm::ME4 BM5', 'loading': -0.23731457376871615}, {'asset': 'industry::Hshld', 'loading': 0.23486863083020348}, {'asset': 'industry::Softw', 'loading': -0.22237170406015497}, {'asset': 'size_bm::ME1 BM3', 'loading': -0.21432501396288317}]"
28,0.0001807469246,0.3835616438,0.0002832041463,0.00491981861,0.004636614464,0.001757608404,1,0.0002295388451,0.3233715099,0.6766284901,"[{'asset': 'industry::Rtail', 'loading': -0.336377868205035}, {'asset': 'industry::MedEq', 'loading': 0.3181444620231567}, {'asset': 'size_bm::ME3 BM1', 'loading': 0.2510774264296255}, {'asset': 'industry::Fin', 'loading': -0.2510325691265019}, {'asset': 'industry::Boxes', 'loading': -0.23769648193806925}, {'asset': 'industry::Drugs', 'loading': -0.23074150268580046}, {'asset': 'industry::Hshld', 'loading': 0.21684889788145476}, {'asset': 'size_bm::ME4 BM1', 'loading': 0.20565238442539283}]"
29,0.0001838043312,0.397260274,-0.0001116587139,-0.001907522981,-0.001795864267,0.001862816495,0.6,8.890551783e-05,0.2687359441,0.7312640559,"[{'asset': 'industry::Hshld', 'loading': -0.3324665252730917}, {'asset': 'industry::ElcEq', 'loading': 0.2847386814419264}, {'asset': 'size_bm::ME1 BM4', 'loading': -0.2750037232194726}, {'asset': 'industry::Boxes', 'loading': 0.24188638077773067}, {'asset': 'industry::Telcm', 'loading': 0.2018135315254342}, {'asset': 'industry::Trans', 'loading': 0.19816795831784567}, {'asset': 'industry::Mines', 'loading': -0.19812271206669638}, {'asset': 'industry::Paper', 'loading': -0.19088103384434557}]"
30,0.0001956398303,0.4109589041,0.0003937400644,0.006320187045,0.005926446981,0.01268672469,0.4,0.0002933929069,0.3075914258,0.6924085742,"[{'asset': 'industry::Rubbr', 'loading': 0.2971791293230513}, {'asset': 'industry::ElcEq', 'loading': -0.2968919025621769}, {'asset': 'size_bm::ME1 BM2', 'loading': -0.23211401103606985}, {'asset': 'size_bm::ME4 BM5', 'loading': 0.23012394713474263}, {'asset': 'industry::Other', 'loading': 0.2193873346399361}, {'asset': 'industry::Chems', 'loading': 0.21902615631135347}, {'asset': 'size_bm::ME4 BM1', 'loading': -0.20306879499160851}, {'asset': 'industry::Rtail', 'loading': -0.20287432316430015}]"
31,0.0002051244012,0.4246575342,-0.0009654732483,-0.01478198039,-0.01381650714,0.01235768223,0.6,0.0006839958588,0.2523069574,0.7476930426,"[{'asset': 'industry::Other', 'loading': 0.40650117594636037}, {'asset': 'industry::BldMt', 'loading': -0.295551611098689}, {'asset': 'industry::ElcEq', 'loading': 0.285950122021839}, {'asset': 'industry::Telcm', 'loading': -0.2592752313614713}, {'asset': 'industry::BusSv', 'loading': -0.23781970691294657}, {'asset': 'industry::Meals', 'loading': 0.21339705460767494}, {'asset': 'size_bm::ME2 BM2', 'loading': -0.1978302479828445}, {'asset': 'size_bm::ME4 BM5', 'loading': 0.18877384819484086}]"
32,0.0002096978871,0.4383561644,0.0002164440182,0.003241721337,0.003025277318,0.008248572412,0.6,0.0001497684716,0.2433774385,0.7566225615,"[{'asset': 'industry::Insur', 'loading': -0.4392664022544518}, {'asset': 'industry::Whlsl', 'loading': 0.32927816392494247}, {'asset': 'size_bm::ME2 BM1', 'loading': 0.30054955471630984}, {'asset': 'industry::Rubbr', 'loading': -0.23907173786332603}, {'asset': 'industry::Rtail', 'loading': -0.22776880908333166}, {'asset': 'industry::Softw', 'loading': 0.21384735687886225}, {'asset': 'industry::Aero', 'loading': -0.1901684296277556}, {'asset': 'size_bm::SMALL LoBM', 'loading': -0.1894585932505751}]"
33,0.0002337906646,0.4520547945,-0.0002942645394,-0.003953681424,-0.003659416884,0.006378060554,0.6,0.0001811619948,0.2816110722,0.7183889278,"[{'asset': 'industry::Softw', 'loading': 0.29810817675135476}, {'asset': 'industry::Telcm', 'loading': -0.28728867506014644}, {'asset': 'size_bm::ME1 BM2', 'loading': 0.25582498961171507}, {'asset': 'size_bm::ME4 BM5', 'loading': 0.2319392553108675}, {'asset': 'industry::BldMt', 'loading': 0.22705680052781682}, {'asset': 'industry::Mach', 'loading': -0.2210201044565296}, {'asset': 'industry::Soda', 'loading': 0.2159854599227214}, {'asset': 'industry::Whlsl', 'loading': -0.20765844855497978}]"
34,0.0002562704667,0.4657534247,-0.0009987387246,-0.01224320764,-0.01124446892,0.0124988358,0.6,0.000556665306,0.2057250145,0.7942749855,"[{'asset': 'industry::Chems', 'loading': 0.368453391343388}, {'asset': 'industry::Rubbr', 'loading': 0.3015242891893571}, {'asset': 'industry::Util', 'loading': 0.25168865859443745}, {'asset': 'industry::LabEq', 'loading': 0.21850806013976204}, {'asset': 'industry::Paper', 'loading': -0.2153040104272035}, {'asset': 'size_bm::ME2 BM5', 'loading': -0.21511160813080848}, {'asset': 'industry::Fin', 'loading': 0.20611082113661822}, {'asset': 'industry::Insur', 'loading': -0.1828673051036868}]"
35,0.0002730845787,0.4794520548,0.002648612793,0.03047164,0.0278230272,0.01942336052,0.6,0.001377398441,0.2398568345,0.7601431655,"[{'asset': 'industry::Beer', 'loading': -0.4290827528531251}, {'asset': 'industry::Softw', 'loading': 0.24765045944061032}, {'asset': 'industry::Hshld', 'loading': 0.246093474854851}, {'asset': 'industry::Banks', 'loading': -0.24341354249335523}, {'asset': 'industry::Trans', 'loading': 0.23560798707538833}, {'asset': 'industry::Fin', 'loading': 0.2298557789790776}, {'asset': 'size_bm::ME4 BM5', 'loading': -0.2213601754521574}, {'asset': 'industry::LabEq', 'loading': -0.20876319917452815}]"
36,0.0002953219272,0.4931506849,-0.0004812909611,-0.005120637282,-0.004639346321,0.005435449598,0.4,0.0002296740876,0.1421156624,0.8578843376,"[{'asset': 'industry::Chems', 'loading': 0.3178775112118037}, {'asset': 'industry::Insur', 'loading': 0.2777844096946253}, {'asset': 'industry::Other', 'loading': -0.2740820992906631}, {'asset': 'industry::Rubbr', 'loading': -0.2385377611200228}, {'asset': 'industry::RlEst', 'loading': -0.23651584252642488}, {'asset': 'industry::Boxes', 'loading': -0.23201500013612403}, {'asset': 'industry::Cnstr', 'loading': 0.22302109433826917}, {'asset': 'industry::Mach', 'loading': 0.2213686286935385}]"
37,0.0003057501983,0.5068493151,0.001085002685,0.01115043379,0.01006543111,0.00719420534,0.8,0.0004982962137,0.149839974,0.850160026,"[{'asset': 'industry::Softw', 'loading': -0.3258462152845701}, {'asset': 'industry::Whlsl', 'loading': 0.31008862753857847}, {'asset': 'industry::Rtail', 'loading': -0.2582260460872764}, {'asset': 'industry::Cnstr', 'loading': 0.23058100681000704}, {'asset': 'industry::LabEq', 'loading': 0.21752216859835805}, {'asset': 'industry::ElcEq', 'loading': -0.21481745362922827}, {'asset': 'industry::Aero', 'loading': 0.18980186232001478}, {'asset': 'industry::Guns', 'loading': -0.18254055202140818}]"
38,0.0003219469814,0.5205479452,6.412562249e-05,0.0006258889678,0.0005617633453,0.001402504074,0.8,2.78104877e-05,0.1702650267,0.8297349733,"[{'asset': 'industry::Beer', 'loading': 0.3791521968089263}, {'asset': 'industry::Meals', 'loading': -0.3497606736663194}, {'asset': 'industry::LabEq', 'loading': -0.33519097031508166}, {'asset': 'industry::Trans', 'loading': 0.28237304999755564}, {'asset': 'industry::Drugs', 'loading': -0.25200835441803815}, {'asset': 'industry::Food', 'loading': 0.21075023110520957}, {'asset': 'industry::Telcm', 'loading': -0.19168160636144949}, {'asset': 'size_bm::SMALL HiBM', 'loading': -0.17752806625753767}]"
39,0.0003507816533,0.5342465753,-1.955249744e-05,-0.0001751661278,-0.0001556136304,0.005062584955,0.6,7.703761716e-06,0.2295892173,0.7704107827,"[{'asset': 'industry::Drugs', 'loading': 0.30682627568651505}, {'asset': 'industry::Steel', 'loading': -0.29354439650114206}, {'asset': 'industry::Meals', 'loading': -0.29235577274791547}, {'asset': 'industry::Hshld', 'loading': -0.21760013221670835}, {'asset': 'size_bm::ME3 BM1', 'loading': -0.21677542354074864}, {'asset': 'size_bm::ME2 BM2', 'loading': -0.20952685893214196}, {'asset': 'industry::MedEq', 'loading': 0.20691076742611966}, {'asset': 'size_bm::ME3 BM5', 'loading': 0.18701309087810197}]"
40,0.0003610008943,0.5479452055,-0.001744198531,-0.01518390124,-0.01343970271,0.003183757408,1,0.0006653418915,0.2056065288,0.7943934712,"[{'asset': 'industry::Meals', 'loading': 0.34993733639938884}, {'asset': 'industry::Paper', 'loading': 0.3280794756645905}, {'asset': 'industry::Hlth', 'loading': 0.29032370385367817}, {'asset': 'industry::Other', 'loading': 0.26653874644561926}, {'asset': 'industry::Chems', 'loading': 0.25266761732653475}, {'asset': 'size_bm::ME1 BM2', 'loading': 0.22317374687773786}, {'asset': 'industry::Food', 'loading': -0.19820557155303542}, {'asset': 'industry::Soda', 'loading': -0.1877627015866457}]"
41,0.0004148463074,0.5616438356,0.0005615610211,0.004254556854,0.003692995833,0.006512172639,0.6,0.0001828243442,0.1163651074,0.8836348926,"[{'asset': 'industry::Food', 'loading': -0.38349543545681314}, {'asset': 'industry::Mach', 'loading': 0.2942371559187228}, {'asset': 'industry::Trans', 'loading': 0.2852902782558772}, {'asset': 'industry::Steel', 'loading': -0.2769535490543067}, {'asset': 'industry::Hlth', 'loading': 0.2596320072373141}, {'asset': 'industry::Chems', 'loading': -0.248482825921382}, {'asset': 'industry::Cnstr', 'loading': -0.23620507116126593}, {'asset': 'industry::Autos', 'loading': -0.23362318085104647}]"
42,0.0004614516559,0.5753424658,-0.0007710752254,-0.005252284503,-0.004481209278,0.002612345654,1,0.0002218454026,0.1816478385,0.8183521615,"[{'asset': 'industry::Telcm', 'loading': -0.29116088028731785}, {'asset': 'industry::Food', 'loading': -0.2765485465213258}, {'asset': 'industry::Oil', 'loading': 0.26071543879027226}, {'asset': 'industry::Rtail', 'loading': 0.25199613184567693}, {'asset': 'industry::MedEq', 'loading': 0.24879875519020098}, {'asset': 'industry::ElcEq', 'loading': -0.2446312250014132}, {'asset': 'industry::Chems', 'loading': -0.21988783454158256}, {'asset': 'industry::Beer', 'loading': 0.19322580563953456}]"
43,0.0004739838321,0.5890410959,-0.004999509941,-0.03315502809,-0.02815551814,0.01145245475,1,0.001393858637,0.1522437399,0.8477562601,"[{'asset': 'industry::MedEq', 'loading': 0.3380882803300995}, {'asset': 'industry::Util', 'loading': 0.308470941272722}, {'asset': 'industry::Oil', 'loading': -0.26665248926887114}, {'asset': 'industry::Telcm', 'loading': 0.2640711054303843}, {'asset': 'industry::Chips', 'loading': -0.23212889965384056}, {'asset': 'industry::Rubbr', 'loading': -0.21816261331777304}, {'asset': 'industry::PerSv', 'loading': -0.18006262527269187}, {'asset': 'industry::LabEq', 'loading': 0.17986446433640407}]"
44,0.000492682866,0.602739726,-5.864060237e-05,-0.0003741341418,-0.0003154935394,0.002348829553,0.4,1.561872854e-05,0.1676413538,0.8323586462,"[{'asset': 'industry::Util', 'loading': 0.31343398921045923}, {'asset': 'industry::Hshld', 'loading': 0.3094173285499139}, {'asset': 'industry::Aero', 'loading': -0.3075678573530367}, {'asset': 'industry::Beer', 'loading': 0.21662542020989978}, {'asset': 'industry::Trans', 'loading': -0.20392105370479205}, {'asset': 'industry::Steel', 'loading': 0.19964805054026846}, {'asset': 'industry::Oil', 'loading': -0.1936231330930378}, {'asset': 'size_bm::ME3 BM5', 'loading': -0.1848993009658694}]"
45,0.0005217443025,0.6164383562,-5.780845975e-05,-0.0003482935499,-0.0002904850901,0.02802886783,0.4,1.438066775e-05,0.1642613721,0.8357386279,"[{'asset': 'industry::Insur', 'loading': 0.30546566737998515}, {'asset': 'industry::Telcm', 'loading': -0.2882971867165276}, {'asset': 'industry::Smoke', 'loading': 0.26111387936015373}, {'asset': 'industry::Beer', 'loading': -0.2520142090876679}, {'asset': 'industry::Hshld', 'loading': -0.24600625763059714}, {'asset': 'industry::Aero', 'loading': -0.2346412102604531}, {'asset': 'industry::Util', 'loading': 0.22771965332230232}, {'asset': 'industry::Guns', 'loading': 0.22660752749069032}]"
46,0.0005413666785,0.6301369863,0.0005276083068,0.003063665159,0.002536056852,0.004217524987,0.6,0.00012554927,0.0852334058,0.9147665942,"[{'asset': 'industry::Soda', 'loading': -0.42431964481341294}, {'asset': 'industry::Books', 'loading': -0.36039226104454686}, {'asset': 'industry::Util', 'loading': 0.35158007643138217}, {'asset': 'industry::Trans', 'loading': 0.29319568488753034}, {'asset': 'industry::Drugs', 'loading': 0.2644424092159364}, {'asset': 'industry::Rubbr', 'loading': -0.19797620633542734}, {'asset': 'industry::LabEq', 'loading': -0.1729150010303362}, {'asset': 'industry::Hshld', 'loading': 0.16626426706207473}]"
47,0.0005997125507,0.6438356164,-0.0009304309942,-0.004877380755,-0.003946949761,0.02668523299,0.4,0.0001953965112,0.1211180185,0.8788819815,"[{'asset': 'industry::Other', 'loading': 0.2965370124346122}, {'asset': 'industry::Food', 'loading': -0.2930598375572011}, {'asset': 'industry::Soda', 'loading': 0.2636975904897648}, {'asset': 'industry::Hshld', 'loading': -0.26205813726949184}, {'asset': 'industry::Boxes', 'loading': -0.25420856759620586}, {'asset': 'industry::PerSv', 'loading': 0.24290367221278683}, {'asset': 'industry::Meals', 'loading': -0.23408535622954507}, {'asset': 'industry::Chips', 'loading': -0.22399879572976195}]"
48,0.0006759052725,0.6575342466,-0.02514634513,-0.1169661582,-0.09181981311,0.03416680002,1,0.004545604131,0.07210297411,0.9278970259,"[{'asset': 'industry::Boxes', 'loading': -0.4108712894195423}, {'asset': 'industry::Oil', 'loading': -0.31569096723487944}, {'asset': 'industry::RlEst', 'loading': -0.28410045509468845}, {'asset': 'industry::Trans', 'loading': 0.2698333135936659}, {'asset': 'industry::Rtail', 'loading': 0.24771786435912302}, {'asset': 'industry::Meals', 'loading': 0.220259503409097}, {'asset': 'industry::Rubbr', 'loading': 0.217791252823748}, {'asset': 'industry::BldMt', 'loading': 0.21256938884482002}]"
49,0.0007499049934,0.6712328767,0.002036959194,0.008540181964,0.006503222771,0.001546277456,1,0.0003219465962,0.1653667492,0.8346332508,"[{'asset': 'industry::RlEst', 'loading': -0.38221829947078545}, {'asset': 'industry::Hardw', 'loading': 0.279407215343596}, {'asset': 'size_bm::ME2 BM1', 'loading': -0.26473022481254394}, {'asset': 'industry::Boxes', 'loading': 0.2173660791372281}, {'asset': 'industry::Books', 'loading': -0.20871591401696385}, {'asset': 'industry::Guns', 'loading': 0.20683511465146778}, {'asset': 'industry::Hlth', 'loading': 0.1988193481410378}, {'asset': 'industry::Chems', 'loading': -0.19469337890545294}]"
50,0.0007956078219,0.6849315068,-0.0005509302467,-0.00217720353,-0.001626273283,0.0007879876037,1,8.050979744e-05,0.1051088353,0.8948911647,"[{'asset': 'industry::RlEst', 'loading': 0.4709114396689126}, {'asset': 'industry::Hardw', 'loading': 0.2984601017070762}, {'asset': 'industry::Cnstr', 'loading': 0.23772231654929607}, {'asset': 'industry::Util', 'loading': 0.23638762394354407}, {'asset': 'industry::Steel', 'loading': 0.23442940270162965}, {'asset': 'industry::Trans', 'loading': 0.1985557168184387}, {'asset': 'industry::PerSv', 'loading': -0.19815009767702776}, {'asset': 'industry::Other', 'loading': -0.17180036606258972}]"
51,0.0008612700318,0.698630137,-0.001129750523,-0.004124370804,-0.002994620281,0.003430864788,0.6,0.0001482507735,0.1495928979,0.8504071021,"[{'asset': 'industry::Clths', 'loading': -0.32795501441074765}, {'asset': 'size_bm::SMALL LoBM', 'loading': -0.3115241978792009}, {'asset': 'industry::Chips', 'loading': 0.278190499472613}, {'asset': 'industry::Steel', 'loading': 0.26287535109134846}, {'asset': 'industry::Smoke', 'loading': -0.2612056505605036}, {'asset': 'industry::Aero', 'loading': -0.23232853099682801}, {'asset': 'industry::Util', 'loading': 0.1994218030529804}, {'asset': 'industry::Guns', 'loading': -0.18691473568045458}]"
52,0.0008752554731,0.7123287671,0.008386205797,0.03012643152,0.02174022573,0.0370513547,0.8,0.001076265095,0.1143671476,0.8856328524,"[{'asset': 'industry::Books', 'loading': 0.6123028590203258}, {'asset': 'industry::Chips', 'loading': -0.2962566453953856}, {'asset': 'industry::Hardw', 'loading': 0.2919109898420848}, {'asset': 'industry::Soda', 'loading': -0.2341357424217818}, {'asset': 'industry::Boxes', 'loading': 0.19965750958143771}, {'asset': 'size_bm::BIG HiBM', 'loading': -0.18960584689844764}, {'asset': 'size_bm::SMALL HiBM', 'loading': -0.18853319904530272}, {'asset': 'industry::Autos', 'loading': 0.16578486233554873}]"
53,0.001029786518,0.7260273973,-0.002798201697,-0.008544214496,-0.005746012799,0.02689918286,0.6,0.0002844603864,0.04805665494,0.9519433451,"[{'asset': 'industry::PerSv', 'loading': -0.49043358030371315}, {'asset': 'industry::Autos', 'loading': 0.2791034861308723}, {'asset': 'industry::Hlth', 'loading': 0.2175585158048708}, {'asset': 'industry::Cnstr', 'loading': 0.21163112305665432}, {'asset': 'industry::RlEst', 'loading': -0.2005870205656366}, {'asset': 'industry::Smoke', 'loading': -0.19871896076606843}, {'asset': 'industry::Guns', 'loading': 0.19843406665662827}, {'asset': 'industry::Paper', 'loading': -0.1803148772518733}]"
54,0.00116504631,0.7397260274,0.004531322992,0.01223031076,0.007698987773,0.007989262334,0.6,0.0003811437797,0.1119498962,0.8880501038,"[{'asset': 'industry::Chips', 'loading': 0.29529412004862}, {'asset': 'industry::Hardw', 'loading': -0.28637013927732263}, {'asset': 'industry::Soda', 'loading': -0.24950213889909365}, {'asset': 'industry::Boxes', 'loading': -0.23395504608701986}, {'asset': 'industry::Smoke', 'loading': 0.232133530700394}, {'asset': 'industry::Drugs', 'loading': -0.22816684965302475}, {'asset': 'industry::Ships', 'loading': -0.2266504049870137}, {'asset': 'industry::Cnstr', 'loading': 0.22640176884785174}]"
55,0.001218255819,0.7534246575,-0.000414542524,-0.001070018665,-0.0006554761406,0.001182521687,0.2,3.244980524e-05,0.1156285132,0.8843714868,"[{'asset': 'industry::Mines', 'loading': 0.35833356772215574}, {'asset': 'industry::Hlth', 'loading': -0.29656636038137907}, {'asset': 'industry::Txtls', 'loading': 0.29599153118242877}, {'asset': 'industry::Hardw', 'loading': 0.280604099478153}, {'asset': 'industry::Fun', 'loading': -0.2719973186967994}, {'asset': 'industry::Autos', 'loading': -0.2247537325966205}, {'asset': 'industry::Guns', 'loading': 0.21394859952954398}, {'asset': 'industry::Clths', 'loading': -0.18958395599579106}]"
56,0.001219785587,0.7671232877,0.006673806885,0.01720485586,0.01053104897,0.008072635195,0.6,0.0005213469521,0.08309869165,0.9169013083,"[{'asset': 'industry::Autos', 'loading': -0.4655929309846813}, {'asset': 'industry::Cnstr', 'loading': 0.30820730433470994}, {'asset': 'industry::Hardw', 'loading': 0.22471148884699363}, {'asset': 'industry::Soda', 'loading': -0.22342425211774658}, {'asset': 'industry::Aero', 'loading': -0.2156379969642787}, {'asset': 'size_bm::SMALL LoBM', 'loading': -0.20286304554536322}, {'asset': 'industry::MedEq', 'loading': 0.19866808156439458}, {'asset': 'industry::Oil', 'loading': 0.19780229133607133}]"
57,0.001385524419,0.7808219178,-0.005071782411,-0.0115112018,-0.006439419386,0.008077761232,0.4,0.0003187879649,0.05043696869,0.9495630313,"[{'asset': 'industry::Ships', 'loading': -0.4415770418714919}, {'asset': 'industry::Smoke', 'loading': -0.3738091315321717}, {'asset': 'industry::Txtls', 'loading': -0.29852261150367754}, {'asset': 'industry::Agric', 'loading': -0.2491684891426077}, {'asset': 'industry::Oil', 'loading': 0.2441833825835121}, {'asset': 'industry::Hlth', 'loading': -0.21630886645177042}, {'asset': 'industry::Toys', 'loading': -0.19978587433462036}, {'asset': 'industry::Mines', 'loading': 0.17785169483622082}]"
58,0.001452013531,0.7945205479,-0.00165785205,-0.003590490984,-0.001932638935,0.004216454311,0.6,9.567664349e-05,0.06811824941,0.9318817506,"[{'asset': 'industry::Clths', 'loading': 0.44576933174942135}, {'asset': 'industry::Agric', 'loading': 0.35849004563803977}, {'asset': 'industry::Aero', 'loading': 0.28525487105637526}, {'asset': 'industry::Toys', 'loading': -0.2401192816703534}, {'asset': 'industry::Cnstr', 'loading': -0.23299896068084686}, {'asset': 'industry::Boxes', 'loading': -0.20869560455696332}, {'asset': 'industry::Smoke', 'loading': -0.20152178206217042}, {'asset': 'industry::Guns', 'loading': 0.20037161949302013}]"
59,0.001608397309,0.8082191781,-0.002576284234,-0.005037189383,-0.002460905148,0.001229044893,1,0.0001218288322,0.06177149054,0.9382285095,"[{'asset': 'industry::Mines', 'loading': -0.3770131710466474}, {'asset': 'industry::Hlth', 'loading': -0.3346564595168212}, {'asset': 'industry::FabPr', 'loading': -0.31582168173580494}, {'asset': 'industry::PerSv', 'loading': -0.2951088126425283}, {'asset': 'industry::Clths', 'loading': -0.27653573576290574}, {'asset': 'industry::Ships', 'loading': 0.2547739559272277}, {'asset': 'industry::Oil', 'loading': 0.24396964921494227}, {'asset': 'industry::Chips', 'loading': 0.18512186617874019}]"
60,0.001652787517,0.8219178082,-0.006411663236,-0.01219954946,-0.005787886223,0.003240576052,0.8,0.0002865333596,0.05507772373,0.9449222763,"[{'asset': 'industry::Txtls', 'loading': -0.4648167304612322}, {'asset': 'industry::PerSv', 'loading': 0.4200442556850357}, {'asset': 'industry::Toys', 'loading': 0.3067835051169123}, {'asset': 'industry::Ships', 'loading': 0.28587432613633534}, {'asset': 'industry::Fun', 'loading': -0.25462887712751386}, {'asset': 'industry::Drugs', 'loading': -0.1958308559433201}, {'asset': 'industry::Steel', 'loading': -0.1830596527678906}, {'asset': 'industry::Aero', 'loading': -0.16855572683445436}]"
61,0.00194453356,0.8356164384,-0.02504262282,-0.04050110099,-0.01545847817,0.01359123142,0.6,0.0007652827844,0.07605154223,0.9239484578,"[{'asset': 'industry::Fun', 'loading': -0.36258785798466014}, {'asset': 'industry::Toys', 'loading': -0.3138687778845939}, {'asset': 'industry::Chips', 'loading': 0.30544979533118943}, {'asset': 'industry::Autos', 'loading': 0.3024656309216496}, {'asset': 'industry::Guns', 'loading': -0.263689227042871}, {'asset': 'industry::ElcEq', 'loading': 0.23904149788979373}, {'asset': 'industry::Oil', 'loading': -0.2075208644112322}, {'asset': 'industry::LabEq', 'loading': 0.18258658721722687}]"
62,0.002106787889,0.8493150685,0.01784834409,0.02664311282,0.008794768731,0.002261659853,1,0.0004353911832,0.03131493521,0.9686850648,"[{'asset': 'industry::Toys', 'loading': -0.5515655833233267}, {'asset': 'industry::Fun', 'loading': 0.2975039418669447}, {'asset': 'industry::Smoke', 'loading': 0.25831949498801104}, {'asset': 'industry::Txtls', 'loading': -0.25724404160435105}, {'asset': 'industry::Hardw', 'loading': 0.25036344419726136}, {'asset': 'industry::Ships', 'loading': 0.23332417913832962}, {'asset': 'industry::Agric', 'loading': -0.21009726288761513}, {'asset': 'industry::PerSv', 'loading': 0.19491254975063538}]"
63,0.002362075522,0.8630136986,-0.006441858551,-0.008576937204,-0.002135078653,0.0008849224907,0.8,0.0001056985635,0.1708469616,0.8291530384,"[{'asset': 'industry::Mines', 'loading': 0.33786077725684316}, {'asset': 'industry::Ships', 'loading': 0.303154725524107}, {'asset': 'industry::Autos', 'loading': -0.28300562253084627}, {'asset': 'industry::Hlth', 'loading': 0.246798218064191}, {'asset': 'size_bm::BIG HiBM', 'loading': -0.23845441092913172}, {'asset': 'industry::Steel', 'loading': 0.22268185948985617}, {'asset': 'industry::Hardw', 'loading': -0.21859174603542722}, {'asset': 'industry::Smoke', 'loading': 0.2078118257414808}]"
64,0.00275308134,0.8767123288,-0.01470274323,-0.0167958634,-0.002093120167,0.00120409322,0.8,0.0001036213792,0.08736704773,0.9126329523,"[{'asset': 'industry::Guns', 'loading': 0.4189075288092257}, {'asset': 'industry::Agric', 'loading': -0.2907468962835487}, {'asset': 'industry::Steel', 'loading': 0.265064476928806}, {'asset': 'industry::Hlth', 'loading': 0.25604806134138974}, {'asset': 'industry::Fun', 'loading': -0.25555725171441535}, {'asset': 'industry::Aero', 'loading': 0.24282300972621398}, {'asset': 'industry::Txtls', 'loading': -0.22449311785991335}, {'asset': 'size_bm::BIG HiBM', 'loading': 0.18115113601208058}]"
65,0.002845733415,0.8904109589,-0.01306721032,-0.01444153244,-0.001374322126,0.001564160552,0.8,6.803677898e-05,0.09959802763,0.9004019724,"[{'asset': 'industry::Clths', 'loading': 0.3592444309496572}, {'asset': 'industry::Agric', 'loading': -0.3478685307189562}, {'asset': 'industry::Toys', 'loading': 0.34018290188925254}, {'asset': 'industry::FabPr', 'loading': -0.2942914134032362}, {'asset': 'industry::Cnstr', 'loading': -0.2558314401313718}, {'asset': 'industry::Guns', 'loading': -0.21890804538782777}, {'asset': 'industry::Hardw', 'loading': 0.21658501086521814}, {'asset': 'industry::Ships', 'loading': -0.19667243513624943}]"
66,0.003059153825,0.904109589,0.002196471017,0.002258146475,6.167545754e-05,0.0004650523866,0.6,3.053286705e-06,0.0349284354,0.9650715646,"[{'asset': 'industry::FabPr', 'loading': -0.7226990147529061}, {'asset': 'industry::Toys', 'loading': -0.21811451103959534}, {'asset': 'industry::Coal', 'loading': 0.20754787097227725}, {'asset': 'industry::Cnstr', 'loading': 0.19623731605949904}, {'asset': 'industry::PerSv', 'loading': 0.17365012168915447}, {'asset': 'industry::Clths', 'loading': -0.16905507921714955}, {'asset': 'industry::Hlth', 'loading': 0.1624905808790107}, {'asset': 'industry::Smoke', 'loading': -0.16039823715005566}]"
67,0.003400991046,0.9178082192,-0.008464771798,-0.00782784437,0.0006369274285,0.0003681776906,0.6,3.153153826e-05,0.1116702214,0.8883297786,"[{'asset': 'industry::Agric', 'loading': -0.4831950840626743}, {'asset': 'industry::Ships', 'loading': 0.30831664291911687}, {'asset': 'industry::Txtls', 'loading': 0.2658164337579255}, {'asset': 'industry::Fun', 'loading': 0.22720869277594347}, {'asset': 'industry::Mines', 'loading': 0.22682060329818293}, {'asset': 'size_bm::ME1 BM2', 'loading': -0.18815331438655983}, {'asset': 'industry::Drugs', 'loading': -0.1841812950676953}, {'asset': 'size_bm::SMALL LoBM', 'loading': -0.17627130605684008}]"
68,0.003700732866,0.9315068493,-0.1137515201,-0.09667298488,0.0170785352,0.009080876032,0.8,0.0008454848416,0.09048686271,0.9095131373,"[{'asset': 'industry::Coal', 'loading': 0.40086390215920514}, {'asset': 'industry::Mines', 'loading': -0.35306807030731957}, {'asset': 'industry::Agric', 'loading': -0.3333948400761125}, {'asset': 'industry::Steel', 'loading': -0.23970158519891419}, {'asset': 'industry::Txtls', 'loading': 0.20808944332537938}, {'asset': 'size_bm::BIG HiBM', 'loading': -0.2065260950443245}, {'asset': 'industry::FabPr', 'loading': 0.19243281650136873}, {'asset': 'industry::Fin', 'loading': -0.1771515078410267}]"
69,0.004282051677,0.9452054795,0.02392882523,0.01757559838,-0.00635322685,0.01342341396,0.6,0.0003145209431,0.2539572744,0.7460427256,"[{'asset': 'industry::Fun', 'loading': -0.46512553570852944}, {'asset': 'industry::Oil', 'loading': 0.23371164822802906}, {'asset': 'industry::Softw', 'loading': -0.233080632034736}, {'asset': 'industry::Agric', 'loading': -0.2266956423163023}, {'asset': 'industry::Ships', 'loading': 0.21552638994773063}, {'asset': 'industry::Chips', 'loading': -0.2059137686823487}, {'asset': 'industry::Hardw', 'loading': -0.20288550765418192}, {'asset': 'industry::Smoke', 'loading': 0.18763735173324567}]"
70,0.005960860096,0.9589041096,0.00696618652,0.003675663648,-0.003290522871,0.004808182052,0.6,0.0001628996384,0.2903757322,0.7096242678,"[{'asset': 'industry::Smoke', 'loading': -0.34742106950736956}, {'asset': 'industry::Gold', 'loading': 0.3350382166183128}, {'asset': 'industry::Coal', 'loading': -0.3156402811101118}, {'asset': 'size_bm::SMALL LoBM', 'loading': 0.2556210611709499}, {'asset': 'industry::Mines', 'loading': -0.2313235175946095}, {'asset': 'industry::Soda', 'loading': -0.22292217525147145}, {'asset': 'industry::FabPr', 'loading': 0.2041846898595891}, {'asset': 'size_bm::ME1 BM2', 'loading': 0.20356411772012656}]"
71,0.009912773313,0.9726027397,-0.3971005642,-0.1259981073,0.271102457,0.1813167072,0.8,0.01342111693,0.08215629915,0.9178437008,"[{'asset': 'industry::Gold', 'loading': 0.7459922934910334}, {'asset': 'industry::Coal', 'loading': -0.3233473696206506}, {'asset': 'industry::Smoke', 'loading': 0.1919974199710473}, {'asset': 'industry::Soda', 'loading': 0.14475710747759624}, {'asset': 'industry::Beer', 'loading': 0.13665684939073747}, {'asset': 'industry::FabPr', 'loading': -0.12717211091210331}, {'asset': 'industry::Food', 'loading': 0.12049354917459901}, {'asset': 'industry::Util', 'loading': 0.10644070476815931}]"
72,0.01797674397,0.9863013699,-1.352457072,-0.2366340865,1.115822985,0.7379246204,0.8,0.05523959806,0.024614407,0.975385593,"[{'asset': 'industry::Coal', 'loading': 0.6755390814402898}, {'asset': 'industry::Gold', 'loading': 0.481167462372628}, {'asset': 'industry::Mines', 'loading': 0.27270059622151666}, {'asset': 'industry::FabPr', 'loading': 0.20069169719505725}, {'asset': 'industry::Steel', 'loading': 0.15851472255587543}, {'asset': 'industry::Guns', 'loading': -0.11000934153286064}, {'asset': 'industry::Oil', 'loading': 0.10009909962279011}, {'asset': 'industry::Rtail', 'loading': -0.0908055385607189}]"
73,0.1481518365,1,18.30304131,0.3885865081,-17.9144548,3.878881679,1,0.8868676266,0.362439674,0.637560326,"[{'asset': 'industry::Ships', 'loading': 0.1788239082926085}, {'asset': 'industry::Steel', 'loading': 0.16606054283918434}, {'asset': 'industry::Coal', 'loading': 0.1635413174889405}, {'asset': 'industry::Mines', 'loading': 0.16281150504629072}, {'asset': 'industry::FabPr', 'loading': 0.1558458113110882}, {'asset': 'industry::Mach', 'loading': 0.15201228316092602}, {'asset': 'industry::BldMt', 'loading': 0.15122804495989928}, {'asset': 'industry::Autos', 'loading': 0.14631021847479772}]"
