data_definition,asset_family,asset_label,K,distance_gamma0,distance_gamma1,raw_moment,alpha
Core-92,size_op_25,25 Size–OP,1,11.65242847,4.130981313,0.1143932549,0.1366165446
Core-92,size_op_25,25 Size–OP,2,6.561939516,4.186704122,0.0837272412,0.1323948393
Core-92,size_op_25,25 Size–OP,3,8.131226097,4.2503764,0.09253982385,0.1800866746
Core-92,size_op_25,25 Size–OP,4,3.953734183,4.004643523,0.06227124373,0.1660406556
Core-92,size_op_25,25 Size–OP,5,3.03945184,4.177571678,0.04989455089,0.1602688347
Core-92,size_op_25,25 Size–OP,8,5.690719484,4.228494641,0.07444825473,0.1782759264
Core-92,size_inv_25,25 Size–Inv,1,12.17692901,2.569141126,0.116968389,0.1391999562
Core-92,size_inv_25,25 Size–Inv,2,6.937844122,2.573491463,0.08640395979,0.1354565842
Core-92,size_inv_25,25 Size–Inv,3,8.514056278,2.643990573,0.09519974895,0.1815884853
Core-92,size_inv_25,25 Size–Inv,4,4.176228776,2.45207545,0.06448022419,0.1676508198
Core-92,size_inv_25,25 Size–Inv,5,3.272357937,2.666043286,0.05316457349,0.1621038917
Core-92,size_inv_25,25 Size–Inv,8,6.013055924,2.599703554,0.07769374957,0.1795051172
Core-92,size_mom_25,25 Size–Mom,1,11.10159104,3.608876146,0.1186472756,0.1438563457
Core-92,size_mom_25,25 Size–Mom,2,6.184149765,3.633574806,0.08572451108,0.1376068062
Core-92,size_mom_25,25 Size–Mom,3,7.645224029,3.812003122,0.09466919317,0.1906378994
Core-92,size_mom_25,25 Size–Mom,4,3.793030001,3.545585228,0.06508282738,0.1767111486
Core-92,size_mom_25,25 Size–Mom,5,3.090189513,3.707889866,0.0556406657,0.1705951415
Core-92,size_mom_25,25 Size–Mom,8,5.322776988,3.614731136,0.07664891941,0.1889811744
Core-92,size_accruals_25,25 Size–Accruals,1,12.20427089,3.632170424,0.1177456453,0.1408655888
Core-92,size_accruals_25,25 Size–Accruals,2,6.874639555,3.48524134,0.08539719827,0.1352595661
Core-92,size_accruals_25,25 Size–Accruals,3,8.556900901,3.771488117,0.09564938806,0.1833608501
Core-92,size_accruals_25,25 Size–Accruals,4,4.437434125,3.520989266,0.06519836875,0.1686229151
Core-92,size_accruals_25,25 Size–Accruals,5,3.466883428,3.597480394,0.05470198205,0.1632936723
Core-92,size_accruals_25,25 Size–Accruals,8,6.106561404,3.572371131,0.0774486987,0.1805779473
Core-92,size_beta_25,25 Size–Beta,1,11.13057051,4.745063002,0.1178493654,0.140436632
Core-92,size_beta_25,25 Size–Beta,2,6.288968273,4.804143109,0.08600286767,0.1368748311
Core-92,size_beta_25,25 Size–Beta,3,7.67721332,5.033648412,0.09469997518,0.1857542248
Core-92,size_beta_25,25 Size–Beta,4,3.815354613,4.786473749,0.06404269561,0.1713397335
Core-92,size_beta_25,25 Size–Beta,5,3.235974148,5.03929288,0.05543753086,0.1649092123
Core-92,size_beta_25,25 Size–Beta,8,5.429496729,4.685508063,0.07715306862,0.1841187052
Core-92,size_resvar_25,25 Size–Residual variance,1,11.5655234,3.496170047,0.1195566635,0.1458995221
Core-92,size_resvar_25,25 Size–Residual variance,2,6.574083305,3.578920562,0.08760528447,0.1398051871
Core-92,size_resvar_25,25 Size–Residual variance,3,8.079682861,3.664951402,0.09731788089,0.1903990935
Core-92,size_resvar_25,25 Size–Residual variance,4,4.105137911,3.423655669,0.06696712615,0.1751631348
Core-92,size_resvar_25,25 Size–Residual variance,5,3.408763729,3.584412982,0.05777817089,0.1694878576
Core-92,size_resvar_25,25 Size–Residual variance,8,5.790317624,3.494188634,0.07982159816,0.1877130859
Core-86,size_op_25,25 Size–OP,1,5.971643498,4.019826426,0.08058765263,0.08016019944
Core-86,size_op_25,25 Size–OP,2,2.843190047,4.117384025,0.05141385928,0.1266097012
Core-86,size_op_25,25 Size–OP,3,4.063096347,4.008966668,0.06374783464,0.1508193002
Core-86,size_op_25,25 Size–OP,4,6.050713078,4.13617731,0.07544329279,0.1464597978
Core-86,size_op_25,25 Size–OP,5,7.368465799,4.249287112,0.08688033649,0.1802687034
Core-86,size_op_25,25 Size–OP,8,5.688406329,4.060695944,0.07579394593,0.1482697588
Core-86,size_inv_25,25 Size–Inv,1,6.291984224,2.558040753,0.08307218048,0.08343933893
Core-86,size_inv_25,25 Size–Inv,2,2.998152348,2.57568829,0.05363347556,0.1297335283
Core-86,size_inv_25,25 Size–Inv,3,4.272641888,2.516057935,0.06600249647,0.1534370306
Core-86,size_inv_25,25 Size–Inv,4,6.363056304,2.653187411,0.07830963939,0.1486410058
Core-86,size_inv_25,25 Size–Inv,5,7.780537574,2.808429364,0.08979392656,0.1817790796
Core-86,size_inv_25,25 Size–Inv,8,6.052966932,2.64802324,0.07862210237,0.148875676
Core-86,size_mom_25,25 Size–Mom,1,5.657927291,3.51986219,0.08288584275,0.08325808337
Core-86,size_mom_25,25 Size–Mom,2,2.767177753,3.578091674,0.0541528564,0.1336516008
Core-86,size_mom_25,25 Size–Mom,3,3.894936675,3.438744397,0.06633135377,0.1592955482
Core-86,size_mom_25,25 Size–Mom,4,5.774292317,3.523457912,0.07861952838,0.1541979132
Core-86,size_mom_25,25 Size–Mom,5,6.919119783,3.634689557,0.08874850143,0.1894131595
Core-86,size_mom_25,25 Size–Mom,8,5.549251507,3.533993485,0.07979768915,0.1608637296
Core-86,size_accruals_25,25 Size–Accruals,1,6.426498522,3.410584339,0.08325446584,0.08442601452
Core-86,size_accruals_25,25 Size–Accruals,2,3.379210125,3.550673815,0.05611354138,0.1358623789
Core-86,size_accruals_25,25 Size–Accruals,3,4.68310643,3.336276548,0.06833991708,0.1588727343
Core-86,size_accruals_25,25 Size–Accruals,4,6.641292332,3.390830041,0.08060170585,0.1511727345
Core-86,size_accruals_25,25 Size–Accruals,5,7.628652899,3.468036398,0.08879898292,0.1856897536
Core-86,size_accruals_25,25 Size–Accruals,8,5.591436949,3.225890331,0.07451417247,0.1507205314
Core-86,size_beta_25,25 Size–Beta,1,5.576441812,4.637264156,0.08171398649,0.0816160022
Core-86,size_beta_25,25 Size–Beta,2,2.789812711,4.731763616,0.05274011655,0.1307608158
Core-86,size_beta_25,25 Size–Beta,3,3.821618692,4.465438833,0.06467109941,0.1550490059
Core-86,size_beta_25,25 Size–Beta,4,5.798238461,4.415126749,0.07821638112,0.1508438753
Core-86,size_beta_25,25 Size–Beta,5,6.998912932,4.585090815,0.08919027629,0.1858177596
Core-86,size_beta_25,25 Size–Beta,8,5.515413862,4.677399962,0.0790188307,0.1524664707
Core-86,size_resvar_25,25 Size–Residual variance,1,5.998657402,3.353241324,0.0843413003,0.08693658796
Core-86,size_resvar_25,25 Size–Residual variance,2,3.023920043,3.35546775,0.05641535257,0.1368027403
Core-86,size_resvar_25,25 Size–Residual variance,3,4.148369054,3.137040463,0.06812600231,0.1601282311
Core-86,size_resvar_25,25 Size–Residual variance,4,6.149569148,3.196318363,0.08126069331,0.1539517778
Core-86,size_resvar_25,25 Size–Residual variance,5,7.26689803,3.43812514,0.09097390271,0.1891197154
Core-86,size_resvar_25,25 Size–Residual variance,8,5.756112097,3.347960957,0.08038390445,0.1577671245
