feature,group,group_label,within_group_index,frequency,transformation
baspread,monthly_and_market,Monthly/market,1,Monthly,"Monthly cross-sectional rank scaled to [-1,1]; missing value=0 plus missing indicator"
beta,monthly_and_market,Monthly/market,2,Monthly,"Monthly cross-sectional rank scaled to [-1,1]; missing value=0 plus missing indicator"
betasq,monthly_and_market,Monthly/market,3,Monthly,"Monthly cross-sectional rank scaled to [-1,1]; missing value=0 plus missing indicator"
chmom,monthly_and_market,Monthly/market,4,Monthly,"Monthly cross-sectional rank scaled to [-1,1]; missing value=0 plus missing indicator"
dolvol,monthly_and_market,Monthly/market,5,Monthly,"Monthly cross-sectional rank scaled to [-1,1]; missing value=0 plus missing indicator"
idiovol,monthly_and_market,Monthly/market,6,Monthly,"Monthly cross-sectional rank scaled to [-1,1]; missing value=0 plus missing indicator"
ill,monthly_and_market,Monthly/market,7,Monthly,"Monthly cross-sectional rank scaled to [-1,1]; missing value=0 plus missing indicator"
indmom,monthly_and_market,Monthly/market,8,Monthly,"Monthly cross-sectional rank scaled to [-1,1]; missing value=0 plus missing indicator"
maxret,monthly_and_market,Monthly/market,9,Monthly,"Monthly cross-sectional rank scaled to [-1,1]; missing value=0 plus missing indicator"
mom12m,monthly_and_market,Monthly/market,10,Monthly,"Monthly cross-sectional rank scaled to [-1,1]; missing value=0 plus missing indicator"
mom1m,monthly_and_market,Monthly/market,11,Monthly,"Monthly cross-sectional rank scaled to [-1,1]; missing value=0 plus missing indicator"
mom36m,monthly_and_market,Monthly/market,12,Monthly,"Monthly cross-sectional rank scaled to [-1,1]; missing value=0 plus missing indicator"
mom6m,monthly_and_market,Monthly/market,13,Monthly,"Monthly cross-sectional rank scaled to [-1,1]; missing value=0 plus missing indicator"
mvel1,monthly_and_market,Monthly/market,14,Monthly,"Monthly cross-sectional rank scaled to [-1,1]; missing value=0 plus missing indicator"
pricedelay,monthly_and_market,Monthly/market,15,Monthly,"Monthly cross-sectional rank scaled to [-1,1]; missing value=0 plus missing indicator"
retvol,monthly_and_market,Monthly/market,16,Monthly,"Monthly cross-sectional rank scaled to [-1,1]; missing value=0 plus missing indicator"
std_dolvol,monthly_and_market,Monthly/market,17,Monthly,"Monthly cross-sectional rank scaled to [-1,1]; missing value=0 plus missing indicator"
std_turn,monthly_and_market,Monthly/market,18,Monthly,"Monthly cross-sectional rank scaled to [-1,1]; missing value=0 plus missing indicator"
turn,monthly_and_market,Monthly/market,19,Monthly,"Monthly cross-sectional rank scaled to [-1,1]; missing value=0 plus missing indicator"
zerotrade,monthly_and_market,Monthly/market,20,Monthly,"Monthly cross-sectional rank scaled to [-1,1]; missing value=0 plus missing indicator"
cash,quarterly,Quarterly accounting,1,Quarterly,"Monthly cross-sectional rank scaled to [-1,1]; missing value=0 plus missing indicator"
chtx,quarterly,Quarterly accounting,2,Quarterly,"Monthly cross-sectional rank scaled to [-1,1]; missing value=0 plus missing indicator"
cinvest,quarterly,Quarterly accounting,3,Quarterly,"Monthly cross-sectional rank scaled to [-1,1]; missing value=0 plus missing indicator"
nincr,quarterly,Quarterly accounting,4,Quarterly,"Monthly cross-sectional rank scaled to [-1,1]; missing value=0 plus missing indicator"
roaq,quarterly,Quarterly accounting,5,Quarterly,"Monthly cross-sectional rank scaled to [-1,1]; missing value=0 plus missing indicator"
roavol,quarterly,Quarterly accounting,6,Quarterly,"Monthly cross-sectional rank scaled to [-1,1]; missing value=0 plus missing indicator"
roeq,quarterly,Quarterly accounting,7,Quarterly,"Monthly cross-sectional rank scaled to [-1,1]; missing value=0 plus missing indicator"
rsup,quarterly,Quarterly accounting,8,Quarterly,"Monthly cross-sectional rank scaled to [-1,1]; missing value=0 plus missing indicator"
stdacc,quarterly,Quarterly accounting,9,Quarterly,"Monthly cross-sectional rank scaled to [-1,1]; missing value=0 plus missing indicator"
stdcf,quarterly,Quarterly accounting,10,Quarterly,"Monthly cross-sectional rank scaled to [-1,1]; missing value=0 plus missing indicator"
absacc,annual,Annual accounting,1,Annual,"Monthly cross-sectional rank scaled to [-1,1]; missing value=0 plus missing indicator"
acc,annual,Annual accounting,2,Annual,"Monthly cross-sectional rank scaled to [-1,1]; missing value=0 plus missing indicator"
age,annual,Annual accounting,3,Annual,"Monthly cross-sectional rank scaled to [-1,1]; missing value=0 plus missing indicator"
agr,annual,Annual accounting,4,Annual,"Monthly cross-sectional rank scaled to [-1,1]; missing value=0 plus missing indicator"
cashdebt,annual,Annual accounting,5,Annual,"Monthly cross-sectional rank scaled to [-1,1]; missing value=0 plus missing indicator"
chcsho,annual,Annual accounting,6,Annual,"Monthly cross-sectional rank scaled to [-1,1]; missing value=0 plus missing indicator"
chinv,annual,Annual accounting,7,Annual,"Monthly cross-sectional rank scaled to [-1,1]; missing value=0 plus missing indicator"
convind,annual,Annual accounting,8,Annual,"Monthly cross-sectional rank scaled to [-1,1]; missing value=0 plus missing indicator"
currat,annual,Annual accounting,9,Annual,"Monthly cross-sectional rank scaled to [-1,1]; missing value=0 plus missing indicator"
depr,annual,Annual accounting,10,Annual,"Monthly cross-sectional rank scaled to [-1,1]; missing value=0 plus missing indicator"
divi,annual,Annual accounting,11,Annual,"Monthly cross-sectional rank scaled to [-1,1]; missing value=0 plus missing indicator"
divo,annual,Annual accounting,12,Annual,"Monthly cross-sectional rank scaled to [-1,1]; missing value=0 plus missing indicator"
egr,annual,Annual accounting,13,Annual,"Monthly cross-sectional rank scaled to [-1,1]; missing value=0 plus missing indicator"
gma,annual,Annual accounting,14,Annual,"Monthly cross-sectional rank scaled to [-1,1]; missing value=0 plus missing indicator"
grcapx,annual,Annual accounting,15,Annual,"Monthly cross-sectional rank scaled to [-1,1]; missing value=0 plus missing indicator"
grltnoa,annual,Annual accounting,16,Annual,"Monthly cross-sectional rank scaled to [-1,1]; missing value=0 plus missing indicator"
hire,annual,Annual accounting,17,Annual,"Monthly cross-sectional rank scaled to [-1,1]; missing value=0 plus missing indicator"
invest,annual,Annual accounting,18,Annual,"Monthly cross-sectional rank scaled to [-1,1]; missing value=0 plus missing indicator"
lgr,annual,Annual accounting,19,Annual,"Monthly cross-sectional rank scaled to [-1,1]; missing value=0 plus missing indicator"
operprof,annual,Annual accounting,20,Annual,"Monthly cross-sectional rank scaled to [-1,1]; missing value=0 plus missing indicator"
pchcurrat,annual,Annual accounting,21,Annual,"Monthly cross-sectional rank scaled to [-1,1]; missing value=0 plus missing indicator"
pchdepr,annual,Annual accounting,22,Annual,"Monthly cross-sectional rank scaled to [-1,1]; missing value=0 plus missing indicator"
pchgm_pchsale,annual,Annual accounting,23,Annual,"Monthly cross-sectional rank scaled to [-1,1]; missing value=0 plus missing indicator"
pchquick,annual,Annual accounting,24,Annual,"Monthly cross-sectional rank scaled to [-1,1]; missing value=0 plus missing indicator"
pchsale_pchinvt,annual,Annual accounting,25,Annual,"Monthly cross-sectional rank scaled to [-1,1]; missing value=0 plus missing indicator"
pchsale_pchrect,annual,Annual accounting,26,Annual,"Monthly cross-sectional rank scaled to [-1,1]; missing value=0 plus missing indicator"
pchsale_pchxsga,annual,Annual accounting,27,Annual,"Monthly cross-sectional rank scaled to [-1,1]; missing value=0 plus missing indicator"
pchsaleinv,annual,Annual accounting,28,Annual,"Monthly cross-sectional rank scaled to [-1,1]; missing value=0 plus missing indicator"
pctacc,annual,Annual accounting,29,Annual,"Monthly cross-sectional rank scaled to [-1,1]; missing value=0 plus missing indicator"
quick,annual,Annual accounting,30,Annual,"Monthly cross-sectional rank scaled to [-1,1]; missing value=0 plus missing indicator"
rd,annual,Annual accounting,31,Annual,"Monthly cross-sectional rank scaled to [-1,1]; missing value=0 plus missing indicator"
rd_sale,annual,Annual accounting,32,Annual,"Monthly cross-sectional rank scaled to [-1,1]; missing value=0 plus missing indicator"
realestate,annual,Annual accounting,33,Annual,"Monthly cross-sectional rank scaled to [-1,1]; missing value=0 plus missing indicator"
roic,annual,Annual accounting,34,Annual,"Monthly cross-sectional rank scaled to [-1,1]; missing value=0 plus missing indicator"
salecash,annual,Annual accounting,35,Annual,"Monthly cross-sectional rank scaled to [-1,1]; missing value=0 plus missing indicator"
saleinv,annual,Annual accounting,36,Annual,"Monthly cross-sectional rank scaled to [-1,1]; missing value=0 plus missing indicator"
salerec,annual,Annual accounting,37,Annual,"Monthly cross-sectional rank scaled to [-1,1]; missing value=0 plus missing indicator"
secured,annual,Annual accounting,38,Annual,"Monthly cross-sectional rank scaled to [-1,1]; missing value=0 plus missing indicator"
securedind,annual,Annual accounting,39,Annual,"Monthly cross-sectional rank scaled to [-1,1]; missing value=0 plus missing indicator"
sgr,annual,Annual accounting,40,Annual,"Monthly cross-sectional rank scaled to [-1,1]; missing value=0 plus missing indicator"
sin,annual,Annual accounting,41,Annual,"Monthly cross-sectional rank scaled to [-1,1]; missing value=0 plus missing indicator"
tang,annual,Annual accounting,42,Annual,"Monthly cross-sectional rank scaled to [-1,1]; missing value=0 plus missing indicator"
bm,annual,Annual accounting,43,Annual,"Monthly cross-sectional rank scaled to [-1,1]; missing value=0 plus missing indicator"
cashpr,annual,Annual accounting,44,Annual,"Monthly cross-sectional rank scaled to [-1,1]; missing value=0 plus missing indicator"
cfp,annual,Annual accounting,45,Annual,"Monthly cross-sectional rank scaled to [-1,1]; missing value=0 plus missing indicator"
cfp_ia,annual,Annual accounting,46,Annual,"Monthly cross-sectional rank scaled to [-1,1]; missing value=0 plus missing indicator"
chatoia,annual,Annual accounting,47,Annual,"Monthly cross-sectional rank scaled to [-1,1]; missing value=0 plus missing indicator"
chempia,annual,Annual accounting,48,Annual,"Monthly cross-sectional rank scaled to [-1,1]; missing value=0 plus missing indicator"
dy,annual,Annual accounting,49,Annual,"Monthly cross-sectional rank scaled to [-1,1]; missing value=0 plus missing indicator"
ep,annual,Annual accounting,50,Annual,"Monthly cross-sectional rank scaled to [-1,1]; missing value=0 plus missing indicator"
herf,annual,Annual accounting,51,Annual,"Monthly cross-sectional rank scaled to [-1,1]; missing value=0 plus missing indicator"
lev,annual,Annual accounting,52,Annual,"Monthly cross-sectional rank scaled to [-1,1]; missing value=0 plus missing indicator"
mve_ia,annual,Annual accounting,53,Annual,"Monthly cross-sectional rank scaled to [-1,1]; missing value=0 plus missing indicator"
orgcap,annual,Annual accounting,54,Annual,"Monthly cross-sectional rank scaled to [-1,1]; missing value=0 plus missing indicator"
rd_mve,annual,Annual accounting,55,Annual,"Monthly cross-sectional rank scaled to [-1,1]; missing value=0 plus missing indicator"
sp,annual,Annual accounting,56,Annual,"Monthly cross-sectional rank scaled to [-1,1]; missing value=0 plus missing indicator"
