data_definition,period,asset_family,asset_label,best_K_gamma0,best_K_gamma1,A_raw,A_hedged,market_attenuation,completion_raw,completion_alpha
Core-92,2010_2014,size_op_25,25 Size–OP,5,4,8.607118036,0.09958489428,8.507533141,-0.0707693354,-0.08766508653
Core-92,2010_2014,size_inv_25,25 Size–Inv,5,4,9.034528273,0.5638919041,8.470636369,-0.07121071267,-0.09301013688
Core-92,2010_2014,size_mom_25,25 Size–Mom,5,4,8.611128374,4.886884401,3.724243973,-0.07106114399,-0.08870001593
Core-92,2010_2014,size_accruals_25,25 Size–Accruals,5,4,9.043332506,-1.164191526,7.87914098,-0.07053468458,-0.08733959341
Core-92,2010_2014,size_beta_25,25 Size–Beta,4,4,7.661211212,-1.587383562,6.073827649,-0.07278846817,-0.07683173333
Core-92,2010_2014,size_resvar_25,25 Size–Residual variance,4,8,8.027340697,4.602691442,3.424649255,-0.06795293226,-0.0897190589
Core-92,2015_2019,size_op_25,25 Size–OP,5,1,8.345039153,-4.712843213,3.632195941,-0.04834030838,-0.07638525913
Core-92,2015_2019,size_inv_25,25 Size–Inv,5,1,9.016698562,-5.816893468,3.199805094,-0.04959520193,-0.08272047966
Core-92,2015_2019,size_mom_25,25 Size–Mom,5,1,7.602781247,-5.565110568,2.037670678,-0.05197925391,-0.08480487459
Core-92,2015_2019,size_accruals_25,25 Size–Accruals,5,1,8.345174345,-7.495066323,0.8501080224,-0.05018742213,-0.07411126625
Core-92,2015_2019,size_beta_25,25 Size–Beta,5,1,8.673994411,-6.513049429,2.160944982,-0.04861696901,-0.08040299611
Core-92,2015_2019,size_resvar_25,25 Size–Residual variance,5,1,8.56748119,-5.073579784,3.493901406,-0.05162309942,-0.08744444318
Core-86,2010_2014,size_op_25,25 Size–OP,2,3,-5.28281721,0.3754653655,4.907351844,-0.03415178065,-0.0268457684
Core-86,2010_2014,size_inv_25,25 Size–Inv,2,3,-5.58651992,-0.6446574505,4.94186247,-0.0334005389,-0.02960662677
Core-86,2010_2014,size_mom_25,25 Size–Mom,2,5,-5.504181832,-2.087817137,3.416364695,-0.03295644261,-0.02486770703
Core-86,2010_2014,size_accruals_25,25 Size–Accruals,2,3,-4.903530963,0.7537237949,4.149807168,-0.03292374986,-0.02244767614
Core-86,2010_2014,size_beta_25,25 Size–Beta,2,3,-5.029629865,1.017745322,4.011884543,-0.03304402441,-0.01226240624
Core-86,2010_2014,size_resvar_25,25 Size–Residual variance,2,2,-5.204755799,1.005255904,4.199499895,-0.03044834367,-0.0251409941
Core-86,2015_2019,size_op_25,25 Size–OP,2,1,1.733218711,-2.119494423,-0.3862757113,-0.02013556951,-0.03775144599
Core-86,2015_2019,size_inv_25,25 Size–Inv,2,1,1.889580388,-2.650656726,-0.761076338,-0.02049167241,-0.04398341333
Core-86,2015_2019,size_mom_25,25 Size–Mom,2,3,1.488156703,-4.202623705,-2.714467002,-0.01968338039,-0.03906154012
Core-86,2015_2019,size_accruals_25,25 Size–Accruals,2,4,1.92007043,-3.581357282,-1.661286852,-0.01931320321,-0.03916717011
Core-86,2015_2019,size_beta_25,25 Size–Beta,2,8,1.55349985,-3.010227861,-1.456728011,-0.01929127551,-0.03508036468
Core-86,2015_2019,size_resvar_25,25 Size–Residual variance,2,3,1.798445507,-2.362139604,-0.5636940977,-0.01930241783,-0.04071469431
