dgp,true_intrinsic_dimension,seed,normalization,n,ambient_dimension,active_spectral_rank,total_variance,entropy_effective_rank,participation_rank,stable_rank,top_eigenvalue_share,pca90_rank,pca95_rank,collapsed,twonn_dimension,mle10_dimension,mle20_dimension,curvature_proxy_radians
plane3,3,17,raw_centered,256,32,3,3.2817191927954137,2.9649172814234794,2.929972462440329,2.483719707565354,0.40262192104609174,3,3,False,2.8045425520821072,2.8024153054255017,2.9371921741716296,1.7987292724647335e-08
plane3,3,17,feature_zscore,256,32,3,32.0,2.9357529953991177,2.877370984891046,2.404079055611524,0.4159596988567544,3,3,False,2.8197838123685344,2.768736901832372,2.924403045758373,1.0536712127723509e-08
plane3,3,17,row_l2_centered,256,32,3,1.003117919369061,2.976332055292238,2.9521363460821655,2.5470370321779074,0.39261305876849584,3,3,False,1.854462792942248,1.9273887175792206,1.9558828103742787,2.1073424255447017e-08
plane3,3,41,raw_centered,256,32,3,2.9594346846993966,2.976320235874592,2.952017826566663,2.543728500784714,0.3931237157155374,3,3,False,3.0300767367685655,2.722332284909723,2.7785597796514288,1.7987292724647335e-08
plane3,3,41,feature_zscore,256,32,3,31.999999999999993,2.977579355378666,2.9559584733171067,2.617338973417121,0.38206743954697986,3,3,False,2.9773901258470987,2.742251208275049,2.7790654419958023,2.9802322387695312e-08
plane3,3,41,row_l2_centered,256,32,3,1.0018862109054438,2.9971536838491812,2.9942935049521386,2.837263536373598,0.35245227916971494,3,3,False,2.2680183151726943,1.8074010256965698,1.8855310536528265,2.1073424255447017e-08
plane3,3,73,raw_centered,256,32,3,2.913975600011557,2.9918222003069634,2.983730772447819,2.750824645499954,0.3635273522926624,3,3,False,2.840029142666939,2.726659441825497,2.9676144916347136,2.7196716814286148e-08
plane3,3,73,feature_zscore,256,32,3,32.0,2.9377956991008567,2.8843364970483285,2.5006348049033194,0.39989845699946674,3,3,False,2.8620395646632066,2.8000174482794637,2.9309800118750924,1.4901161193847656e-08
plane3,3,73,row_l2_centered,256,32,3,1.0031022535108887,2.9949846807213554,2.9900253743386096,2.808069555072357,0.356116535003077,3,3,False,1.9563080924186416,1.8410783194652205,1.9568554738952895,2.580956827951785e-08
plane3,3,101,raw_centered,256,32,3,3.1102822591824113,2.9778327984384787,2.956988449042464,2.65943048753629,0.3760203564961027,3,3,False,3.0202693822353246,2.731115958412789,2.9100159497121973,2.3441496267482434e-08
plane3,3,101,feature_zscore,256,32,3,32.0,2.9254767175408674,2.8634993762381584,2.4856564632795974,0.40230820902764297,3,3,False,2.971488677743614,2.7913423347281023,2.873593388860362,2.9802322387695312e-08
plane3,3,101,row_l2_centered,256,32,3,1.001459729068866,2.9955193796127304,2.9911695621168026,2.86576340946633,0.3489471589653043,3,3,False,1.8906737113388317,1.8312542400315368,1.8920962176134113,7.450580596923828e-09
plane3,3,149,raw_centered,256,32,3,2.9620689086935705,2.990322760189531,2.98057178997068,2.707935678635611,0.36928498999793397,3,3,False,3.2772008393315937,2.8799921450951005,2.903838698843641,3.15611658804103e-08
plane3,3,149,feature_zscore,256,32,3,31.999999999999993,2.9319256149519304,2.8643203688415153,2.3056943871813673,0.43370882349350115,3,3,False,3.381814194455444,2.850659069947775,2.8574138270560825,2.7805945333606583e-08
plane3,3,149,row_l2_centered,256,32,3,1.0004295717551512,2.991442700145344,2.9829625805859137,2.7429481294937745,0.36457123969914634,3,3,False,2.2199459201582594,1.8380159302104149,1.9207095537944991,2.3441496267482434e-08
plane3,3,17,raw_centered,512,32,3,2.98792089770045,2.9838174642986157,2.967439115548112,2.6256327055781776,0.3808605818610851,3,3,False,3.00181961186074,2.859018608219408,2.9946453873678527,2.7805945333606583e-08
plane3,3,17,feature_zscore,512,32,3,32.0,2.975674334772998,2.951513912491721,2.567483972321926,0.38948636516536517,3,3,False,3.0100944265859417,2.8621253160237696,3.0263795779874787,2.3441496267482434e-08
plane3,3,17,row_l2_centered,512,32,3,0.9985470590548478,2.9901136838850015,2.9800374646398384,2.6940822599818257,0.37118391478022134,3,3,False,2.0036054351079686,1.8062008315152658,1.9222001082774076,2.580956827951785e-08
plane3,3,41,raw_centered,512,32,3,3.146935644641662,2.9883079250857776,2.9764485257720303,2.674875215897333,0.37384921511732383,3,3,False,3.3103273861581894,2.908834393328011,2.975949481352319,1.7987292724647335e-08
plane3,3,41,feature_zscore,512,32,3,32.00000000000001,2.9714128687774894,2.945600213887796,2.7193834600619997,0.36773041194315453,3,3,False,3.2927017509321552,2.9659599047753975,2.997254466612566,2.9802322387695312e-08
plane3,3,41,row_l2_centered,512,32,3,0.9998379391530525,2.9943260428633023,2.988596487094673,2.769691752595045,0.36105100831637904,3,3,False,2.2130929508394117,1.8477900213973553,1.939901192596448,2.1073424255447017e-08
plane3,3,73,raw_centered,512,32,3,3.0164732140140007,2.9800858350913835,2.9603762949275425,2.6105447967304363,0.38306180428408854,3,3,False,3.135776097837904,2.9221938876872273,2.908968710128575,2.580956827951785e-08
plane3,3,73,feature_zscore,512,32,3,31.999999999999993,2.981949173801799,2.9643700551201437,2.6476870759102384,0.37768813735520984,3,3,False,3.1383249192419216,2.9255394303798563,2.882656531197119,1.4901161193847656e-08
plane3,3,73,row_l2_centered,512,32,3,1.0016586838439265,2.9931412792466427,2.986314957347232,2.7648989885426962,0.36167686564458296,3,3,False,2.019373651268501,1.837626177847416,1.9414941439845148,1.4901161193847656e-08
plane3,3,101,raw_centered,512,32,3,2.989294735810824,2.9930486995098824,2.986005309961229,2.7438202547032047,0.3644553604726446,3,3,False,3.1038442252184133,2.817833084507752,2.9672875884855063,2.9564788826321568e-08
plane3,3,101,feature_zscore,512,32,3,32.000000000000014,2.9511356880522106,2.9013717666890217,2.382121964431146,0.4197937867714516,3,3,False,3.141782009550067,2.88805825801229,2.9512454914586654,2.1073424255447017e-08
plane3,3,101,row_l2_centered,512,32,3,0.9999812311404928,2.9965893663391205,2.993197933829588,2.8359991350631852,0.35260941642625726,3,3,False,2.0299158199920093,1.8324201261068978,1.9271024625177757,2.7805945333606583e-08
plane3,3,149,raw_centered,512,32,3,2.931963906507658,2.982994015155392,2.966519214823009,2.6658426278276224,0.3751159162815599,3,3,False,3.2310638228940505,2.8409374373583205,3.019023223162224,2.9802322387695312e-08
plane3,3,149,feature_zscore,512,32,3,31.999999999999996,2.9403077255508787,2.8879409523522583,2.478573131518995,0.4034579360533733,3,3,False,3.2197750455742162,2.86123978753748,2.9549274511416606,1.7987292724647335e-08
plane3,3,149,row_l2_centered,512,32,3,1.0006889938499963,2.9835534553917227,2.9678346377773264,2.6936446126856315,0.3712442225268072,3,3,False,1.930230833799609,1.8342355684889018,1.9631431841644837,1.7987292724647335e-08
plane3,3,17,raw_centered,1024,32,3,3.010070172771313,2.991751690233119,2.9837938698457904,2.7947294728398155,0.35781638606468325,3,3,False,2.927230363874553,2.8255073548863363,2.9250802540113856,2.3441496267482434e-08
plane3,3,17,feature_zscore,1024,32,3,31.999999999999996,2.980387246100876,2.9602136717383356,2.577765404585602,0.38793289653941904,3,3,False,2.9375975980811706,2.8561297677367343,2.9309689807449253,2.580956827951785e-08
plane3,3,17,row_l2_centered,1024,32,3,1.00026962263345,2.9991395947881694,2.9982875668172597,2.932014834625631,0.3410623944294208,3,3,False,1.9915999842365728,1.8707030955460597,1.9774899639975008,1.7987292724647335e-08
plane3,3,41,raw_centered,1024,32,3,2.9331694687061978,2.9938157502349525,2.987816187848426,2.8219917152606127,0.35435965123223245,3,3,False,2.8508621816239237,2.8161394694767936,2.935817586875677,2.3441496267482434e-08
plane3,3,41,feature_zscore,1024,32,3,32.0,2.9609138872654097,2.92290314536541,2.4792681350816315,0.40334483626438183,3,3,False,2.861714679957524,2.7783836783871756,2.921177156737525,2.7805945333606583e-08
plane3,3,41,row_l2_centered,1024,32,3,1.0009611169254753,2.998998905842691,2.9980006145639475,2.9101721555700157,0.3436222829931275,3,3,False,2.0248149589504076,1.847368536304612,1.929569249331213,0.0
plane3,3,73,raw_centered,1024,32,3,3.0459378658087415,2.9899209894134597,2.9797163167840606,2.697660740788446,0.37069153466189,3,3,False,3.0524722912954227,2.7982823955827842,2.952290745073879,2.0355364736682755e-08
plane3,3,73,feature_zscore,1024,32,3,32.000000000000014,2.980035321745288,2.961017298967207,2.6596480168660492,0.3759896022550882,3,3,False,3.03519676582608,2.8069609253533043,2.9469405441847005,1.4901161193847656e-08
plane3,3,73,row_l2_centered,1024,32,3,0.9987979048141293,2.998176730695144,2.996331874111202,2.860686114875894,0.34956648854269123,3,3,False,1.942734063495098,1.8580297696823163,1.9069358294106293,1.7987292724647335e-08
plane3,3,101,raw_centered,1024,32,3,3.113169238947138,2.998275117978575,2.9965687600409487,2.8950077792980586,0.3454222151494412,3,3,False,3.015536727534197,2.8040417955382027,2.922779917506675,2.3441496267482434e-08
plane3,3,101,feature_zscore,1024,32,3,32.0,2.9875046397167093,2.9754007874848343,2.7202388507445963,0.36761477755024174,3,3,False,3.0156195683026645,2.8123049978061134,2.9207024245662625,2.580956827951785e-08
plane3,3,101,row_l2_centered,1024,32,3,1.0004171680632323,2.999592887923703,2.9991828236970624,2.9315792315132865,0.3411130728620281,3,3,False,2.009439602024286,1.8599768956524017,1.9416531014304361,2.3441496267482434e-08
plane3,3,149,raw_centered,1024,32,3,2.919750141291141,2.997042350509527,2.9940558872494503,2.8290822774406217,0.35347151547132355,3,3,False,2.9446353801527065,2.8573446324827723,2.9601036841179282,2.7805945333606583e-08
plane3,3,149,feature_zscore,1024,32,3,31.999999999999993,2.964655069556567,2.9313539088378953,2.540313970270191,0.3936521279271785,3,3,False,2.952644065290391,2.8607924337190185,2.9939933758968964,3.15611658804103e-08
plane3,3,149,row_l2_centered,1024,32,3,0.9990655574435563,2.997832288093693,2.995687545840503,2.879212199166664,0.347317228056144,3,3,False,1.923246433108589,1.8338897321079066,1.9259509435197835,2.580956827951785e-08
plane8,8,17,raw_centered,256,32,8,8.256843684885409,7.889354240618122,7.780423338051071,6.193770638703492,0.16145253971001494,7,8,False,7.093650464070841,6.630356831180762,6.535067836324513,1.2923756350411195
plane8,8,17,feature_zscore,256,32,8,31.999999999999993,7.800566651714264,7.627711168964808,6.013583344867526,0.16629020380227708,7,8,False,6.92143245558611,6.534122485855489,6.3996615036178754,1.1079242644591654
plane8,8,17,row_l2_centered,256,32,8,0.999237862948408,7.875394196889309,7.750709638631029,5.991264189681276,0.16690968188688704,7,8,False,6.247208344776432,5.816791471879549,5.88397183678434,1.0916587566790215
plane8,8,41,raw_centered,256,32,8,7.596616506605736,7.8950040903956795,7.793465808901949,6.361185843207365,0.15720339330564054,7,8,False,7.463112769948298,6.473999422219315,6.2814957047351285,1.3109567392540518
plane8,8,41,feature_zscore,256,32,8,31.99999999999999,7.830834025467514,7.672318679930132,5.956164200745088,0.1678932894218908,7,8,False,7.802990149138353,6.4956023361685995,6.379552391910078,1.0594429752179644
plane8,8,41,row_l2_centered,256,32,8,0.9982985997005436,7.897456153242892,7.798211239764708,6.274407480729555,0.1593775990914325,7,8,False,6.719350279677348,6.037529932209674,5.730842447720368,1.1845593536789196
plane8,8,73,raw_centered,256,32,8,8.185726614793104,7.842337291425316,7.693296434994342,5.986277017899887,0.16704873446548607,7,8,False,7.802268005152506,6.6275044143730515,6.630781169467037,1.0985625642460835
plane8,8,73,feature_zscore,256,32,8,31.999999999999996,7.817050127984085,7.6477719735318415,5.829291816716248,0.17154742487455693,7,8,False,7.713128704406484,6.639546900422508,6.65089455960911,1.4135521531398103
plane8,8,73,row_l2_centered,256,32,8,0.999979901402335,7.908142295950928,7.821722661916767,6.552926313061621,0.1526035777339278,7,8,False,7.177869857403239,6.040978979629077,6.136200850357168,1.1076768717231413
plane8,8,101,raw_centered,256,32,8,7.8849112555420255,7.8364795403360565,7.68383621858161,5.9243658218886495,0.16879443809923378,7,8,False,6.556599764557405,6.694647384530452,6.704759953714928,1.103993910249286
plane8,8,101,feature_zscore,256,32,8,32.0,7.755855034791417,7.5038745381355545,5.1485510103565675,0.1942294051255295,7,8,False,6.780366812547741,6.602548988921872,6.619208546137077,1.2447596680349924
plane8,8,101,row_l2_centered,256,32,8,1.0000284004972215,7.884211348300531,7.776383839721151,6.317491441286494,0.15829067744591357,7,8,False,5.604859511189095,5.843560966377388,5.945753179397487,1.032466161967429
plane8,8,149,raw_centered,256,32,8,8.154582236965378,7.843092177523406,7.695402097055127,6.02928376614295,0.16585717952361684,7,8,False,6.7825858118941955,6.588593867538922,6.566027270126543,1.164733289642504
plane8,8,149,feature_zscore,256,32,8,32.00000000000001,7.668130160606323,7.362994683932509,5.048899141164042,0.19806297809495288,7,8,False,6.960626640017575,6.491170689218661,6.414197087536889,1.274384171865385
plane8,8,149,row_l2_centered,256,32,8,1.0023066961519442,7.870481230601421,7.745851611827255,6.259014160911188,0.1597695698222258,7,8,False,6.039212446415315,5.599347853675494,5.787326329725912,1.106312174558993
plane8,8,17,raw_centered,512,32,8,7.849278930013178,7.930358054298447,7.864056811582402,6.765630915469737,0.14780587538606074,7,8,False,7.805871663929511,6.822016601508597,6.840541427057664,1.0664544473815445
plane8,8,17,feature_zscore,512,32,8,31.999999999999993,7.87311195631537,7.750332401580551,6.093870746608642,0.164099312502898,7,8,False,7.97567026255346,6.742847603540939,6.832860177170029,1.1872237397753276
plane8,8,17,row_l2_centered,512,32,8,0.999942009311342,7.942896545521124,7.887762058929501,6.829281964693649,0.14642827828311206,7,8,False,6.933033380172174,5.765217443912935,6.018496973738447,1.4185836540136485
plane8,8,41,raw_centered,512,32,8,8.100638372572014,7.897289516269381,7.802422265660013,6.324082286114214,0.15812570974854323,7,8,False,7.124167891045898,6.827641621510827,6.983001147372825,1.1020604868351618
plane8,8,41,feature_zscore,512,32,8,31.999999999999993,7.772278320481478,7.572865857568297,5.633163892822222,0.17752013238496397,7,8,False,7.031017229245246,6.719276591242833,6.975801758579742,1.1278658570551428
plane8,8,41,row_l2_centered,512,32,8,1.0006061884817024,7.942600758318668,7.889272687648147,6.746434860540519,0.14822643672866959,7,8,False,6.608819148023803,5.990464035099251,6.260358289532913,1.055128971423397
plane8,8,73,raw_centered,512,32,8,8.074288824158248,7.921228107823538,7.84481186041984,6.524964011735168,0.15325755026410826,7,8,False,7.051373183101079,6.651342613213988,6.86033619135619,1.4049318561231754
plane8,8,73,feature_zscore,512,32,8,32.0,7.771835053180398,7.575694296392445,6.205794457066965,0.16113972303114732,7,8,False,7.111856433356003,6.644426448329604,6.822743695888638,1.2682904753408084
plane8,8,73,row_l2_centered,512,32,8,0.9998400713802121,7.930274629893157,7.862309087320367,6.573895474191833,0.15211680866023136,7,8,False,6.074830166874482,5.723397273890885,6.021522919292293,1.1878444288732557
plane8,8,101,raw_centered,512,32,8,7.596185243260666,7.933890959726835,7.870515057804131,6.756227460983683,0.1480115946028856,7,8,False,7.916034775605936,6.725546849397704,6.988773793840538,1.3091428184799587
plane8,8,101,feature_zscore,512,32,8,32.00000000000001,7.778058277719217,7.564702550737659,5.522716606104001,0.18107030856784265,7,8,False,7.659748188844356,6.744864607287801,6.843432726928852,1.0889185965914525
plane8,8,101,row_l2_centered,512,32,8,0.9995714781406572,7.92868701494435,7.8596936446370425,6.623745863986732,0.15097197575725152,8,8,False,6.550077849186359,6.118670361501586,6.255184688301267,1.2399487792672406
plane8,8,149,raw_centered,512,32,8,7.90171114999656,7.9438085313709585,7.889514945305713,6.749876274417237,0.14815086371139993,8,8,False,7.618547861377208,6.874321458061146,6.961899669778367,1.2166797173244381
plane8,8,149,feature_zscore,512,32,8,32.0,7.859850986720542,7.731592305405672,6.227448027337873,0.16057942123484614,7,8,False,7.822270415222456,6.768416955834508,6.897623857650241,1.1507006050519892
plane8,8,149,row_l2_centered,512,32,8,1.0011994769256674,7.954228113511632,7.909390783448114,6.844782400645261,0.14609668232926287,8,8,False,6.729373666687441,6.0779980237086715,5.942169697286417,1.257936676054045
plane8,8,17,raw_centered,1024,32,8,8.105513072837185,7.971149631938913,7.94311551862934,7.149261347549776,0.1398745900291817,8,8,False,7.818464451857514,7.0856405177071835,7.124385008773195,1.136929065462812
plane8,8,17,feature_zscore,1024,32,8,31.999999999999996,7.776209653840469,7.574534235540824,5.824445615975398,0.17169016004839696,7,8,False,7.788168204080647,6.856924460823507,7.112530640167405,1.255956241954741
plane8,8,17,row_l2_centered,1024,32,8,0.9997163707288126,7.968425958507453,7.937240221540043,7.110594283316471,0.1406352212143916,8,8,False,6.6919234004565995,6.173870277126193,6.289767676609997,1.3660125944667403
plane8,8,41,raw_centered,1024,32,8,7.847283411442609,7.972793721017746,7.945950955008507,7.162625111709539,0.1396136171311254,8,8,False,7.081984858339545,6.928159208111953,7.087027166512405,1.1667452121083097
plane8,8,41,feature_zscore,1024,32,8,31.999999999999986,7.847190678193258,7.700375714169314,5.950975055773751,0.16803968940010608,7,8,False,7.097361995494772,7.026963109353964,7.173821915638759,1.0732317622332417
plane8,8,41,row_l2_centered,1024,32,8,1.0004632657058585,7.976026038254073,7.952480129038074,7.198699020357578,0.13891398948227276,8,8,False,6.184025607948637,5.984515919592189,6.254337619498368,0.9647240628691367
plane8,8,73,raw_centered,1024,32,8,8.114863274140907,7.95291791679509,7.90569274782387,6.672760508959288,0.1498630137642935,8,8,False,8.163218324608208,7.106595611859533,7.206806015383931,1.1447862522667185
plane8,8,73,feature_zscore,1024,32,8,31.999999999999993,7.847622479504437,7.703239012246911,5.942980856019587,0.1682657279616019,7,8,False,8.059056602761853,7.07324409176675,7.132829570530327,1.2593127493728309
plane8,8,73,row_l2_centered,1024,32,8,1.0007253965064447,7.967928433564179,7.9362955566900135,7.054621712419065,0.14175104502621091,8,8,False,6.935090266409149,6.207102875862926,6.318994970815705,1.2286321018513182
plane8,8,101,raw_centered,1024,32,8,8.068501218799545,7.962753290615572,7.926017584173283,6.974249492014505,0.14338460376919365,8,8,False,7.942423276547809,7.0200871041789705,7.110190189799503,1.0977842896029062
plane8,8,101,feature_zscore,1024,32,8,31.999999999999993,7.858122852638361,7.725480525852735,6.205231859162383,0.16115433277862812,7,8,False,7.8639460509804335,7.01353263758179,7.1191894316340125,1.126443314000218
plane8,8,101,row_l2_centered,1024,32,8,1.0000430875924098,7.967696426050031,7.935757760333567,7.0555802774725285,0.14173178685144563,8,8,False,6.583353517010595,6.201938131042868,6.337499965325819,0.9815841424173664
plane8,8,149,raw_centered,1024,32,8,7.802409151378301,7.95946133612165,7.919581501063919,6.859641360815609,0.14578021610755176,8,8,False,7.833778389421428,6.944455101786914,7.123628016884545,1.1858274584056703
plane8,8,149,feature_zscore,1024,32,8,31.999999999999996,7.775489751480713,7.558731236365736,5.557585860130573,0.17993424216328804,7,8,False,7.937951083458064,6.925670155917197,7.127295782603579,1.0112528923629358
plane8,8,149,row_l2_centered,1024,32,8,0.9996075636981532,7.971769492867511,7.943847464328819,7.078116572790457,0.14128052140935038,8,8,False,7.481630002752279,6.040774068168959,6.214506038418284,1.289117122974695
swiss_roll,2,17,raw_centered,256,32,3,91.38479318536662,2.2609997902752266,2.134057789184136,2.027000229185042,0.4933398554187886,2,2,False,2.1593658063024073,1.7046631552508893,1.7427609515212579,2.3441496267482434e-08
swiss_roll,2,17,feature_zscore,256,32,3,32.00000000000001,2.5192627899282063,2.312379379843713,1.8805077499258642,0.5317712729657313,2,3,False,2.006885488629578,1.7094247076289477,1.8331431291022033,2.3441496267482434e-08
swiss_roll,2,17,row_l2_centered,256,32,3,0.8857875017895174,2.306563474014602,2.163343630119663,1.988607428196454,0.5028644597324768,2,2,False,2.112731392383452,1.6934359462867232,1.7430367158848523,7.450580596923828e-09
swiss_roll,2,41,raw_centered,256,32,3,86.70737043795401,2.2583344783920802,2.1293937437511303,1.9703185205380562,0.5075321525815629,2,2,False,1.9570702745392334,1.694774892251803,1.6753395146642989,2.5437873321571163e-08
swiss_roll,2,41,feature_zscore,256,32,3,31.999999999999996,2.487565313478908,2.304355710988587,1.9799896929682637,0.5050531341407486,2,3,False,2.0203508190119335,1.726533881121406,1.7730161043348052,2.5437873321571163e-08
swiss_roll,2,41,row_l2_centered,256,32,3,0.8434036804249946,2.291410929342909,2.1469428817625698,1.9269879183665002,0.5189446132322905,2,2,False,1.8881721759168426,1.731915370527957,1.8123755934443406,2.7805945333606583e-08
swiss_roll,2,73,raw_centered,256,32,3,96.8739261081848,2.227678548391855,2.0823434352431653,1.7975553510024056,0.5563111029890404,2,2,False,2.3225202854607283,1.654641258487534,1.6982521285431122,2.5437873321571163e-08
swiss_roll,2,73,feature_zscore,256,32,3,32.0,2.3883775351643495,2.1763480446070878,1.7697368393382469,0.5650557629652595,2,3,False,2.2090657680320374,1.7196079973895748,1.8089309073772277,1.7987292724647335e-08
swiss_roll,2,73,row_l2_centered,256,32,3,0.8668453279952999,2.2545069474588173,2.1012224592748705,1.8090932545073568,0.5527631024594777,2,2,False,2.2396859255596238,1.7589626597654098,1.7804690532674141,7.450580596923828e-09
swiss_roll,2,101,raw_centered,256,32,3,98.17668634258956,2.240761655923322,2.10052514929474,1.841418131901355,0.5430597117925904,2,2,False,1.8664910801766275,1.674249299503177,1.6675577274929176,1.7987292724647335e-08
swiss_roll,2,101,feature_zscore,256,32,3,32.00000000000001,2.571381114506806,2.390797736682107,2.0589754651550627,0.4856784439268146,2,3,False,1.820891642576825,1.737814899915084,1.820782743310139,2.580956827951785e-08
swiss_roll,2,101,row_l2_centered,256,32,3,0.8430176796554636,2.2648385012135464,2.125192750936124,1.8954141647156464,0.52758917740283,2,2,False,2.024968950415912,1.6851518436345954,1.7827718271205064,2.1073424255447017e-08
swiss_roll,2,149,raw_centered,256,32,3,97.1775231101272,2.222217020438766,2.1064769474194933,1.9700719196842305,0.5075956821719906,2,2,False,2.05159623744397,1.7644432116715763,1.7555293908551493,3.332000937312528e-08
swiss_roll,2,149,feature_zscore,256,32,3,31.999999999999996,2.372743682059124,2.2000822763411954,1.9004572921257241,0.5261891462351501,2,3,False,2.0219959616402607,1.805557638468632,1.8093318421369398,1.7987292724647335e-08
swiss_roll,2,149,row_l2_centered,256,32,3,0.8985574143043287,2.250099850427417,2.119371611911422,1.921378495206593,0.5204596608605617,2,2,False,2.00353866814128,1.8221870174801533,1.828833808128414,7.450580596923828e-09
swiss_roll,2,17,raw_centered,512,32,3,93.38773479083846,2.250182194657519,2.112166393598514,1.8720152024023373,0.5341836961135308,2,2,False,1.8953090899826663,1.7125977219571955,1.7843960623193633,3.15611658804103e-08
swiss_roll,2,17,feature_zscore,512,32,3,31.99999999999999,2.4000969084364296,2.237489255909866,2.0512363058243355,0.48751087193638937,2,3,False,1.902640532373655,1.7416689759940338,1.8052961250518993,2.0355364736682755e-08
swiss_roll,2,17,row_l2_centered,512,32,3,0.859047268508435,2.299384517305276,2.155991285058404,1.9600611121596005,0.5101881741320796,2,2,False,1.9176670566034981,1.7225266291991665,1.8009684045757681,1.7987292724647335e-08
swiss_roll,2,41,raw_centered,512,32,3,97.2323929030863,2.217551973036518,2.0654665304244935,1.759804433699456,0.5682449599799011,2,2,False,2.0078668634995904,1.7152432608375685,1.7714227613814888,2.9564788826321568e-08
swiss_roll,2,41,feature_zscore,512,32,3,31.999999999999996,2.3520795081461356,2.1667581339820026,1.8183398214560633,0.5499522081627376,2,3,False,1.9962833092962036,1.7683690039038993,1.804638822020386,2.7805945333606583e-08
swiss_roll,2,41,row_l2_centered,512,32,3,0.8736252666958388,2.2886053483181064,2.1432540894682677,1.9132472223262131,0.5226716068528533,2,2,False,2.018690395303876,1.7190921105614476,1.773004022427482,7.450580596923828e-09
swiss_roll,2,73,raw_centered,512,32,3,94.32236304385299,2.229886457869676,2.1002685506521703,1.874725204161707,0.5334115089401357,2,2,False,2.0411731916764917,1.7769270787399776,1.7962084366469084,1.7987292724647335e-08
swiss_roll,2,73,feature_zscore,512,32,3,31.999999999999986,2.474700561776606,2.2980610552412184,2.0230731695624273,0.49429749504131437,2,3,False,2.1176810463283013,1.8052915727996897,1.8337961350384768,2.580956827951785e-08
swiss_roll,2,73,row_l2_centered,512,32,3,0.8728683343554471,2.2888369031775704,2.148920141794388,1.961390036730023,0.5098425001011901,2,2,False,1.9952331912925891,1.7706362822291837,1.840627634151513,2.5700701346868115e-08
swiss_roll,2,101,raw_centered,512,32,3,97.6280594929928,2.2354682470075145,2.0950595888521946,1.8308063735021909,0.5462074059132083,2,2,False,2.0950684481239117,1.759228605446793,1.6994710747125676,0.0
swiss_roll,2,101,feature_zscore,512,32,3,31.99999999999999,2.4789848960090515,2.301486846813223,2.019815083945667,0.4950948272187971,2,3,False,2.1870054067660396,1.7227099610446015,1.7667820849012916,1.7987292724647335e-08
swiss_roll,2,101,row_l2_centered,512,32,3,0.8740593963392389,2.2912650129876915,2.1524872862782645,1.9851371616223805,0.5037435293301025,2,2,False,2.143501721361655,1.8017069559906917,1.7760312039537096,1.4901161193847656e-08
swiss_roll,2,149,raw_centered,512,32,3,94.19814758191944,2.229174562192454,2.0834125596330653,1.7983198310528163,0.5560746107184702,2,2,False,2.0861205849710154,1.8057383610461606,1.8221791774205918,1.7987292724647335e-08
swiss_roll,2,149,feature_zscore,512,32,3,32.000000000000014,2.441428987712199,2.271865829717594,2.0551090734686968,0.4865921779578148,2,3,False,2.046960153610314,1.8100686871388536,1.8112046429573478,2.3441496267482434e-08
swiss_roll,2,149,row_l2_centered,512,32,3,0.8511050002027549,2.2568056915977213,2.109470322441101,1.8376972938522156,0.5441592602575918,2,2,False,2.088874097504292,1.7965019654159824,1.8738825702982926,2.9802322387695312e-08
swiss_roll,2,17,raw_centered,1024,32,3,93.34030469916064,2.2328160284648004,2.0994568998805385,1.8601128763745662,0.5376017835804888,2,2,False,2.0013796510307253,1.747013988809305,1.8093854232256006,3.15611658804103e-08
swiss_roll,2,17,feature_zscore,1024,32,3,31.999999999999993,2.6713313957031453,2.4924124065441577,2.045984118981175,0.488762347040095,3,3,False,2.0015567691285727,1.806102790238914,1.8348416913032906,1.7987292724647335e-08
swiss_roll,2,17,row_l2_centered,1024,32,3,0.8602564655735756,2.29447480056435,2.153980530204615,1.975662038814738,0.5061594444563664,2,2,False,1.9894165451272652,1.7863881920214517,1.8753011529825843,1.0536712127723509e-08
swiss_roll,2,41,raw_centered,1024,32,3,93.08295094688529,2.2399498205267223,2.1087371214183426,1.8895642038283393,0.5292225572298398,2,2,False,2.0321004070971758,1.7338381823784579,1.8192552270036386,1.7987292724647335e-08
swiss_roll,2,41,feature_zscore,1024,32,3,32.00000000000001,2.423590090556902,2.250133713868383,1.9742439793501039,0.506523008533721,2,3,False,2.041412955150327,1.750803928630907,1.835728981264326,2.580956827951785e-08
swiss_roll,2,41,row_l2_centered,1024,32,3,0.8637183587941184,2.2861638735779106,2.1494015301433462,1.991182733394822,0.5022140777080126,2,2,False,2.1014957395668112,1.767140779655112,1.8302124941108113,2.7805945333606583e-08
swiss_roll,2,73,raw_centered,1024,32,3,96.66651227696106,2.2257692913673615,2.0854399297219453,1.8139840735239878,0.5512727562471492,2,2,False,1.825364491432735,1.7788332267585725,1.805359124096546,2.9802322387695312e-08
swiss_roll,2,73,feature_zscore,1024,32,3,31.999999999999996,2.544442126026768,2.3630327552866346,2.040544380330555,0.49006530298449397,2,3,False,1.830194119208124,1.8051366281048309,1.8689257502589018,2.1073424255447017e-08
swiss_roll,2,73,row_l2_centered,1024,32,3,0.8603234238928604,2.2994417392841733,2.1535884500172835,1.9370483168193764,0.5162493838264164,2,2,False,1.8241862255238712,1.7687252153148765,1.8230759460737014,2.580956827951785e-08
swiss_roll,2,101,raw_centered,1024,32,3,93.41380406483498,2.2381492916890737,2.108298885956288,1.894023921653772,0.5279764360773477,2,2,False,2.007171645200144,1.8017976315869526,1.8336218873127748,2.1073424255447017e-08
swiss_roll,2,101,feature_zscore,1024,32,3,32.0,2.4591458124603314,2.251886605728491,1.8401232929018503,0.5434418464553064,2,3,False,1.9344519363670185,1.7754357142249324,1.8434237733176524,2.3441496267482434e-08
swiss_roll,2,101,row_l2_centered,1024,32,3,0.8566244971501885,2.2944401072875227,2.1549934719362542,1.9898158429838662,0.5025590702406063,2,2,False,1.9595332827619225,1.8131619351056663,1.8560093962877025,2.3441496267482434e-08
swiss_roll,2,149,raw_centered,1024,32,3,94.22562218344083,2.2437706998482074,2.1127525787469676,1.9009229319429854,0.5260602537830782,2,2,False,2.053138609564518,1.762597084170836,1.8519569983489452,1.4901161193847656e-08
swiss_roll,2,149,feature_zscore,1024,32,3,32.0,2.3680739501535166,2.1713556397885254,1.7965786421881,0.5566135411595865,2,3,False,2.075018645561119,1.8181719020685274,1.879690677776579,3.332000937312528e-08
swiss_roll,2,149,row_l2_centered,1024,32,3,0.848635677836398,2.288449372697928,2.149428153014074,1.9702692910106783,0.5075448338775231,2,2,False,1.9536565351956787,1.7637532405323055,1.8740590386917582,2.3441496267482434e-08
sphere2,2,17,raw_centered,256,32,3,0.9950077834569633,2.9713051070301293,2.942845243541821,2.533692676696889,0.3946808581787728,3,3,False,2.0085851392130225,1.8184984408449436,1.8992165691523366,2.9802322387695312e-08
sphere2,2,17,feature_zscore,256,32,3,32.0,2.968108034023596,2.9376448006107707,2.5492829709147977,0.39226716351584734,3,3,False,2.030182612875178,1.8535182648049875,1.929216553706978,2.0355364736682755e-08
sphere2,2,17,row_l2_centered,256,32,3,0.9950077834569637,2.971305107030129,2.9428452435418224,2.5336926766968895,0.39468085817877274,3,3,False,2.008585139213098,1.8184984408449443,1.8992165691523057,2.1073424255447017e-08
sphere2,2,41,raw_centered,256,32,3,1.0010678338170096,2.992785980461063,2.9856442222529718,2.7657352048914903,0.3615675131268518,3,3,False,1.6423196525203412,1.8455629767203208,1.9061462427483085,1.4901161193847656e-08
sphere2,2,41,feature_zscore,256,32,3,32.0,2.9554232036559487,2.914641330884011,2.514378843282265,0.39771254147787927,3,3,False,1.6272515572878483,1.8688509547352408,1.962350320809803,0.0
sphere2,2,41,row_l2_centered,256,32,3,1.0010678338170096,2.992785980461063,2.985644222252972,2.765735204891491,0.3615675131268517,3,3,False,1.64231965252035,1.8455629767203452,1.906146242748311,0.0
sphere2,2,73,raw_centered,256,32,3,0.9986844988586152,2.9812172712925857,2.963456743939055,2.686497859721526,0.3722318245597474,3,3,False,1.8503130158476433,1.8304357677373786,1.9442601720433994,2.580956827951785e-08
sphere2,2,73,feature_zscore,256,32,3,32.0,2.9715553481849026,2.9445653252387145,2.585538591010662,0.3867666115975897,3,3,False,1.8550355606301918,1.8583636963581118,1.9603317985583606,2.2351741790771484e-08
sphere2,2,73,row_l2_centered,256,32,3,0.9986844988586154,2.9812172712925857,2.963456743939055,2.686497859721526,0.3722318245597474,3,3,False,1.8503130158476762,1.8304357677374115,1.9442601720433952,2.7805945333606583e-08
sphere2,2,101,raw_centered,256,32,3,0.9990019346829888,2.993151701820054,2.9865539402205257,2.8305633521452886,0.3532865636948554,3,3,False,1.9255466355179958,1.8870009240789574,1.9110932330608614,7.450580596923828e-09
sphere2,2,101,feature_zscore,256,32,3,32.0,2.985824390154544,2.9715163724452593,2.650014693508703,0.3773563982303692,3,3,False,1.9399136218377058,1.843256962224538,1.9343471862960893,1.4901161193847656e-08
sphere2,2,101,row_l2_centered,256,32,3,0.9990019346829886,2.993151701820054,2.9865539402205257,2.830563352145289,0.3532865636948554,3,3,False,1.9255466355181434,1.887000924078957,1.9110932330608617,0.0
sphere2,2,149,raw_centered,256,32,3,0.9935962034030639,2.9814598717921386,2.9641819063538146,2.7302522807373637,0.366266519418465,3,3,False,2.1376798093806215,1.9485258163397172,1.9583226870187702,2.580956827951785e-08
sphere2,2,149,feature_zscore,256,32,3,32.0,2.9345556204414036,2.868891853132878,2.3101309354633206,0.43287589662074266,3,3,False,2.147079918744089,1.9438726774616137,1.9253123456973136,2.3441496267482434e-08
sphere2,2,149,row_l2_centered,256,32,3,0.9935962034030634,2.9814598717921386,2.9641819063538146,2.730252280737363,0.3662665194184651,3,3,False,2.1376798093806406,1.9485258163397168,1.9583226870187682,2.3441496267482434e-08
sphere2,2,17,raw_centered,512,32,3,1.0004155301331674,2.995153078576987,2.990286541945052,2.7918549594715687,0.3581847963152341,3,3,False,1.9076713076539717,1.8637892401302008,1.9089723138343118,2.580956827951785e-08
sphere2,2,17,feature_zscore,512,32,3,32.00000000000001,2.9515517299028797,2.903793152353778,2.410321913787756,0.4148823417650993,3,3,False,1.8841794527692313,1.8509557298437884,1.9086263232956013,1.7987292724647335e-08
sphere2,2,17,row_l2_centered,512,32,3,1.0004155301331676,2.995153078576987,2.9902865419450526,2.7918549594715687,0.35818479631523414,3,3,False,1.90767130765412,1.8637892401301992,1.9089723138343202,1.7987292724647335e-08
sphere2,2,41,raw_centered,512,32,3,0.9993944142336347,2.989622694492933,2.9795495549626962,2.7464184116619226,0.36411057971129623,3,3,False,2.0022823925113356,1.8356214567619444,1.8944020486940838,1.4901161193847656e-08
sphere2,2,41,feature_zscore,512,32,3,32.0,2.9868692602245397,2.9741109437265263,2.7071522654488773,0.36939185607064046,3,3,False,2.0086052734519826,1.8314924672241069,1.9136284095326954,2.3441496267482434e-08
sphere2,2,41,row_l2_centered,512,32,3,0.9993944142336353,2.989622694492933,2.979549554962697,2.746418411661923,0.3641105797112962,3,3,False,2.0022823925113915,1.8356214567619533,1.894402048694086,2.9802322387695312e-08
sphere2,2,73,raw_centered,512,32,3,0.998186933205408,2.992094253080049,2.9841319564742537,2.734510913816118,0.36569610856094936,3,3,False,1.9926203976355021,1.7857280907499469,1.9285486106551586,1.7987292724647335e-08
sphere2,2,73,feature_zscore,512,32,3,31.999999999999986,2.964404410009902,2.928208640462477,2.462941012335872,0.40601865614783533,3,3,False,1.9862530231705977,1.7840679333303455,1.9168593354896157,1.7987292724647335e-08
sphere2,2,73,row_l2_centered,512,32,3,0.9981869332054081,2.9920942530800483,2.9841319564742537,2.7345109138161185,0.3656961085609493,3,3,False,1.9926203976355101,1.7857280907499464,1.9285486106551673,2.1073424255447017e-08
sphere2,2,101,raw_centered,512,32,3,0.9986024737381218,2.994779169671206,2.989716641597406,2.8475877827698453,0.35117442420942724,3,3,False,2.0549949427948557,1.8858245221641396,1.8915262639677932,2.1073424255447017e-08
sphere2,2,101,feature_zscore,512,32,3,32.000000000000014,2.9975500592324424,2.9951465247296256,2.8917368983036424,0.3458129266831372,3,3,False,2.0553455377747936,1.8832062613840703,1.892650897904412,2.3441496267482434e-08
sphere2,2,101,row_l2_centered,512,32,3,0.998602473738122,2.994779169671206,2.989716641597406,2.8475877827698453,0.35117442420942724,3,3,False,2.0549949427948055,1.8858245221641439,1.891526263967771,2.580956827951785e-08
sphere2,2,149,raw_centered,512,32,3,1.0017471926440173,2.9915989434299233,2.9831732005670766,2.7313359380601083,0.3661212032051376,3,3,False,2.183068018370597,1.8787367388311438,1.8973650745594457,2.3441496267482434e-08
sphere2,2,149,feature_zscore,512,32,3,32.0,2.9828277935153515,2.966857921671498,2.778763357232679,0.3598723142066628,3,3,False,2.1695323326411162,1.9047472828973848,1.9108128111079012,2.3441496267482434e-08
sphere2,2,149,row_l2_centered,512,32,3,1.001747192644017,2.991598943429924,2.983173200567076,2.7313359380601088,0.3661212032051375,3,3,False,2.183068018369323,1.8787367388311513,1.8973650745594406,2.580956827951785e-08
sphere2,2,17,raw_centered,1024,32,3,1.0005550618424217,2.9966228496508625,2.993332580496708,2.889884212489371,0.34603462508229405,3,3,False,1.9660126161438736,1.8272124694805951,1.9348466036415402,2.3441496267482434e-08
sphere2,2,17,feature_zscore,1024,32,3,32.00000000000001,2.9438475144638407,2.8870971275384107,2.3495613847411594,0.4256113530356499,3,3,False,1.9762081392702087,1.8427167467327892,1.950391335942836,2.0355364736682755e-08
sphere2,2,17,row_l2_centered,1024,32,3,1.0005550618424217,2.9966228496508625,2.9933325804967086,2.8898842124893713,0.346034625082294,3,3,False,1.9660126161440303,1.8272124694805496,1.934846603641538,2.3441496267482434e-08
sphere2,2,41,raw_centered,1024,32,3,1.0008636326557647,2.9962009083170367,2.9923915384250623,2.816046099349499,0.35510782306830774,3,3,False,1.8866488005553275,1.857376865574143,1.9472332769681198,2.0355364736682755e-08
sphere2,2,41,feature_zscore,1024,32,3,31.999999999999986,2.933433218557579,2.86952100639951,2.3393676421799965,0.4274659450568982,3,3,False,1.8757943639389334,1.837467007592895,1.93419877884065,2.9564788826321568e-08
sphere2,2,41,row_l2_centered,1024,32,3,1.0008636326557645,2.9962009083170367,2.992391538425062,2.816046099349499,0.35510782306830774,3,3,False,1.886648800555599,1.85737686557415,1.9472332769681158,7.450580596923828e-09
sphere2,2,73,raw_centered,1024,32,3,1.0006019585738914,2.996941441784615,2.993837761731918,2.821530515219276,0.35441757393939965,3,3,False,1.9470350086547394,1.8343794652842997,1.9586800868614767,2.3441496267482434e-08
sphere2,2,73,feature_zscore,1024,32,3,32.00000000000001,2.9764915270285544,2.9534464933513203,2.588022718031768,0.386395371660615,3,3,False,1.9462552553504997,1.829473267194325,1.926488020951607,2.580956827951785e-08
sphere2,2,73,row_l2_centered,1024,32,3,1.000601958573891,2.996941441784615,2.9938377617319163,2.8215305152192727,0.35441757393940004,3,3,False,1.9470350086544073,1.8343794652842433,1.9586800868615013,2.0355364736682755e-08
sphere2,2,101,raw_centered,1024,32,3,0.9992084483287167,2.996862739885582,2.993703212863416,2.827199505624173,0.35370690961521856,3,3,False,2.077504931304366,1.8307303685013585,1.9146460472638631,2.9802322387695312e-08
sphere2,2,101,feature_zscore,1024,32,3,31.999999999999996,2.9835858695429835,2.9669361414738384,2.621183638678453,0.3815070356933021,3,3,False,2.0725887462002235,1.82804134628094,1.9071066200273932,2.580956827951785e-08
sphere2,2,101,row_l2_centered,1024,32,3,0.9992084483287167,2.996862739885582,2.993703212863416,2.827199505624173,0.35370690961521856,3,3,False,2.0775049313044613,1.8307303685013685,1.914646047263881,2.1073424255447017e-08
sphere2,2,149,raw_centered,1024,32,3,1.0002424272458526,2.9966851281433073,2.9934378031937574,2.8673640864431174,0.34875236274597804,3,3,False,2.0550269213791075,1.8736018539492663,1.9648474999735357,7.450580596923828e-09
sphere2,2,149,feature_zscore,1024,32,3,32.0,2.973377981275886,2.947212098394005,2.5589906479283777,0.3907790756521704,3,3,False,2.0578669061915043,1.863447791503389,1.9631206401530217,1.7987292724647335e-08
sphere2,2,149,row_l2_centered,1024,32,3,1.000242427245852,2.9966851281433073,2.993437803193757,2.8673640864431165,0.34875236274597815,3,3,False,2.0550269213796373,1.8736018539492771,1.9648474999735046,2.0355364736682755e-08
anisotropic_full20,20,17,raw_centered,256,32,20,3.066161954768445,6.577746886374617,4.888236200875868,2.9019632490202882,0.34459430192219115,6,8,False,8.95327009509888,6.673830235938034,6.50969363307366,1.1832204804549544
anisotropic_full20,20,17,feature_zscore,256,32,20,31.999999999999993,7.454325269440088,5.871419479650721,3.6257049408768833,0.27580843347891076,7,8,False,9.004119366179008,6.998103777157528,6.783930803847886,0.9194957795236158
anisotropic_full20,20,17,row_l2_centered,256,32,20,0.9981988750561189,7.588657527506122,5.882966353593577,3.529341747929103,0.2833389542360883,7,8,False,8.649378813971895,6.022855737536176,5.853851234752932,1.1337383033705244
anisotropic_full20,20,41,raw_centered,256,32,20,2.7643605327716654,6.630467576340124,4.933807976397739,3.0048183460667843,0.33279882003814626,6,8,False,9.051185250337364,6.908327528472464,6.481144238549199,0.8739504085289773
anisotropic_full20,20,41,feature_zscore,256,32,20,31.999999999999996,7.738762549855349,5.970309337521537,3.4022513098406755,0.29392302594097003,7,8,False,8.991913526246618,7.348674141200233,7.218416544420119,1.1946808965474314
anisotropic_full20,20,41,row_l2_centered,256,32,20,0.9985775179252119,7.7014807385578266,5.957148828853749,3.7355979371662795,0.26769476180795093,7,9,False,8.787304754795896,6.688884553490653,6.050684210553936,0.9517754401053913
anisotropic_full20,20,73,raw_centered,256,32,20,2.9850890546833786,6.646289537808713,5.034696018216822,3.1236695953554263,0.3201362914588971,6,8,False,9.151686620431487,6.795258883446078,6.581641022856225,1.1197601389517629
anisotropic_full20,20,73,feature_zscore,256,32,20,32.0,7.475076313798115,5.823123812017773,3.607546042159594,0.277196739366178,7,8,False,9.190225254737484,7.131526532617597,6.832503287255523,1.3559633584015982
anisotropic_full20,20,73,row_l2_centered,256,32,20,1.0006150584675122,7.549012732096449,5.853301997723789,3.626949848324522,0.27571376551069554,7,8,False,8.164512779263049,6.31875458450229,6.028087938817909,1.0263049605139631
anisotropic_full20,20,101,raw_centered,256,32,20,2.9247398539657166,6.671046607766455,4.957127719411536,2.9734074949889413,0.33631448151162985,6,8,False,8.293982710831905,6.690905664084944,6.516451476355334,1.0070228776379582
anisotropic_full20,20,101,feature_zscore,256,32,20,32.0,7.645791880412569,5.851835785702748,3.3756665195816535,0.29623779309928105,7,8,False,8.757828492104002,7.08864513245203,6.954576945393065,1.2225160859067041
anisotropic_full20,20,101,row_l2_centered,256,32,20,0.9990343449651375,7.745970651832402,6.015662436597035,3.646956431142564,0.2742012466780985,7,9,False,7.68782663558305,6.263188693081301,6.018075394900507,0.8296433362377955
anisotropic_full20,20,149,raw_centered,256,32,20,2.964230712248708,6.514012993592757,4.901575205094842,3.0221990248143262,0.3308848926855294,6,8,False,8.021913479070856,6.86574692310089,6.355845361759052,0.8975071545272946
anisotropic_full20,20,149,feature_zscore,256,32,20,32.0,7.60238258178877,6.057244034812989,3.7542779130039143,0.2663628061567421,6,8,False,8.182987269839613,7.1738987127880876,7.005060312289414,1.178058000005057
anisotropic_full20,20,149,row_l2_centered,256,32,20,1.0007573796318783,7.531824896921061,5.80956346322409,3.6104467256505615,0.27697403562153694,7,8,False,8.516135621477538,6.2493192800090025,5.711825657364054,0.9368535762442842
anisotropic_full20,20,17,raw_centered,512,32,20,2.9782898709435788,6.6152369617662785,4.9716162210159585,3.0667236946176892,0.3260808926983115,6,8,False,10.186323918060483,7.502008231324201,7.405342221187836,1.2491733193278622
anisotropic_full20,20,17,feature_zscore,512,32,20,32.0,7.52309555311006,5.85982473636261,3.648187703482773,0.27410870308162644,7,8,False,10.306076851476394,7.740426154487174,7.6356105137364025,1.2933792121674363
anisotropic_full20,20,17,row_l2_centered,512,32,20,1.000444918824539,7.637590679659692,5.903369135797847,3.659533602557045,0.27325886536504673,7,8,False,9.57021212253386,6.839464179885521,6.604654565565957,1.0716143921186825
anisotropic_full20,20,41,raw_centered,512,32,20,2.917170259945864,6.559961104486153,4.850143630620632,2.9044595135302886,0.34429813717200974,6,8,False,9.018061548037187,7.264395354508382,7.124325690251117,0.927900507936632
anisotropic_full20,20,41,feature_zscore,512,32,20,32.0,7.19141912117926,5.3665452593477765,3.1852164740405184,0.31395040436026556,7,8,False,9.920265436672194,7.664723374202804,7.487557278946014,1.0929476196873755
anisotropic_full20,20,41,row_l2_centered,512,32,20,0.9983698260021464,7.570123348409195,5.8100299524544585,3.520177101770877,0.28407661634323317,7,8,False,8.486995363588916,6.8397238514874275,6.623668798858052,0.8472891306214911
anisotropic_full20,20,73,raw_centered,512,32,20,2.834607107992933,6.798177884641555,5.171928332553461,3.3253736149223183,0.30071808939380196,6,8,False,10.126900749882887,7.508543610646768,7.334255355872892,0.8928325271469595
anisotropic_full20,20,73,feature_zscore,512,32,20,32.00000000000001,7.810334833252696,6.113322160657194,4.00411368033655,0.24974315911928577,7,9,False,10.480639106975362,8.047300744384994,7.6849269911962255,1.0511088918263822
anisotropic_full20,20,73,row_l2_centered,512,32,20,1.0003420863998613,7.82811204960334,6.096327325717147,3.887738773547173,0.2572189280833804,7,9,False,9.32015450548117,6.915172629718177,6.574192207598919,1.1801078633471507
anisotropic_full20,20,101,raw_centered,512,32,20,2.977037898572808,6.511622442611942,4.797099237906027,2.8580972288069715,0.34988312850973957,6,8,False,9.212511241492102,7.321781319602608,6.935084377760054,0.9166480925698304
anisotropic_full20,20,101,feature_zscore,512,32,20,32.00000000000001,7.271277447968424,5.495493242215907,3.241021136437702,0.3085447326329776,7,8,False,9.762660632833917,7.514418137828964,7.334857226830068,1.1335637981239213
anisotropic_full20,20,101,row_l2_centered,512,32,20,1.0002625928611564,7.656371476040331,5.900662077987748,3.5540709059529,0.28136748716100385,7,9,False,8.345643743619695,6.760995251093908,6.457424225995219,0.9556363535572897
anisotropic_full20,20,149,raw_centered,512,32,20,3.0433221686741354,6.444878981873331,4.7594359871402965,2.9345533838611897,0.34076735679765774,6,8,False,9.42935693992867,7.507698045331394,7.275602603148987,1.3502019215826202
anisotropic_full20,20,149,feature_zscore,512,32,20,31.99999999999999,7.210634014002195,5.355046962441192,3.145606344505279,0.3179037331695342,7,8,False,9.815150092943108,7.883649693670122,7.532747735454131,1.2296478719673503
anisotropic_full20,20,149,row_l2_centered,512,32,20,0.9977102369952923,7.53223118208735,5.745297233780227,3.5301352454458192,0.28327526581030765,7,8,False,8.784623896138047,6.933673800694156,6.419954455057756,0.970240985502457
anisotropic_full20,20,17,raw_centered,1024,32,20,2.9206203040896197,6.583069874187022,4.816774543465429,2.819008240153736,0.3547346849704364,6,8,False,9.973431048029846,7.897628819942993,7.762405298194347,0.944969465472522
anisotropic_full20,20,17,feature_zscore,1024,32,20,31.999999999999996,7.7271123792631995,5.942788404020292,3.4250083212086144,0.2919700935637788,7,8,False,10.467878936512541,8.352333720269165,8.268281345742027,1.091600214371336
anisotropic_full20,20,17,row_l2_centered,1024,32,20,1.00043327484883,7.702241773812677,5.855324800322569,3.417667207685526,0.29259724228012496,7,9,False,9.796537607444616,7.452115041458567,7.205715944462034,1.41428540160428
anisotropic_full20,20,41,raw_centered,1024,32,20,2.947168853545693,6.608380382804126,4.906086081321208,2.9623978738371806,0.3375643794615288,6,8,False,9.798002551667993,8.05749853684137,7.975074378783978,1.0799079559734184
anisotropic_full20,20,41,feature_zscore,1024,32,20,31.999999999999993,7.223574070868841,5.4789791357442486,3.1876588097597858,0.3137098603333139,6,8,False,9.926116987846926,8.257588442903542,8.106597589988002,1.2881987388815799
anisotropic_full20,20,41,row_l2_centered,1024,32,20,1.0000430220198737,7.708123893143116,5.936265862126253,3.618262491713041,0.27637574727934044,7,9,False,9.051597365544332,7.450997234584673,7.277285195687183,1.156791175096752
anisotropic_full20,20,73,raw_centered,1024,32,20,2.9372609324695786,6.599951417825297,4.918444768578892,3.011353133264323,0.33207662992217546,6,8,False,9.539323493236601,7.814460520300639,7.664641194339723,0.9782320778118289
anisotropic_full20,20,73,feature_zscore,1024,32,20,31.99999999999999,7.947635193878628,6.293527311867285,4.118279931638648,0.2428198220129499,7,9,False,9.940806919562775,8.296864428768888,8.063750856168092,1.260907700092278
anisotropic_full20,20,73,row_l2_centered,1024,32,20,0.9986518603045587,7.632886866284361,5.88232147635029,3.589659870893206,0.2785779254765919,7,8,False,9.129153242075237,7.449632441967147,7.037928436957925,1.1299619802656318
anisotropic_full20,20,101,raw_centered,1024,32,20,3.0247708539370595,6.411689580647017,4.658748393096279,2.7494305856299186,0.3637116736922061,6,8,False,9.84115451259032,7.986544231550994,7.8447938617403015,1.0324687633559313
anisotropic_full20,20,101,feature_zscore,1024,32,20,32.0,7.054526088936891,5.277405575056377,3.1160063087988132,0.32092361211729675,7,8,False,9.900502457582657,8.261017720023414,8.102503927843472,1.1926827601719143
anisotropic_full20,20,101,row_l2_centered,1024,32,20,0.9994430771462876,7.6604575117104385,5.829186785627062,3.434798008121335,0.2911379352251781,7,9,False,9.586777936989488,7.459806478386292,7.396089903251043,1.0328393686361528
anisotropic_full20,20,149,raw_centered,1024,32,20,2.9642552898935266,6.574815819016988,4.899815678195737,3.069456174793792,0.3257906101451931,6,8,False,10.464391327745977,7.978231574592633,7.897678359497583,1.1382841413091933
anisotropic_full20,20,149,feature_zscore,1024,32,20,31.99999999999999,7.233757991079796,5.457521612116013,3.4762193772031442,0.28766884120085895,7,9,False,10.798952864034053,8.520540760815944,8.415589137375871,1.331058289772277
anisotropic_full20,20,149,row_l2_centered,1024,32,20,1.000836070972122,7.6665168459108175,5.859021810797085,3.6182413050836026,0.27637736559886356,7,9,False,9.734516038790057,7.52061767831851,7.463020237825944,1.2244371093295823
scale_artifact8,8,17,raw_centered,256,32,8,1.2292724148491687,1.9270476522558635,1.5157269423324538,1.254153713743101,0.7973504276564608,2,3,False,4.424442944468296,3.371918395631788,3.2870206508541835,0.4833362156627359
scale_artifact8,8,17,feature_zscore,256,32,8,32.0,2.564610498679035,2.022346204744191,1.5103077493814168,0.6621167112527724,3,3,False,5.003710135398961,3.6595420093294084,3.5884451105332724,0.5258222009203919
scale_artifact8,8,17,row_l2_centered,256,32,8,1.0011358694774444,2.776817960292496,2.2349264076570012,1.6382694627624292,0.6104001952852205,3,3,False,4.222043839967274,3.1126900911215283,2.957493207347512,0.23411214382961174
scale_artifact8,8,41,raw_centered,256,32,8,1.2800704851114773,2.1353186915119577,1.7531888619810323,1.39499695702743,0.7168474418258798,2,2,False,4.329306042792212,3.2961969479520743,3.1599631796039276,0.23110395691095978
scale_artifact8,8,41,feature_zscore,256,32,8,31.999999999999993,2.9105741327447494,2.5371993265770105,2.0441162222615312,0.4892089740834984,3,3,False,4.549917818217477,3.536792535411543,3.4850053171566113,0.35468699935268433
scale_artifact8,8,41,row_l2_centered,256,32,8,1.002543553179395,2.8117845305369276,2.3153840432991823,1.7305789178565465,0.5778413163836388,3,3,False,4.362463532894305,3.0104424486318653,2.7017760834936,0.43561897289075124
scale_artifact8,8,73,raw_centered,256,32,8,1.0762247793284396,2.0544442198160913,1.6437571885803828,1.3255996819887326,0.7543755581622869,2,3,False,4.200364241791856,3.42629241808129,3.3002177951378884,0.592464614067988
scale_artifact8,8,73,feature_zscore,256,32,8,31.999999999999993,2.7956965346155216,2.2596065764296878,1.6617583621833156,0.601772208738063,3,3,False,4.457496720401957,3.6811415871780904,3.6696686261139373,1.098988867021813
scale_artifact8,8,73,row_l2_centered,256,32,8,0.9995675831312197,2.876445229501079,2.3367505465771234,1.7243094191456123,0.5799423171367326,3,3,False,4.223755238315958,3.106000399134748,2.8876615069606437,0.29935221180674965
scale_artifact8,8,101,raw_centered,256,32,8,1.280822279003559,1.9592129809938288,1.5729215087722646,1.2890431400495792,0.7757692267471653,2,2,False,4.260893109403123,3.137094381288838,3.0689898244467604,0.2995419915146232
scale_artifact8,8,101,feature_zscore,256,32,8,32.000000000000014,2.5370641582829836,2.0279607633610763,1.5360699454470368,0.6510120212715793,2,3,False,4.702591481135476,3.607741846517288,3.499881492001977,0.6934112705842097
scale_artifact8,8,101,row_l2_centered,256,32,8,1.0030232251990734,2.704783334756305,2.199861371689881,1.6372533802245843,0.6107790107984561,3,3,False,4.1525929157899535,2.8895443935026672,2.714976569812424,0.5016717537973673
scale_artifact8,8,149,raw_centered,256,32,8,1.2918838139268463,1.8617227051835055,1.4673140733038827,1.2301475996258446,0.812910581058854,2,2,False,4.069046227521248,3.275296855640514,3.167522565538666,0.3393557839057125
scale_artifact8,8,149,feature_zscore,256,32,8,31.99999999999999,2.5337370540475552,1.9975537120825542,1.4966959809985725,0.6681383612273852,3,3,False,4.156469646269256,3.65359998009693,3.589009320930388,0.5669320159785162
scale_artifact8,8,149,row_l2_centered,256,32,8,1.000308526176114,2.740025388913319,2.194867993254596,1.6216192552154296,0.6166675665596679,3,3,False,4.2313527631294825,3.2069599341527395,2.8777848771843573,0.3009721531684415
scale_artifact8,8,17,raw_centered,512,32,8,1.1351761424166447,2.009916464222169,1.5990373785821501,1.3000772234986968,0.7691850775670499,2,3,False,4.870128744780638,3.7645325833504186,3.5499378956342396,0.7427243398498744
scale_artifact8,8,17,feature_zscore,512,32,8,31.999999999999993,2.6383985695116756,2.1240586756167397,1.5721908214429947,0.6360551062638667,3,3,False,5.16669451004709,3.974829592909075,3.819910058182188,0.4225253255135544
scale_artifact8,8,17,row_l2_centered,512,32,8,1.0011194944717559,2.7256386653045266,2.197025608781544,1.627100465352714,0.6145901997411238,3,3,False,4.504236212964215,3.352009520345911,3.188141287585455,0.4475962322388116
scale_artifact8,8,41,raw_centered,512,32,8,1.346112116561618,1.9777706377514341,1.580254734813496,1.2910685916658418,0.7745521860381706,2,2,False,4.687254030118077,3.580463102933708,3.3863288419932562,0.4299975243782382
scale_artifact8,8,41,feature_zscore,512,32,8,31.99999999999999,2.5330884451249025,2.1157418252380467,1.6222489029147311,0.6164282177681104,2,3,False,5.034647927245051,3.7782353748163633,3.6466283263489694,0.4790748831468905
scale_artifact8,8,41,row_l2_centered,512,32,8,1.0005210156953115,2.7347924146633678,2.2260385364240234,1.6543163903698888,0.6044792917613601,3,3,False,4.533406923619116,3.2807995257965463,3.0465336878958005,0.2786538926071298
scale_artifact8,8,73,raw_centered,512,32,8,1.3335379300025432,1.934921434334605,1.533650459667131,1.264999443774958,0.7905141815840188,2,2,False,4.830157573922487,3.71095790493469,3.5934106535195216,0.3524754253070822
scale_artifact8,8,73,feature_zscore,512,32,8,31.99999999999998,2.576009904824895,2.008203510484877,1.4933806534118343,0.6696216384719876,3,3,False,5.137788782957277,4.03180533036047,3.9050728439816176,0.4616508725639813
scale_artifact8,8,73,row_l2_centered,512,32,8,1.0003348285176705,2.7235184106830994,2.1873891669270598,1.613825159801859,0.6196458110262559,3,3,False,4.23477110221421,3.233447665934841,3.201456293778188,0.272956078030266
scale_artifact8,8,101,raw_centered,512,32,8,1.2317303576752259,2.0261374663909586,1.6240922159652742,1.315403197622168,0.760223178571926,2,2,False,4.677136493615694,3.6750991524112058,3.53858690739327,0.16760484047815943
scale_artifact8,8,101,feature_zscore,512,32,8,31.999999999999996,3.0262174905113013,2.5141615002999678,1.8174580580029822,0.5502190246408202,3,3,False,5.128615720920348,4.0893173917411865,4.020196027092668,0.35434682897596625
scale_artifact8,8,101,row_l2_centered,512,32,8,1.0013313164806812,2.8174317344293835,2.2904218214582985,1.6885289428996109,0.5922314830344331,3,3,False,4.349422924232402,3.30223767860046,3.2392821954191326,0.1764169263466075
scale_artifact8,8,149,raw_centered,512,32,8,1.254582483071141,1.945649034547387,1.5406713500631681,1.2687281503332797,0.7881909136620892,2,2,False,4.673918883653292,3.699442921599284,3.608879054527793,0.3598522555448438
scale_artifact8,8,149,feature_zscore,512,32,8,32.00000000000001,2.6863095409126543,2.1477173122569395,1.5840651041045872,0.631287184730493,3,3,False,4.925840153815839,4.045206127211523,3.9147381876328655,0.5045607120412055
scale_artifact8,8,149,row_l2_centered,512,32,8,1.0010601200446718,2.7725078065071576,2.216268288789462,1.62953460626783,0.6136721467304881,3,3,False,4.215741801661934,3.5686753497856825,3.2791782340495446,0.3582203970093111
scale_artifact8,8,17,raw_centered,1024,32,8,1.3070681029064728,1.924391506243733,1.5330345242684889,1.2664651629770767,0.7895992951352111,2,2,False,4.837301430924312,3.9148582579064692,3.818327067387361,0.5055557936263217
scale_artifact8,8,17,feature_zscore,1024,32,8,32.00000000000001,2.7640772389450476,2.1586622520534857,1.5711926495104158,0.6364591893372212,3,3,False,4.923126732918195,4.209517891233524,4.175853834908973,0.5453732919045413
scale_artifact8,8,17,row_l2_centered,1024,32,8,0.9998922419973527,2.760970959456357,2.217718197556185,1.640345988425513,0.6096274853330489,3,3,False,4.880172091275896,3.7496934695126933,3.5829488149238173,0.3253439019074854
scale_artifact8,8,41,raw_centered,1024,32,8,1.29311353601762,1.9529652258430603,1.5505643799719238,1.2744500712952316,0.7846521590160797,2,2,False,4.955705947712128,3.917318832004521,3.8420150451783135,0.5583484874325173
scale_artifact8,8,41,feature_zscore,1024,32,8,32.0,2.553753510468644,2.1041221562920924,1.5938621740098338,0.627406821183417,2,3,False,5.180491240407244,4.119350969368353,4.038845842242407,0.5580675180691734
scale_artifact8,8,41,row_l2_centered,1024,32,8,1.0005621579810615,2.720085825620596,2.1836351098727533,1.6138245688292334,0.6196460379367386,3,3,False,4.510536165139077,3.599849105201966,3.4828435310603707,0.20820883978179433
scale_artifact8,8,73,raw_centered,1024,32,8,1.4259810456847892,1.906630332406415,1.5221076409200418,1.2608758436916951,0.7930994990530696,2,2,False,4.856872536459294,3.789492253526804,3.7552392294932666,0.47497791609484535
scale_artifact8,8,73,feature_zscore,1024,32,8,32.0,2.9119365090559577,2.344919498911544,1.709985869585723,0.5848001540751148,3,3,False,5.191520961617107,4.300583612056194,4.342180932783925,0.7286883118228645
scale_artifact8,8,73,row_l2_centered,1024,32,8,1.0006349817984168,2.712656474499874,2.177897767011167,1.6138122569296733,0.6196507652646847,3,3,False,4.642455148451798,3.631825339711652,3.4959113138304367,0.3225942434945438
scale_artifact8,8,101,raw_centered,1024,32,8,1.221726226195385,1.9687183566671487,1.561365934058558,1.2800456985978201,0.7812221087851894,2,2,False,4.972720859713335,3.9837557125345864,3.8916544128080712,0.42963191023949365
scale_artifact8,8,101,feature_zscore,1024,32,8,31.999999999999993,2.5369335965256523,2.0692705110850493,1.5683890315843294,0.6375969098622403,2,3,False,5.243502520925275,4.212658347712297,4.10287049646728,0.5571953632850783
scale_artifact8,8,101,row_l2_centered,1024,32,8,1.0006657139040862,2.774792828872583,2.2185464258009837,1.6354235084817794,0.6114624100813708,3,3,False,4.858202007491425,3.6603080442711367,3.490559129155235,0.36999873829435537
scale_artifact8,8,149,raw_centered,1024,32,8,1.2789441830993487,1.9762180528618578,1.5723894270740895,1.286196341731756,0.7774862729383786,2,2,False,4.6923929516931375,3.874098092229403,3.7907240016401986,0.7708334147800178
scale_artifact8,8,149,feature_zscore,1024,32,8,31.999999999999986,2.903516400881917,2.42471034476845,1.810569452296914,0.5523124223328665,3,3,False,5.176162387622927,4.3196548936120935,4.242948270573914,0.5894101968272195
scale_artifact8,8,149,row_l2_centered,1024,32,8,1.000391867915889,2.763774877863162,2.2149882339492004,1.634798008486002,0.61169636542811,3,3,False,4.235045145799071,3.5456628232245277,3.470745929129852,0.40088785509927194
near_collapse,0,17,raw_centered,256,32,0,0.0,0.0,0.0,0.0,1.0,0,0,True,22.11748139618984,16.643445471952873,16.546391782784454,1.4012624605654764
near_collapse,0,17,feature_zscore,256,32,32,32.00000000000006,30.263222837849632,28.783585189968115,18.771866246480137,0.053271208460027634,27,29,False,22.112192518108955,16.73547776027691,16.502055849944647,1.4252044818063723
near_collapse,0,17,row_l2_centered,256,32,0,0.0,0.0,0.0,0.0,1.0,0,0,True,21.28435845269278,16.829823194760962,16.300157472111977,1.3491484094663542
near_collapse,0,41,raw_centered,256,32,0,0.0,0.0,0.0,0.0,1.0,0,0,True,21.49027081421185,16.497321315368765,16.176889334276716,1.3341269279407122
near_collapse,0,41,feature_zscore,256,32,32,32.00000000000006,30.225240426878454,28.752411234042047,19.20004225593779,0.05208321870701825,27,29,False,21.82399723990653,16.254641835348092,16.11432931334367,1.2823868630473716
near_collapse,0,41,row_l2_centered,256,32,0,0.0,0.0,0.0,0.0,1.0,0,0,True,21.388403657324762,16.56471193636251,15.91873013661138,1.3207590603789048
near_collapse,0,73,raw_centered,256,32,0,0.0,0.0,0.0,0.0,1.0,0,0,True,20.983047950940783,17.508013459951016,16.50362117813407,1.3401664179892454
near_collapse,0,73,feature_zscore,256,32,32,32.00000000000006,29.9727092681593,28.306372903820478,17.820534887106426,0.05611503842814075,26,29,False,20.59464572772578,17.557193286415632,16.55335322561924,1.2706882713420689
near_collapse,0,73,row_l2_centered,256,32,0,0.0,0.0,0.0,0.0,1.0,0,0,True,21.26264973267445,16.9136002077091,16.48610440900501,1.4094027608512167
near_collapse,0,101,raw_centered,256,32,0,0.0,0.0,0.0,0.0,1.0,0,0,True,23.06111981874564,17.311725722704903,17.205551236391045,1.2647061919535634
near_collapse,0,101,feature_zscore,256,32,32,32.000000000000064,30.17720671373126,28.609143107620557,18.021913056801623,0.05548800489982342,27,29,False,23.468755695289765,17.3872816093905,17.146828862518706,1.3818360240651009
near_collapse,0,101,row_l2_centered,256,32,0,0.0,0.0,0.0,0.0,1.0,0,0,True,22.77390733758718,16.625002952954098,16.386306870458316,1.4049552924542354
near_collapse,0,149,raw_centered,256,32,0,0.0,0.0,0.0,0.0,1.0,0,0,True,21.160537831720642,17.255004595491663,16.630751011997457,1.4323945866660113
near_collapse,0,149,feature_zscore,256,32,32,32.00000000000007,30.102840727234152,28.556952292849317,18.664626968875712,0.053577282935659776,27,29,False,21.27574058321461,17.258659547811426,16.34742106253324,1.2981389293522725
near_collapse,0,149,row_l2_centered,256,32,0,0.0,0.0,0.0,0.0,1.0,0,0,True,20.62235082735162,16.929964752241304,16.053201747570156,1.4112541647936512
near_collapse,0,17,raw_centered,512,32,0,0.0,0.0,0.0,0.0,1.0,0,0,True,21.80587477159834,17.72490263225967,17.76255324414256,1.338446536954645
near_collapse,0,17,feature_zscore,512,32,32,32.000000000000064,31.097280720540383,30.25818330567676,21.618456478615602,0.04625677142996649,28,30,False,22.020514721604965,18.043010290795753,18.136844566591996,1.4625310822819504
near_collapse,0,17,row_l2_centered,512,32,0,0.0,0.0,0.0,0.0,1.0,0,0,True,21.262262147618937,18.07062168663451,17.5644906948042,1.4004242054917588
near_collapse,0,41,raw_centered,512,32,0,0.0,0.0,0.0,0.0,1.0,0,0,True,20.37388170538292,18.27206103489183,17.948852792419146,1.3920948663461215
near_collapse,0,41,feature_zscore,512,32,32,32.00000000000037,31.046523785926134,30.17912351921827,21.347662137847532,0.046843536942955816,28,30,False,20.45647875494169,18.334396152497163,17.85781289498067,1.3648658898253045
near_collapse,0,41,row_l2_centered,512,32,0,0.0,0.0,0.0,0.0,1.0,0,0,True,19.871452423628796,18.114695546264805,17.57351385720419,1.426752945367021
near_collapse,0,73,raw_centered,512,32,0,0.0,0.0,0.0,0.0,1.0,0,0,True,20.506777097782926,17.98220277073142,17.568840255757735,1.4535415158996805
near_collapse,0,73,feature_zscore,512,32,32,32.00000000000006,31.031308302983643,30.15057749005649,21.81246323129963,0.04584534948648337,28,30,False,20.463682245904238,18.11378577684842,17.629246556328564,1.364347032466156
near_collapse,0,73,row_l2_centered,512,32,0,0.0,0.0,0.0,0.0,1.0,0,0,True,19.35650132473474,17.635644876707467,17.51492499616166,1.3230577030363255
near_collapse,0,101,raw_centered,512,32,0,0.0,0.0,0.0,0.0,1.0,0,0,True,22.60159615817605,17.79989130072007,17.845186756597315,1.2815635875312035
near_collapse,0,101,feature_zscore,512,32,32,32.00000000000013,31.10580594507627,30.27923920318029,22.00717641426698,0.045439722987439334,28,30,False,23.027023620245,17.838597517847944,17.981155791159736,1.2241230652472175
near_collapse,0,101,row_l2_centered,512,32,0,0.0,0.0,0.0,0.0,1.0,0,0,True,21.120530765468374,17.315381948708485,17.541719623527225,1.4505766632952053
near_collapse,0,149,raw_centered,512,32,0,0.0,0.0,0.0,0.0,1.0,0,0,True,22.233791573413843,17.891292617321774,18.192516677475474,1.3689717950406795
near_collapse,0,149,feature_zscore,512,32,32,32.00000000000006,31.052411111924542,30.174723695596903,21.349029738734178,0.04684053618538319,28,30,False,22.005222425453617,18.219759521733373,18.09471315348497,1.4078727672234264
near_collapse,0,149,row_l2_centered,512,32,0,0.0,0.0,0.0,0.0,1.0,0,0,True,20.76690265036792,17.333623141315165,17.735373510522834,1.3962540439767572
near_collapse,0,17,raw_centered,1024,32,0,0.0,0.0,0.0,0.0,1.0,0,0,True,24.59681073072274,19.745391026498538,19.270735502070902,1.4096598338302164
near_collapse,0,17,feature_zscore,1024,32,32,32.00000000000017,31.54504287117875,31.108584799221482,23.418078851434487,0.04270205110948905,28,30,False,24.518317693131372,19.958832840711775,19.389844452081647,1.453758771856325
near_collapse,0,17,row_l2_centered,1024,32,0,0.0,0.0,0.0,0.0,1.0,0,0,True,23.574356342343556,19.383805968006328,18.868482132824838,1.2929013779901648
near_collapse,0,41,raw_centered,1024,32,0,0.0,0.0,0.0,0.0,1.0,0,0,True,24.094552146650166,19.228977787886205,18.73418575493289,1.37813437747847
near_collapse,0,41,feature_zscore,1024,32,32,32.00000000000028,31.49083073220789,31.007435608264075,23.09002830330989,0.0433087385976332,28,30,False,23.8729097567931,19.07008132505704,18.666732338321722,1.4272332225828552
near_collapse,0,41,row_l2_centered,1024,32,0,0.0,0.0,0.0,0.0,1.0,0,0,True,23.881254895262416,18.852090990069776,18.430395078551207,1.3142473758269682
near_collapse,0,73,raw_centered,1024,32,0,0.0,0.0,0.0,0.0,1.0,0,0,True,23.21617241619565,19.119038997517944,19.007540311119254,1.431415140447653
near_collapse,0,73,feature_zscore,1024,32,32,32.000000000000355,31.52874691432639,31.077583817012847,23.65333026750261,0.04227734482589554,28,30,False,23.296898011854715,19.175048507372182,19.206812363482847,1.4141642336587692
near_collapse,0,73,row_l2_centered,1024,32,0,0.0,0.0,0.0,0.0,1.0,0,0,True,22.424462248128535,18.992805186411438,18.736528791648613,1.3663362811513542
near_collapse,0,101,raw_centered,1024,32,0,0.0,0.0,0.0,0.0,1.0,0,0,True,22.011369675423264,19.419181069429442,19.12091800477944,1.3523731675865114
near_collapse,0,101,feature_zscore,1024,32,32,32.00000000000014,31.53877590724238,31.100520518990177,24.252080426940427,0.04123357594052632,28,30,False,21.906481663213093,19.28326793118468,19.155223681658697,1.3674048401950807
near_collapse,0,101,row_l2_centered,1024,32,0,0.0,0.0,0.0,0.0,1.0,0,0,True,21.42665459128367,19.002157273332998,18.899245151442845,1.2317935266778044
near_collapse,0,149,raw_centered,1024,32,0,0.0,0.0,0.0,0.0,1.0,0,0,True,23.33542496422413,19.662829446528676,19.361698585973738,1.3884512729567988
near_collapse,0,149,feature_zscore,1024,32,32,32.00000000000065,31.51284324110029,31.049972178122466,24.45196167791602,0.040896514282662146,28,30,False,23.65186474978453,19.55703931501143,19.414345500129926,1.2742798700612195
near_collapse,0,149,row_l2_centered,1024,32,0,0.0,0.0,0.0,0.0,1.0,0,0,True,22.744666493835037,18.81737426445581,18.704905456627777,1.4199488533769071
