K_a,K_b,difference_a_minus_b,simultaneous_95_low,simultaneous_95_high,includes_zero
1,2,-0.08344377078150611,-0.32524459946429873,0.15835705790128649,True
1,3,0.06938644739855526,-0.6600534850187731,0.7988263798158837,True
1,4,0.09547027283359988,-0.8081606368598827,0.9991011825270825,True
1,5,0.42575270041853486,-0.9640422358423848,1.8155476366794545,True
1,8,0.9873092390777725,-0.7791221809270767,2.753740659082622,True
2,3,0.15283021818006137,-0.5913873974400514,0.8970478338001742,True
2,4,0.178914043615106,-0.7671451315715939,1.1249732188018058,True
2,5,0.509196471200041,-0.9416188046760925,1.9600117470761744,True
2,8,1.0707530098592786,-0.7079064504182218,2.849412470136779,True
3,4,0.026083825435044616,-0.7913919540251054,0.8435596048951947,True
3,5,0.3563662530199796,-1.2046463071728322,1.9173788132127914,True
3,8,0.9179227916792172,-0.9769742239562511,2.8128198073146855,True
4,5,0.330282427584935,-0.8766234763636922,1.5371883315335622,True
4,8,0.8918389662441726,-0.6551951659715873,2.4388730984599327,True
5,8,0.5615565386592376,-0.639925645525524,1.7630387228439992,True
