arm,K,HJ_distance,HJ_pointwise_95_low,HJ_pointwise_95_high,development_winner_frequency,validation_winner_frequency,predictive_R2,predictive_R2_95_low,predictive_R2_95_high
linear,1,6.041663881020209,5.6541492637133715,9.00326183118535,0.064032016008004,0.0010005002501250625,0.0015552193467831543,-0.0013930111239172204,0.004897428443451145
linear,2,6.357639295978712,5.919218890266288,9.383030804037295,0.0,0.005502751375687844,0.00159410897590484,-0.001651245637352594,0.005283189537046061
linear,3,6.157336271893602,5.584538473564882,9.398528311658897,0.0005002501250625312,0.0,0.0023232917167399503,-0.0013089007637914873,0.0065403851161296425
linear,4,5.3790129818446415,4.667446727984319,8.867062336385633,0.09504752376188094,0.0030015007503751876,0.00288037589726442,-0.0009320069486121518,0.0073321177316560794
linear,5,5.23795070668821,4.477209261577446,8.584821839160814,0.34317158579289647,0.09054527263631816,0.0029033532583945254,-0.000892305686391015,0.0073755932517052475
linear,8,5.167381719161576,4.468463351249339,8.480691562424695,0.49724862431215605,0.8999499749874937,0.0029633767077376083,-0.0009442682871269037,0.007544147491816666
cae,1,6.0127025186237155,5.616550861922693,8.967529799813285,0.02051025512756378,0.0050025012506253125,0.0013747799076321288,-0.0019203155267611626,0.0051346816154808125
cae,2,6.096146289405222,5.699948770821194,9.104662494361003,0.0005002501250625312,0.003501750875437719,0.0019733524358569454,-0.0016875334781498053,0.006183740792408798
cae,3,5.94331607122516,5.447028765277827,9.080803100617771,0.03951975987993997,0.002001000500250125,0.0022690750293291595,-0.0014722272128303237,0.0065580871613352965
cae,4,5.917232245790116,5.538728771017498,9.109117977166829,0.00400200100050025,0.01200600300150075,0.0023265730398229767,-0.0014625187889519386,0.0067715924942790585
cae,5,5.586949818205181,5.2090120739635335,8.750914849688558,0.06353176588294147,0.09554777388694347,0.002512647341075036,-0.0013934540373201187,0.006974678122010752
cae,8,5.025393279545943,4.841283478063139,8.007086420412906,0.871935967983992,0.8819409704852427,0.002687304135542745,-0.001157101976613073,0.007137024311751228
