family,gamma,arm,K,seed,validation_distance,development_distance
size_bm_25,0.0,linear,1,20261005,1.217855033829296,2.4902071700248687
size_bm_25,0.0,linear,1,20261006,1.2774527769381185,2.574397340007547
size_bm_25,0.0,linear,1,20261007,1.2263085755195056,2.5012257450522757
size_bm_25,0.0,linear,1,20261008,1.3367899955195328,2.6438210243843634
size_bm_25,0.0,linear,1,20261009,1.259265120483324,2.5528249348074628
size_bm_25,0.0,linear,2,20261005,1.3116880988985617,2.7612975398008426
size_bm_25,0.0,linear,2,20261006,1.258935891263332,2.643022351308888
size_bm_25,0.0,linear,2,20261007,1.5670490196181186,3.1275915256333384
size_bm_25,0.0,linear,2,20261008,1.5574133844449123,3.18756197703643
size_bm_25,0.0,linear,2,20261009,1.5968569135405748,3.16514390727547
size_bm_25,0.0,linear,3,20261005,1.0204889862431459,2.4851622895154524
size_bm_25,0.0,linear,3,20261006,0.9205138433558764,2.3208879315644517
size_bm_25,0.0,linear,3,20261007,1.320126775157213,1.7878700693489196
size_bm_25,0.0,linear,3,20261008,1.0683795330456325,2.6985059478920097
size_bm_25,0.0,linear,3,20261009,1.333597794054589,2.3953993689050206
size_bm_25,0.0,linear,4,20261005,0.8762008070760419,1.5149230443544122
size_bm_25,0.0,linear,4,20261006,0.7593349988200034,0.8686159702110007
size_bm_25,0.0,linear,4,20261007,1.2212034530364146,1.7812155841405495
size_bm_25,0.0,linear,4,20261008,1.2496857965869619,1.731828753983502
size_bm_25,0.0,linear,4,20261009,0.7330772110444479,1.3617531363245639
size_bm_25,0.0,linear,5,20261005,0.600232514679195,2.074877849775121
size_bm_25,0.0,linear,5,20261006,0.7016743443393096,1.2297708385130643
size_bm_25,0.0,linear,5,20261007,0.583776290554848,1.3533461779974507
size_bm_25,0.0,linear,5,20261008,0.5626810570365787,1.154585026612492
size_bm_25,0.0,linear,5,20261009,0.7302522305376901,1.278481964688646
size_bm_25,0.0,linear,8,20261005,0.769656321696485,0.8262393534453697
size_bm_25,0.0,linear,8,20261006,0.747673123200982,1.077740963123724
size_bm_25,0.0,linear,8,20261007,0.5721897907803432,1.4439993828131477
size_bm_25,0.0,linear,8,20261008,0.6678505252972272,2.1514640129072173
size_bm_25,0.0,linear,8,20261009,0.696470731174816,1.7398772775336173
size_bm_25,0.0,cae,1,20261005,1.1556196964595413,2.3347722901186607
size_bm_25,0.0,cae,1,20261006,1.1851331156220444,2.425095180472412
size_bm_25,0.0,cae,1,20261007,1.153717346198419,2.3237174097207576
size_bm_25,0.0,cae,1,20261008,1.2393427841813534,2.524593203415413
size_bm_25,0.0,cae,1,20261009,1.1632413826105388,2.368461883908673
size_bm_25,0.0,cae,2,20261005,1.2026961216776555,2.6139109810439467
size_bm_25,0.0,cae,2,20261006,1.156664270445293,2.137771207308505
size_bm_25,0.0,cae,2,20261007,1.1534198659363761,2.4028832129696283
size_bm_25,0.0,cae,2,20261008,1.1462104696664643,2.441334731115312
size_bm_25,0.0,cae,2,20261009,1.2288000712752118,2.6937324214421534
size_bm_25,0.0,cae,3,20261005,1.0273674855631627,2.021183815620954
size_bm_25,0.0,cae,3,20261006,1.0841143062674627,2.294583559815643
size_bm_25,0.0,cae,3,20261007,1.046898883109133,2.0356077517282545
size_bm_25,0.0,cae,3,20261008,0.9144563745739216,1.9328934071190877
size_bm_25,0.0,cae,3,20261009,0.890918274970759,1.8940964053537959
size_bm_25,0.0,cae,4,20261005,0.9998321790936628,2.1273119159310707
size_bm_25,0.0,cae,4,20261006,1.0369294657687391,2.2522050189079867
size_bm_25,0.0,cae,4,20261007,1.3425440117985425,2.802032014313414
size_bm_25,0.0,cae,4,20261008,0.9389100411453423,2.421246365577556
size_bm_25,0.0,cae,4,20261009,1.0308818799106623,1.9074933934707319
size_bm_25,0.0,cae,5,20261005,0.6532853177813177,1.2886116102358758
size_bm_25,0.0,cae,5,20261006,0.7561515340579668,1.8676466665551847
size_bm_25,0.0,cae,5,20261007,0.9974754157887915,1.6506846867914797
size_bm_25,0.0,cae,5,20261008,0.8078902754636624,1.555369956002937
size_bm_25,0.0,cae,5,20261009,1.050383067230827,2.1961959452716364
size_bm_25,0.0,cae,8,20261005,0.716493624047381,1.2459839161822697
size_bm_25,0.0,cae,8,20261006,0.9405106377434613,1.6990780483928798
size_bm_25,0.0,cae,8,20261007,1.006632761975054,2.1478795282343777
size_bm_25,0.0,cae,8,20261008,0.5375787783916032,1.725510905893389
size_bm_25,0.0,cae,8,20261009,1.002525682518623,1.4691348183548674
size_bm_25,0.25,linear,1,20261005,1.5867229739262911,2.367595950611787
size_bm_25,0.25,linear,1,20261006,1.6194644404143592,2.4375754963521055
size_bm_25,0.25,linear,1,20261007,1.5916107092756364,2.3764365070298537
size_bm_25,0.25,linear,1,20261008,1.6533179182540636,2.495016748963929
size_bm_25,0.25,linear,1,20261009,1.608696710215309,2.4197426424368103
size_bm_25,0.25,linear,2,20261005,1.6655098459367141,2.605709908047085
size_bm_25,0.25,linear,2,20261006,1.6314201773040862,2.5047858867768538
size_bm_25,0.25,linear,2,20261007,1.8276072391568414,2.9190303658251993
size_bm_25,0.25,linear,2,20261008,1.814191825224447,2.9698406913529647
size_bm_25,0.25,linear,2,20261009,1.8415216645190815,2.9490403159225003
size_bm_25,0.25,linear,3,20261005,1.3966706670913924,2.359823140289789
size_bm_25,0.25,linear,3,20261006,1.3146117848026468,2.259368812828534
size_bm_25,0.25,linear,3,20261007,1.6328105833017907,1.7594685013882387
size_bm_25,0.25,linear,3,20261008,1.4461851918992112,2.554172631337868
size_bm_25,0.25,linear,3,20261009,1.7049066791787224,2.295536433471791
size_bm_25,0.25,linear,4,20261005,1.1614078661976575,1.557940377619354
size_bm_25,0.25,linear,4,20261006,1.051781336528747,1.0620316316148628
size_bm_25,0.25,linear,4,20261007,1.5419790689009047,1.7773685354776312
size_bm_25,0.25,linear,4,20261008,1.5764832392123131,1.7188565777939508
size_bm_25,0.25,linear,4,20261009,1.049570379822123,1.414724194136135
size_bm_25,0.25,linear,5,20261005,0.914550972558493,1.9993760094229744
size_bm_25,0.25,linear,5,20261006,1.0122684070250725,1.3100393026557606
size_bm_25,0.25,linear,5,20261007,0.8738589853112665,1.483376958532434
size_bm_25,0.25,linear,5,20261008,0.8814373563073458,1.2492930267287181
size_bm_25,0.25,linear,5,20261009,1.0635376218310328,1.4025900594245406
size_bm_25,0.25,linear,8,20261005,0.988596667191172,1.1183391617523293
size_bm_25,0.25,linear,8,20261006,0.9717730341359754,1.2680652202279936
size_bm_25,0.25,linear,8,20261007,0.8726683497607723,1.4313819931706617
size_bm_25,0.25,linear,8,20261008,0.9531005527640926,2.0108050086504767
size_bm_25,0.25,linear,8,20261009,0.983346621205733,1.7303484087951067
size_bm_25,0.25,cae,1,20261005,1.5570387322833956,2.2390761451997174
size_bm_25,0.25,cae,1,20261006,1.5711243232459287,2.3139672040902393
size_bm_25,0.25,cae,1,20261007,1.556443439609053,2.2303955043262245
size_bm_25,0.25,cae,1,20261008,1.5992075184500558,2.396732080967393
size_bm_25,0.25,cae,1,20261009,1.5601865125984797,2.266977176917601
size_bm_25,0.25,cae,2,20261005,1.5927772875115007,2.4821115034026087
size_bm_25,0.25,cae,2,20261006,1.5575705306081917,2.0711068164900026
size_bm_25,0.25,cae,2,20261007,1.5577672208653874,2.2997079068056436
size_bm_25,0.25,cae,2,20261008,1.555396763900762,2.334921871972354
size_bm_25,0.25,cae,2,20261009,1.622866111309219,2.5490019721189348
size_bm_25,0.25,cae,3,20261005,1.4434091855859827,2.0146580857574063
size_bm_25,0.25,cae,3,20261006,1.5005395556310286,2.2123126854377433
size_bm_25,0.25,cae,3,20261007,1.4590650252001207,1.9967233602857486
size_bm_25,0.25,cae,3,20261008,1.3014208257982187,1.8714731454992823
size_bm_25,0.25,cae,3,20261009,1.274966718920932,1.8349809780506527
size_bm_25,0.25,cae,4,20261005,1.3546494891681393,2.0721314747793538
size_bm_25,0.25,cae,4,20261006,1.4458324421823405,2.180085158306733
size_bm_25,0.25,cae,4,20261007,1.6733669540546396,2.655155718518132
size_bm_25,0.25,cae,4,20261008,1.3038696928709355,2.2597920384215464
size_bm_25,0.25,cae,4,20261009,1.4480739633564617,1.892172612126237
size_bm_25,0.25,cae,5,20261005,0.9791879519724355,1.3273718600683246
size_bm_25,0.25,cae,5,20261006,1.0643399076458944,1.8627253021111794
size_bm_25,0.25,cae,5,20261007,1.387435596246539,1.6753163693563073
size_bm_25,0.25,cae,5,20261008,1.1105816036490028,1.580275774218939
size_bm_25,0.25,cae,5,20261009,1.450130454728724,2.1706141279491016
size_bm_25,0.25,cae,8,20261005,0.9914629944897972,1.2909063444644808
size_bm_25,0.25,cae,8,20261006,1.270984446320056,1.6939279692493656
size_bm_25,0.25,cae,8,20261007,1.4106629101871482,2.0455869076113213
size_bm_25,0.25,cae,8,20261008,0.8365933948730697,1.704178420315041
size_bm_25,0.25,cae,8,20261009,1.3685896623867462,1.5228343139138256
size_bm_25,0.5,linear,1,20261005,1.938167101647412,2.2551632514176827
size_bm_25,0.5,linear,1,20261006,1.9511734455739804,2.3026695812779443
size_bm_25,0.5,linear,1,20261007,1.9404037829071843,2.26052046669259
size_bm_25,0.5,linear,1,20261008,1.965403744356657,2.3409752128872423
size_bm_25,0.5,linear,1,20261009,1.9462693130874662,2.2907724545318797
size_bm_25,0.5,linear,2,20261005,2.003290072978615,2.4400268070431608
size_bm_25,0.5,linear,2,20261006,1.9819675419827176,2.3667827529906154
size_bm_25,0.5,linear,2,20261007,2.0878740527488304,2.6664934182795887
size_bm_25,0.5,linear,2,20261008,2.076330395325561,2.7026761445459573
size_bm_25,0.5,linear,2,20261009,2.0916498994067667,2.68451701414955
size_bm_25,0.5,linear,3,20261005,1.7829022243483839,2.2405952598993717
size_bm_25,0.5,linear,3,20261006,1.7205684866776898,2.246886075322975
size_bm_25,0.5,linear,3,20261007,1.8924140670141667,1.768641090648511
size_bm_25,0.5,linear,3,20261008,1.8344878040513295,2.409480002843944
size_bm_25,0.5,linear,3,20261009,2.0217344158901067,2.2163910006551246
size_bm_25,0.5,linear,4,20261005,1.4682546018990537,1.6689535628770331
size_bm_25,0.5,linear,4,20261006,1.3747835995714912,1.335585844640652
size_bm_25,0.5,linear,4,20261007,1.8220125192654186,1.8347720613054943
size_bm_25,0.5,linear,4,20261008,1.8617240155786476,1.756983665861437
size_bm_25,0.5,linear,4,20261009,1.4024064134441034,1.550924662243385
size_bm_25,0.5,linear,5,20261005,1.2626533101776056,1.9528740795831907
size_bm_25,0.5,linear,5,20261006,1.3471353428898736,1.4533270168771553
size_bm_25,0.5,linear,5,20261007,1.2081410063838296,1.7096215644259045
size_bm_25,0.5,linear,5,20261008,1.2424687042127254,1.4192327452479083
size_bm_25,0.5,linear,5,20261009,1.4203760868786846,1.5876143617639409
size_bm_25,0.5,linear,8,20261005,1.2578911913131032,1.4169200353126823
size_bm_25,0.5,linear,8,20261006,1.2320759138267054,1.5191532935557857
size_bm_25,0.5,linear,8,20261007,1.217634514785467,1.47852007781438
size_bm_25,0.5,linear,8,20261008,1.268627533992813,1.8553503418452586
size_bm_25,0.5,linear,8,20261009,1.2939213488530017,1.7658669363812107
size_bm_25,0.5,cae,1,20261005,1.9296232891933605,2.168477824074267
size_bm_25,0.5,cae,1,20261006,1.9337566394351995,2.2194602047598937
size_bm_25,0.5,cae,1,20261007,1.9297937195746193,2.1635012479596685
size_bm_25,0.5,cae,1,20261008,1.9438859004864724,2.2761043396858924
size_bm_25,0.5,cae,1,20261009,1.9302318168309762,2.1874892186909847
size_bm_25,0.5,cae,2,20261005,1.9608632033087046,2.355800365729795
size_bm_25,0.5,cae,2,20261006,1.9231705734070388,2.044964387057142
size_bm_25,0.5,cae,2,20261007,1.9359752313227143,2.2174289552874815
size_bm_25,0.5,cae,2,20261008,1.9376227554708318,2.248148037049098
size_bm_25,0.5,cae,2,20261009,1.9930175040939953,2.4001697751850015
size_bm_25,0.5,cae,3,20261005,1.852478208725612,2.0601446276627846
size_bm_25,0.5,cae,3,20261006,1.8939083782440362,2.1609339337172284
size_bm_25,0.5,cae,3,20261007,1.8490723813820875,2.0097996481185803
size_bm_25,0.5,cae,3,20261008,1.6806154918009875,1.8514910520567525
size_bm_25,0.5,cae,3,20261009,1.6567660528604744,1.8203160415711563
size_bm_25,0.5,cae,4,20261005,1.7161417379697377,2.059289423405687
size_bm_25,0.5,cae,4,20261006,1.8365125578570625,2.145375234014918
size_bm_25,0.5,cae,4,20261007,1.9983307210846593,2.4977933424316205
size_bm_25,0.5,cae,4,20261008,1.648977668798612,2.0870648395882525
size_bm_25,0.5,cae,4,20261009,1.8445956882231813,1.9395922639266125
size_bm_25,0.5,cae,5,20261005,1.3332004499747512,1.4366776713858738
size_bm_25,0.5,cae,5,20261006,1.4003408559052333,1.9293237904863867
size_bm_25,0.5,cae,5,20261007,1.7769799034373783,1.781460320011829
size_bm_25,0.5,cae,5,20261008,1.4407835241765385,1.6696979853180702
size_bm_25,0.5,cae,5,20261009,1.8383274227349742,2.1893612517619445
size_bm_25,0.5,cae,8,20261005,1.2991914262670836,1.4169559556703344
size_bm_25,0.5,cae,8,20261006,1.608087981979612,1.7432944961849204
size_bm_25,0.5,cae,8,20261007,1.7901018687629473,1.9655945825295464
size_bm_25,0.5,cae,8,20261008,1.1677826306830825,1.7259196317038095
size_bm_25,0.5,cae,8,20261009,1.715500131125746,1.673232150542264
size_bm_25,0.75,linear,1,20261005,2.093820060108274,2.2360624862634424
size_bm_25,0.75,linear,1,20261006,2.096437573795955,2.2625305220512777
size_bm_25,0.75,linear,1,20261007,2.0945631606806256,2.2382016888170337
size_bm_25,0.75,linear,1,20261008,2.1001002503239437,2.2827633050134515
size_bm_25,0.75,linear,1,20261009,2.095015845678171,2.256226190987804
size_bm_25,0.75,linear,2,20261005,2.147000140440968,2.36542071435533
size_bm_25,0.75,linear,2,20261006,2.132309610467124,2.3196946409295567
size_bm_25,0.75,linear,2,20261007,2.1865405067594907,2.502673039416609
size_bm_25,0.75,linear,2,20261008,2.1803210285998786,2.5238667970035547
size_bm_25,0.75,linear,2,20261009,2.187381474202325,2.509369620278339
size_bm_25,0.75,linear,3,20261005,1.9925815314312039,2.2052524606554713
size_bm_25,0.75,linear,3,20261006,1.9475398782188165,2.3125253447666823
size_bm_25,0.75,linear,3,20261007,1.9726112767058517,1.834621132419344
size_bm_25,0.75,linear,3,20261008,2.041202569176674,2.3539572858875166
size_bm_25,0.75,linear,3,20261009,2.126154169392146,2.225579742064551
size_bm_25,0.75,linear,4,20261005,1.6493962725781977,1.810793575782979
size_bm_25,0.75,linear,4,20261006,1.5801720458379476,1.605645645197041
size_bm_25,0.75,linear,4,20261007,1.9207375495303292,1.9555123286737128
size_bm_25,0.75,linear,4,20261008,1.9685422635436662,1.8596557670052238
size_bm_25,0.75,linear,4,20261009,1.6289323329602807,1.733225751484875
size_bm_25,0.75,linear,5,20261005,1.4907675604750796,1.9961343957344124
size_bm_25,0.75,linear,5,20261006,1.5557596484005924,1.6243757622603792
size_bm_25,0.75,linear,5,20261007,1.4371046096119775,1.949994823352571
size_bm_25,0.75,linear,5,20261008,1.4852799730267563,1.6161959390171043
size_bm_25,0.75,linear,5,20261009,1.6356534214130192,1.7592283929464425
size_bm_25,0.75,linear,8,20261005,1.448920356019935,1.637933532480601
size_bm_25,0.75,linear,8,20261006,1.3981919867122465,1.7426877163780732
size_bm_25,0.75,linear,8,20261007,1.460260330032769,1.6127810567539151
size_bm_25,0.75,linear,8,20261008,1.472725195163283,1.8023503903709457
size_bm_25,0.75,linear,8,20261009,1.4817301468122306,1.8590903471382805
size_bm_25,0.75,cae,1,20261005,2.0945492535773167,2.1873860980821584
size_bm_25,0.75,cae,1,20261006,2.094212252718937,2.2167682687151076
size_bm_25,0.75,cae,1,20261007,2.094955217487715,2.1856655306370483
size_bm_25,0.75,cae,1,20261008,2.095682551566639,2.249387350387006
size_bm_25,0.75,cae,1,20261009,2.094275979449483,2.19844092936539
size_bm_25,0.75,cae,2,20261005,2.124420260542455,2.3203864430180996
size_bm_25,0.75,cae,2,20261006,2.0792545576994406,2.1058363459361655
size_bm_25,0.75,cae,2,20261007,2.106059550888712,2.2237274401415803
size_bm_25,0.75,cae,2,20261008,2.1104800908960093,2.2500097559643515
size_bm_25,0.75,cae,2,20261009,2.1546895517767632,2.341161853125637
size_bm_25,0.75,cae,3,20261005,2.065531180710262,2.148833572574548
size_bm_25,0.75,cae,3,20261006,2.078663437111406,2.1935266571050014
size_bm_25,0.75,cae,3,20261007,2.0341348103630303,2.0983822819763884
size_bm_25,0.75,cae,3,20261008,1.874910962282352,1.9150753365232394
size_bm_25,0.75,cae,3,20261009,1.8630890835802587,1.890494276804701
size_bm_25,0.75,cae,4,20261005,1.9150010980195382,2.1267064194101777
size_bm_25,0.75,cae,4,20261006,2.02634782913351,2.1912840491140426
size_bm_25,0.75,cae,4,20261007,2.14106913590426,2.420486143867755
size_bm_25,0.75,cae,4,20261008,1.8113371525490425,2.0258293438067847
size_bm_25,0.75,cae,4,20261009,2.0334854718482727,2.052386603776656
size_bm_25,0.75,cae,5,20261005,1.5527059983982416,1.6028488920846242
size_bm_25,0.75,cae,5,20261006,1.6085717636816013,2.067184336768492
size_bm_25,0.75,cae,5,20261007,1.9873443456955162,1.9420076091730134
size_bm_25,0.75,cae,5,20261008,1.6374397751719314,1.800415236148595
size_bm_25,0.75,cae,5,20261009,2.028959935985665,2.258441555690773
size_bm_25,0.75,cae,8,20261005,1.5011434409084572,1.601410045998678
size_bm_25,0.75,cae,8,20261006,1.7891423945962988,1.8708564081822834
size_bm_25,0.75,cae,8,20261007,1.96104498444232,1.9862414579185055
size_bm_25,0.75,cae,8,20261008,1.3904691958257014,1.8174374430161007
size_bm_25,0.75,cae,8,20261009,1.8816941560355835,1.8838265918020374
size_bm_25,1.0,linear,1,20261005,2.039233324937853,2.294882180516706
size_bm_25,1.0,linear,1,20261006,2.038435501056164,2.3104496764409226
size_bm_25,1.0,linear,1,20261007,2.0394088359615985,2.2954940975926474
size_bm_25,1.0,linear,1,20261008,2.0385365569541314,2.3214781298929466
size_bm_25,1.0,linear,1,20261009,2.0384685888739917,2.307059305915108
size_bm_25,1.0,linear,2,20261005,2.0835086063428765,2.3867776538422762
size_bm_25,1.0,linear,2,20261006,2.0714677944652715,2.3576462599201577
size_bm_25,1.0,linear,2,20261007,2.1058708463651485,2.4707543444877036
size_bm_25,1.0,linear,2,20261008,2.1042297648484922,2.482494608675915
size_bm_25,1.0,linear,2,20261009,2.106901833896451,2.472110015110471
size_bm_25,1.0,linear,3,20261005,1.9841453338919384,2.2432014382886614
size_bm_25,1.0,linear,3,20261006,1.9487657708089134,2.3978166459525254
size_bm_25,1.0,linear,3,20261007,1.8872086136469208,1.9275930240848402
size_bm_25,1.0,linear,3,20261008,2.026483443478555,2.380526558869148
size_bm_25,1.0,linear,3,20261009,2.0339574243432454,2.2961469720664573
size_bm_25,1.0,linear,4,20261005,1.6579602793336674,1.9218542646149146
size_bm_25,1.0,linear,4,20261006,1.6123396278640416,1.8221947293163112
size_bm_25,1.0,linear,4,20261007,1.843994686976242,2.078122254267394
size_bm_25,1.0,linear,4,20261008,1.9001244821785983,1.9873415890221011
size_bm_25,1.0,linear,4,20261009,1.6677516758862991,1.88984054739322
size_bm_25,1.0,linear,5,20261005,1.5408296476807706,2.1060747029190847
size_bm_25,1.0,linear,5,20261006,1.5880704095366098,1.785698601851834
size_bm_25,1.0,linear,5,20261007,1.4992875180484821,2.1300632100221697
size_bm_25,1.0,linear,5,20261008,1.5438211869968181,1.7884049882053994
size_bm_25,1.0,linear,5,20261009,1.6560296517604736,1.876055243102589
size_bm_25,1.0,linear,8,20261005,1.5061717626445998,1.7927639927181505
size_bm_25,1.0,linear,8,20261006,1.4247762242583084,1.9055108257303095
size_bm_25,1.0,linear,8,20261007,1.5380548306090196,1.785146567932423
size_bm_25,1.0,linear,8,20261008,1.5152784593215116,1.884344342336379
size_bm_25,1.0,linear,8,20261009,1.5017570012592993,1.9763998522585713
size_bm_25,1.0,cae,1,20261005,2.041787138421064,2.2653599360677417
size_bm_25,1.0,cae,1,20261006,2.0404332916556633,2.2839447181630708
size_bm_25,1.0,cae,1,20261007,2.0421094133111555,2.26509599608335
size_bm_25,1.0,cae,1,20261008,2.039546603576268,2.3041996592371543
size_bm_25,1.0,cae,1,20261009,2.041431695919795,2.2724374366060847
size_bm_25,1.0,cae,2,20261005,2.0702720130465,2.3636644160251605
size_bm_25,1.0,cae,2,20261006,2.0209504205674014,2.209541882186968
size_bm_25,1.0,cae,2,20261007,2.0556925089067986,2.291706602247134
size_bm_25,1.0,cae,2,20261008,2.0615037267883713,2.3142387578879426
size_bm_25,1.0,cae,2,20261009,2.0965770001856314,2.370686890878647
size_bm_25,1.0,cae,3,20261005,2.052587312511649,2.229609289458903
size_bm_25,1.0,cae,3,20261006,2.0377364798402704,2.274225873237102
size_bm_25,1.0,cae,3,20261007,1.9967574875813765,2.208523216741464
size_bm_25,1.0,cae,3,20261008,1.853884040389974,2.0197818755238477
size_bm_25,1.0,cae,3,20261009,1.8604764528701314,1.9978134039314022
size_bm_25,1.0,cae,4,20261005,1.9153753293129543,2.233883760157633
size_bm_25,1.0,cae,4,20261006,1.9939148508556228,2.2739632198651214
size_bm_25,1.0,cae,4,20261007,2.082577538326002,2.4297573875846252
size_bm_25,1.0,cae,4,20261008,1.7762197895770677,2.089606176766624
size_bm_25,1.0,cae,4,20261009,1.9942724708366122,2.1660531223487287
size_bm_25,1.0,cae,5,20261005,1.5838130950965312,1.7704929627289974
size_bm_25,1.0,cae,5,20261006,1.6393455049075616,2.206575715423621
size_bm_25,1.0,cae,5,20261007,1.9834126108793293,2.0775576250865533
size_bm_25,1.0,cae,5,20261008,1.650863041289161,1.9105046044957934
size_bm_25,1.0,cae,5,20261009,1.9979265176548466,2.332092960705708
size_bm_25,1.0,cae,8,20261005,1.5449846321258474,1.7748187645684026
size_bm_25,1.0,cae,8,20261006,1.7786106447537595,2.0308337031566728
size_bm_25,1.0,cae,8,20261007,1.9077295451839602,2.0845884111322195
size_bm_25,1.0,cae,8,20261008,1.4520820384256963,1.944254335586062
size_bm_25,1.0,cae,8,20261009,1.8514030211825632,2.0701021984713934
industry_49,0.0,linear,1,20261005,2.1075354594676368,3.375720883730653
industry_49,0.0,linear,1,20261006,2.1296238234286182,3.4515948028212984
industry_49,0.0,linear,1,20261007,2.109045075842249,3.3848330442632513
industry_49,0.0,linear,1,20261008,2.1574144821631616,3.513115209582668
industry_49,0.0,linear,1,20261009,2.121661758928176,3.432949756023731
industry_49,0.0,linear,2,20261005,2.193659006487021,3.6575235212216475
industry_49,0.0,linear,2,20261006,2.1657482553123106,3.5451974477326527
industry_49,0.0,linear,2,20261007,2.3548745500733204,4.014764543755529
industry_49,0.0,linear,2,20261008,2.3259372023659117,4.065282431968958
industry_49,0.0,linear,2,20261009,2.3485883791261912,4.040473247640969
industry_49,0.0,linear,3,20261005,1.8834700165600688,3.256016432626777
industry_49,0.0,linear,3,20261006,1.6031516339851528,3.2446927871617
industry_49,0.0,linear,3,20261007,2.4716748937276605,2.4554703215723146
industry_49,0.0,linear,3,20261008,1.9295139441022717,3.5573043455023123
industry_49,0.0,linear,3,20261009,2.2482335297131915,3.3121220754399188
industry_49,0.0,linear,4,20261005,1.4644646191552426,2.2130179885007575
industry_49,0.0,linear,4,20261006,1.4986088826142876,1.6672767773454207
industry_49,0.0,linear,4,20261007,1.8172837546436533,2.6394191384055476
industry_49,0.0,linear,4,20261008,2.5004354219553133,2.4322858927983706
industry_49,0.0,linear,4,20261009,1.5636672465317811,2.0769172801979416
industry_49,0.0,linear,5,20261005,1.501868830190711,2.806494675116218
industry_49,0.0,linear,5,20261006,1.8281603471593368,2.0412919937940566
industry_49,0.0,linear,5,20261007,1.3682220510204395,2.2632900336798905
industry_49,0.0,linear,5,20261008,1.3227708205839472,1.9134146458246994
industry_49,0.0,linear,5,20261009,1.4406223463180616,2.1257775309764613
industry_49,0.0,linear,8,20261005,1.5503522971150363,1.6719620188690985
industry_49,0.0,linear,8,20261006,1.7514521747328327,1.9624104617442113
industry_49,0.0,linear,8,20261007,1.7582604934999486,2.237470593000608
industry_49,0.0,linear,8,20261008,1.5875366132950104,2.906594962079613
industry_49,0.0,linear,8,20261009,1.8278899248690696,2.57877315803544
industry_49,0.0,cae,1,20261005,2.0928215357434246,3.238173476486187
industry_49,0.0,cae,1,20261006,2.0989920015580052,3.319737358027484
industry_49,0.0,cae,1,20261007,2.094436031941124,3.229813168272513
industry_49,0.0,cae,1,20261008,2.114202936272932,3.4087111280089446
industry_49,0.0,cae,1,20261009,2.090532980928911,3.2679627950097556
industry_49,0.0,cae,2,20261005,2.104475816630189,3.51833834534927
industry_49,0.0,cae,2,20261006,2.101876017135617,3.054812611971199
industry_49,0.0,cae,2,20261007,2.090054738639649,3.307681719168172
industry_49,0.0,cae,2,20261008,2.0949452024375623,3.3502480937478265
industry_49,0.0,cae,2,20261009,2.1356177994642214,3.5952125536479476
industry_49,0.0,cae,3,20261005,1.9773738274742714,3.098876823521756
industry_49,0.0,cae,3,20261006,2.1243606049571513,3.214741806164886
industry_49,0.0,cae,3,20261007,2.065444111211675,2.973393359824285
industry_49,0.0,cae,3,20261008,1.7936937004177127,2.6475047277528185
industry_49,0.0,cae,3,20261009,1.6889955728774309,2.5771324881500357
industry_49,0.0,cae,4,20261005,2.373740389770394,3.064228092602635
industry_49,0.0,cae,4,20261006,1.944541938507442,3.1659883321293623
industry_49,0.0,cae,4,20261007,2.2137173884819155,3.7670675866816965
industry_49,0.0,cae,4,20261008,1.755813194197181,3.0615775885575083
industry_49,0.0,cae,4,20261009,2.0987378159555474,2.81093180061087
industry_49,0.0,cae,5,20261005,1.7297449067390458,2.1464617000026354
industry_49,0.0,cae,5,20261006,1.5310318161436642,2.693146604699142
industry_49,0.0,cae,5,20261007,1.6952051031364437,2.563792494200721
industry_49,0.0,cae,5,20261008,1.658510933914297,2.271106824571385
industry_49,0.0,cae,5,20261009,1.7416804076042607,3.2367505498314735
industry_49,0.0,cae,8,20261005,1.3665052657501569,2.098729098401052
industry_49,0.0,cae,8,20261006,1.2602620627288355,2.5990725440227473
industry_49,0.0,cae,8,20261007,2.1006613576628848,2.845779127032966
industry_49,0.0,cae,8,20261008,1.2708903023704698,2.6060504814209144
industry_49,0.0,cae,8,20261009,2.053747345786637,2.4646902861317215
industry_49,0.25,linear,1,20261005,2.2333780050526584,3.153200069297325
industry_49,0.25,linear,1,20261006,2.240971930296438,3.2042724381240046
industry_49,0.25,linear,1,20261007,2.2332942281499566,3.1588857816169393
industry_49,0.25,linear,1,20261008,2.2538425682021286,3.2447880894026615
industry_49,0.25,linear,1,20261009,2.237632714107903,3.1919591016941715
industry_49,0.25,linear,2,20261005,2.3006895734549686,3.3710449936795404
industry_49,0.25,linear,2,20261006,2.284717610137894,3.2880966960627203
industry_49,0.25,linear,2,20261007,2.3942843475226576,3.6302173802121187
industry_49,0.25,linear,2,20261008,2.3763044421776374,3.6646470486505254
industry_49,0.25,linear,2,20261009,2.3851126764994093,3.6444491660500162
industry_49,0.25,linear,3,20261005,2.0521414689945296,3.08034618242158
industry_49,0.25,linear,3,20261006,1.8232122269751163,3.1205160875132196
industry_49,0.25,linear,3,20261007,2.4126356939046882,2.500449583720644
industry_49,0.25,linear,3,20261008,2.1041676508219163,3.322806414103882
industry_49,0.25,linear,3,20261009,2.343408319913964,3.0904280986269983
industry_49,0.25,linear,4,20261005,1.6188583441533604,2.2555813155164404
industry_49,0.25,linear,4,20261006,1.6512957386106266,1.8876973711836396
industry_49,0.25,linear,4,20261007,1.9284179401165062,2.5306464389302694
industry_49,0.25,linear,4,20261008,2.459157942471888,2.517051425240572
industry_49,0.25,linear,4,20261009,1.7510002969975051,2.0779230982012953
industry_49,0.25,linear,5,20261005,1.669084845380896,2.573449232599901
industry_49,0.25,linear,5,20261006,1.9788265103804048,2.053540154939954
industry_49,0.25,linear,5,20261007,1.5964710089657865,2.344923124185393
industry_49,0.25,linear,5,20261008,1.5595399926881541,1.9795437188615395
industry_49,0.25,linear,5,20261009,1.6496220463811897,2.2076611698600925
industry_49,0.25,linear,8,20261005,1.7172213504917717,1.9990198220837074
industry_49,0.25,linear,8,20261006,1.8906066770349044,2.0850288474878504
industry_49,0.25,linear,8,20261007,1.9077428170847774,2.0974170109348793
industry_49,0.25,linear,8,20261008,1.6821244517680045,2.6074296901450333
industry_49,0.25,linear,8,20261009,1.9702588461983213,2.435608909158215
industry_49,0.25,cae,1,20261005,2.2333284546830616,3.0615920876631213
industry_49,0.25,cae,1,20261006,2.2326778348164495,3.116840202426179
industry_49,0.25,cae,1,20261007,2.235217812311256,3.057045701135102
industry_49,0.25,cae,1,20261008,2.2350251594279715,3.176400452334897
industry_49,0.25,cae,1,20261009,2.2294709341037118,3.0818320669891826
industry_49,0.25,cae,2,20261005,2.2389447329915804,3.278521187066982
industry_49,0.25,cae,2,20261006,2.2436668371716584,2.9245112137802396
industry_49,0.25,cae,2,20261007,2.2308052656962896,3.1185784868095157
industry_49,0.25,cae,2,20261008,2.2387186408859776,3.1550130476117833
industry_49,0.25,cae,2,20261009,2.2662281731481886,3.330935264773621
industry_49,0.25,cae,3,20261005,2.137615831797106,3.083477291605994
industry_49,0.25,cae,3,20261006,2.2607500450729057,3.056740419012462
industry_49,0.25,cae,3,20261007,2.20998670004927,2.874428213026875
industry_49,0.25,cae,3,20261008,1.9408388787308302,2.58683235993072
industry_49,0.25,cae,3,20261009,1.8692201670565571,2.5107682870046584
industry_49,0.25,cae,4,20261005,2.421857034848102,2.968367527179308
industry_49,0.25,cae,4,20261006,2.0990272522266973,3.025049047793641
industry_49,0.25,cae,4,20261007,2.3122379817141865,3.4831843480832725
industry_49,0.25,cae,4,20261008,1.9288544982257552,2.6825272876068653
industry_49,0.25,cae,4,20261009,2.2226370888210574,2.759258300794487
industry_49,0.25,cae,5,20261005,1.8787783694109588,2.0513102686026916
industry_49,0.25,cae,5,20261006,1.7091841478947793,2.585053001782871
industry_49,0.25,cae,5,20261007,1.8459134128885097,2.6315691746948584
industry_49,0.25,cae,5,20261008,1.8639929964426318,2.182967030708715
industry_49,0.25,cae,5,20261009,1.936418492481276,3.122103003146844
industry_49,0.25,cae,8,20261005,1.5464352845187648,2.09319824898865
industry_49,0.25,cae,8,20261006,1.4615238897642036,2.3822276896071504
industry_49,0.25,cae,8,20261007,2.207969098477298,2.668113646651387
industry_49,0.25,cae,8,20261008,1.5017441454346627,2.380287488881762
industry_49,0.25,cae,8,20261009,2.1400846206932638,2.5633919416579363
industry_49,0.5,linear,1,20261005,2.2345347110555425,2.9467562569467938
industry_49,0.5,linear,1,20261006,2.2345026441917453,2.974936980138684
industry_49,0.5,linear,1,20261007,2.23385425947572,2.949349311063218
industry_49,0.5,linear,1,20261008,2.2384377321956177,2.996162093468164
industry_49,0.5,linear,1,20261009,2.2339112684835896,2.968428129217596
industry_49,0.5,linear,2,20261005,2.2821048685362606,3.1077324735217435
industry_49,0.5,linear,2,20261006,2.2742322894570965,3.0506036315762115
industry_49,0.5,linear,2,20261007,2.3272221992571396,3.277238649366207
industry_49,0.5,linear,2,20261008,2.3192519808486063,3.2971749066697327
industry_49,0.5,linear,2,20261009,2.3198104092123764,3.2810890822676724
industry_49,0.5,linear,3,20261005,2.1230216863521165,2.9316457723664158
industry_49,0.5,linear,3,20261006,1.959424882221949,3.009334238784521
industry_49,0.5,linear,3,20261007,2.278774081777639,2.5726907991664127
industry_49,0.5,linear,3,20261008,2.1622160277229994,3.1121331113993995
industry_49,0.5,linear,3,20261009,2.304519063477599,2.884513534604154
industry_49,0.5,linear,4,20261005,1.744162130889174,2.3198808226260423
industry_49,0.5,linear,4,20261006,1.762988620560997,2.0923619032107115
industry_49,0.5,linear,4,20261007,1.9874610442501286,2.4527268148968604
industry_49,0.5,linear,4,20261008,2.3182907923455143,2.606817620000803
industry_49,0.5,linear,4,20261009,1.867394332501175,2.0983446320124433
industry_49,0.5,linear,5,20261005,1.7645545798420654,2.380670015653259
industry_49,0.5,linear,5,20261006,2.026695928184315,2.0839005396481465
industry_49,0.5,linear,5,20261007,1.7421940879810536,2.39972823453716
industry_49,0.5,linear,5,20261008,1.7236436486286937,2.05967021975972
industry_49,0.5,linear,5,20261009,1.7872429111938093,2.2960419237549594
industry_49,0.5,linear,8,20261005,1.7890916742615524,2.289817331015325
industry_49,0.5,linear,8,20261006,1.911558686367968,2.191598562492419
industry_49,0.5,linear,8,20261007,1.9451927589753997,1.9743732527305629
industry_49,0.5,linear,8,20261008,1.7051106732303627,2.346618450974021
industry_49,0.5,linear,8,20261009,1.9965256710156567,2.315132721449132
industry_49,0.5,cae,1,20261005,2.2403177847323525,2.896953924325197
industry_49,0.5,cae,1,20261006,2.237071872332126,2.9281479835397426
industry_49,0.5,cae,1,20261007,2.241888680624749,2.895672758924097
industry_49,0.5,cae,1,20261008,2.233817268774594,2.9607615085921037
industry_49,0.5,cae,1,20261009,2.236648948702674,2.908593098240863
industry_49,0.5,cae,2,20261005,2.2433272395038695,3.0563649859638984
industry_49,0.5,cae,2,20261006,2.2486363881112372,2.7997727251181765
industry_49,0.5,cae,2,20261007,2.2381942681544,2.9435484005213013
industry_49,0.5,cae,2,20261008,2.247320861913322,2.9734006024200417
industry_49,0.5,cae,2,20261009,2.2619997632464877,3.08494243837504
industry_49,0.5,cae,3,20261005,2.1834467464675016,3.0703318738273553
industry_49,0.5,cae,3,20261006,2.257977149132315,2.9082706675535097
industry_49,0.5,cae,3,20261007,2.2238700934373186,2.780521553755025
industry_49,0.5,cae,3,20261008,2.020666933299083,2.5522645471361534
industry_49,0.5,cae,3,20261009,1.9784909365872543,2.470624540204377
industry_49,0.5,cae,4,20261005,2.352520985599326,2.881650017460045
industry_49,0.5,cae,4,20261006,2.136123719997834,2.8963826140000233
industry_49,0.5,cae,4,20261007,2.2855884104925783,3.220102135776205
industry_49,0.5,cae,4,20261008,2.015041761044272,2.368175784345437
industry_49,0.5,cae,4,20261009,2.232215321097158,2.7218465319976324
industry_49,0.5,cae,5,20261005,1.926305382306674,1.9726761370967327
industry_49,0.5,cae,5,20261006,1.808653354362191,2.5013388942415467
industry_49,0.5,cae,5,20261007,1.9353814970854992,2.685187076128709
industry_49,0.5,cae,5,20261008,1.9840502477504192,2.1678453351056626
industry_49,0.5,cae,5,20261009,2.0374987376540084,3.014450891392728
industry_49,0.5,cae,8,20261005,1.6690017796387047,2.098268534040078
industry_49,0.5,cae,8,20261006,1.644042794146626,2.182301861544564
industry_49,0.5,cae,8,20261007,2.199121941784982,2.5373711758534703
industry_49,0.5,cae,8,20261008,1.6591794563007443,2.175631749116382
industry_49,0.5,cae,8,20261009,2.1467932972344124,2.64342468036403
industry_49,0.75,linear,1,20261005,2.1584567036008866,2.8276917951189833
industry_49,0.75,linear,1,20261006,2.1563421245042496,2.8408693749965153
industry_49,0.75,linear,1,20261007,2.157848981600789,2.828357766944678
industry_49,0.75,linear,1,20261008,2.156632390426276,2.8496203483068934
industry_49,0.75,linear,1,20261009,2.1568059043852132,2.838112904145466
industry_49,0.75,linear,2,20261005,2.1894057835559093,2.956647151114827
industry_49,0.75,linear,2,20261006,2.1857819284584887,2.9137343628236465
industry_49,0.75,linear,2,20261007,2.2078373305744625,3.0728961394054743
industry_49,0.75,linear,2,20261008,2.2069577925233608,3.0850712765910346
industry_49,0.75,linear,2,20261009,2.204536651350502,3.070305751803466
industry_49,0.75,linear,3,20261005,2.1232692492470293,2.8694314282232933
industry_49,0.75,linear,3,20261006,2.0136703433001752,2.95461088912892
industry_49,0.75,linear,3,20261007,2.1300379918397527,2.682402693414409
industry_49,0.75,linear,3,20261008,2.1372605318554085,3.001974061915864
industry_49,0.75,linear,3,20261009,2.189362259593328,2.7640223967871376
industry_49,0.75,linear,4,20261005,1.8170864565186695,2.4176464493019654
industry_49,0.75,linear,4,20261006,1.8210140897632998,2.26025046869569
industry_49,0.75,linear,4,20261007,2.0020905858957616,2.4429408238705004
industry_49,0.75,linear,4,20261008,2.145694924179543,2.7030278998530655
industry_49,0.75,linear,4,20261009,1.9062759763825874,2.1401419543937497
industry_49,0.75,linear,5,20261005,1.7906698065101365,2.2823949708251465
industry_49,0.75,linear,5,20261006,1.9930018036411854,2.139660444646002
industry_49,0.75,linear,5,20261007,1.793251962924661,2.421364930493196
industry_49,0.75,linear,5,20261008,1.8023366253786117,2.1503591162192692
industry_49,0.75,linear,5,20261009,1.8463330162590137,2.3971003433806537
industry_49,0.75,linear,8,20261005,1.7749184650865117,2.545017744245569
industry_49,0.75,linear,8,20261006,1.8435475203199985,2.271312159083007
industry_49,0.75,linear,8,20261007,1.9014933085716839,1.8926317285912249
industry_49,0.75,linear,8,20261008,1.6716002678320772,2.2045613872468217
industry_49,0.75,linear,8,20261009,1.935706927414739,2.2514723275298514
industry_49,0.75,cae,1,20261005,2.163887548119806,2.8052724146752643
industry_49,0.75,cae,1,20261006,2.160945109403535,2.8205869748658707
industry_49,0.75,cae,1,20261007,2.1648027887153214,2.8059463592645746
industry_49,0.75,cae,1,20261008,2.1574934854343484,2.835511057518698
industry_49,0.75,cae,1,20261009,2.161440867158045,2.811381566283927
industry_49,0.75,cae,2,20261005,2.1668596669017286,2.929751533614849
industry_49,0.75,cae,2,20261006,2.167862559629326,2.7310182842492168
industry_49,0.75,cae,2,20261007,2.1625074972310543,2.847327761888156
industry_49,0.75,cae,2,20261008,2.1711480446256957,2.8717177500638087
industry_49,0.75,cae,2,20261009,2.1749069836326456,2.9407159408717134
industry_49,0.75,cae,3,20261005,2.1468881892916647,3.0998759232257598
industry_49,0.75,cae,3,20261006,2.170648843198266,2.824447034824372
industry_49,0.75,cae,3,20261007,2.155991877629591,2.7373894137645145
industry_49,0.75,cae,3,20261008,2.0471566305477147,2.577610923919336
industry_49,0.75,cae,3,20261009,2.0316138520537823,2.485077088858944
industry_49,0.75,cae,4,20261005,2.2262168093442196,2.8437061382765645
industry_49,0.75,cae,4,20261006,2.097530741233849,2.833611151167657
industry_49,0.75,cae,4,20261007,2.184515648525756,3.0729462548969257
industry_49,0.75,cae,4,20261008,2.0379141277846857,2.2265372607501437
industry_49,0.75,cae,4,20261009,2.172061852492909,2.72995614744998
industry_49,0.75,cae,5,20261005,1.9056952308554114,1.9401612723330457
industry_49,0.75,cae,5,20261006,1.841799389633165,2.478375140123386
industry_49,0.75,cae,5,20261007,1.971150184490279,2.739708258809513
industry_49,0.75,cae,5,20261008,2.0167474193446453,2.249566955160855
industry_49,0.75,cae,5,20261009,2.062886888455911,2.966362211076755
industry_49,0.75,cae,8,20261005,1.736023447553019,2.104247076820439
industry_49,0.75,cae,8,20261006,1.7783498659408357,2.056813851037421
industry_49,0.75,cae,8,20261007,2.1280668206186144,2.5095999434405982
industry_49,0.75,cae,8,20261008,1.7185451691728881,2.0449481091622967
industry_49,0.75,cae,8,20261009,2.1108249749844123,2.71854345165624
industry_49,1.0,linear,1,20261005,2.0762764156811175,2.8095293230896394
industry_49,1.0,linear,1,20261006,2.0746510797082705,2.8156346977526128
industry_49,1.0,linear,1,20261007,2.075916112034252,2.8094279501051327
industry_49,1.0,linear,1,20261008,2.0741639371716736,2.8187300870214
industry_49,1.0,linear,1,20261009,2.07523241031138,2.814594575182703
industry_49,1.0,linear,2,20261005,2.0970412371332032,2.9312897376224627
industry_49,1.0,linear,2,20261006,2.0948295317185153,2.8910840717095665
industry_49,1.0,linear,2,20261007,2.1053794414832345,3.0330121910939942
industry_49,1.0,linear,2,20261008,2.1080191308513183,3.044371495379284
industry_49,1.0,linear,2,20261009,2.105559151311443,3.0276699376638994
industry_49,1.0,linear,3,20261005,2.102981063966833,2.90018506901331
industry_49,1.0,linear,3,20261006,2.0212946717945313,2.962234471986799
industry_49,1.0,linear,3,20261007,2.019898754703948,2.8334874901236273
industry_49,1.0,linear,3,20261008,2.0905086928980645,3.002965121982472
industry_49,1.0,linear,3,20261009,2.078066753963369,2.7410631987730993
industry_49,1.0,linear,4,20261005,1.8448060139202487,2.5527504333057927
industry_49,1.0,linear,4,20261006,1.8391271921659322,2.4059871268860653
industry_49,1.0,linear,4,20261007,1.996808763486816,2.498959340693654
industry_49,1.0,linear,4,20261008,2.010445467718386,2.8170689079932076
industry_49,1.0,linear,4,20261009,1.8950998927013847,2.200320437309827
industry_49,1.0,linear,5,20261005,1.777547949769536,2.2690383330906867
industry_49,1.0,linear,5,20261006,1.9278107744602624,2.2279519017945626
industry_49,1.0,linear,5,20261007,1.777360335590824,2.4252741932021733
industry_49,1.0,linear,5,20261008,1.8218033364787856,2.254938035934043
industry_49,1.0,linear,5,20261009,1.8539976208712863,2.522194661438162
industry_49,1.0,linear,8,20261005,1.7164383149700002,2.797850906783712
industry_49,1.0,linear,8,20261006,1.7433691447167332,2.337287219546715
industry_49,1.0,linear,8,20261007,1.8307172575288806,1.8480922923255934
industry_49,1.0,linear,8,20261008,1.613089341939165,2.182182205141512
industry_49,1.0,linear,8,20261009,1.8445568726550445,2.243912253740621
industry_49,1.0,cae,1,20261005,2.079371496206179,2.800699371617168
industry_49,1.0,cae,1,20261006,2.077617104388203,2.8080760385833483
industry_49,1.0,cae,1,20261007,2.079645505790981,2.802194679525767
industry_49,1.0,cae,1,20261008,2.0760448912846896,2.814294783904732
industry_49,1.0,cae,1,20261009,2.0782440310377814,2.804170835336988
industry_49,1.0,cae,2,20261005,2.0838822129441366,2.913078702825473
industry_49,1.0,cae,2,20261006,2.0781262880124283,2.7339711856040383
industry_49,1.0,cae,2,20261007,2.079317143807013,2.8439184438497564
industry_49,1.0,cae,2,20261008,2.0865757643042198,2.8640027114230597
industry_49,1.0,cae,2,20261009,2.0827240891812604,2.913337323905994
industry_49,1.0,cae,3,20261005,2.085807609910119,3.192125138635639
industry_49,1.0,cae,3,20261006,2.078043999615204,2.818669763944607
industry_49,1.0,cae,3,20261007,2.0793115842521686,2.761495700460579
industry_49,1.0,cae,3,20261008,2.0518940928214615,2.667441572014876
industry_49,1.0,cae,3,20261009,2.0624620017008235,2.558700259396326
industry_49,1.0,cae,4,20261005,2.1173204179359044,2.865742606214239
industry_49,1.0,cae,4,20261006,2.0481856875560576,2.849837365435658
industry_49,1.0,cae,4,20261007,2.084178635758947,3.06149667221709
industry_49,1.0,cae,4,20261008,2.0375149550316154,2.2459254388955583
industry_49,1.0,cae,4,20261009,2.1060541756236,2.7911533064255716
industry_49,1.0,cae,5,20261005,1.8695626920717006,1.9618771504875605
industry_49,1.0,cae,5,20261006,1.8446318415258278,2.5185530996272822
industry_49,1.0,cae,5,20261007,1.9814640273836805,2.8154587883116684
industry_49,1.0,cae,5,20261008,1.9972287160522235,2.405686289364034
industry_49,1.0,cae,5,20261009,2.057862149797698,2.995834854231516
industry_49,1.0,cae,8,20261005,1.7728189829353422,2.1069634534543327
industry_49,1.0,cae,8,20261006,1.862117894927141,2.0138620826458937
industry_49,1.0,cae,8,20261007,2.0626296299657096,2.5807289530494764
industry_49,1.0,cae,8,20261008,1.6995920279886287,1.9913992953347768
industry_49,1.0,cae,8,20261009,2.079353092139095,2.8141235439456582
combined_74,0.0,linear,1,20261005,2.4628836069610727,4.186520642150158
combined_74,0.0,linear,1,20261006,2.507973613560701,4.294436794075915
combined_74,0.0,linear,1,20261007,2.4677294939534247,4.199918474608425
combined_74,0.0,linear,1,20261008,2.558752675359523,4.382587404598572
combined_74,0.0,linear,1,20261009,2.4930184402551805,4.267474394641065
combined_74,0.0,linear,2,20261005,2.581643182876291,4.567094392141455
combined_74,0.0,linear,2,20261006,2.53393645658457,4.410311685204944
combined_74,0.0,linear,2,20261007,2.84047974903192,5.061593893574608
combined_74,0.0,linear,2,20261008,2.8099376578244644,5.135753451694609
combined_74,0.0,linear,2,20261009,2.8483995269995557,5.102902749901258
combined_74,0.0,linear,3,20261005,2.1742058400020023,4.079170342104889
combined_74,0.0,linear,3,20261006,1.8710785183738414,3.9889646237495295
combined_74,0.0,linear,3,20261007,2.845914194872261,3.033836738651956
combined_74,0.0,linear,3,20261008,2.2362669260387755,4.448343913426866
combined_74,0.0,linear,3,20261009,2.641416561334038,4.084449639588916
combined_74,0.0,linear,4,20261005,1.723700258297301,2.6886989239472086
combined_74,0.0,linear,4,20261006,1.7102238779072139,1.9114829181488953
combined_74,0.0,linear,4,20261007,2.197431353937433,3.194987343583539
combined_74,0.0,linear,4,20261008,2.8472648666042932,2.9864177337715825
combined_74,0.0,linear,4,20261009,1.7635903911744777,2.4960580923931666
combined_74,0.0,linear,5,20261005,1.6607722725879202,3.482809385008576
combined_74,0.0,linear,5,20261006,2.013155419512331,2.406167826852056
combined_74,0.0,linear,5,20261007,1.5242661670032167,2.6635989750886226
combined_74,0.0,linear,5,20261008,1.4730972484562184,2.2562100533098386
combined_74,0.0,linear,5,20261009,1.6441579433312696,2.504838984125204
combined_74,0.0,linear,8,20261005,1.7635352724111684,1.9005137248420938
combined_74,0.0,linear,8,20261006,1.9513241387483915,2.270936283890605
combined_74,0.0,linear,8,20261007,1.9088806506657368,2.6787742523819653
combined_74,0.0,linear,8,20261008,1.765628082299131,3.608293338576396
combined_74,0.0,linear,8,20261009,2.0114047941918067,3.1213880530497264
combined_74,0.0,cae,1,20261005,2.4242911009882695,3.9898247448622395
combined_74,0.0,cae,1,20261006,2.4417367414619533,4.1055152504944035
combined_74,0.0,cae,1,20261007,2.425070283803435,3.9771134296630546
combined_74,0.0,cae,1,20261008,2.477867197443144,4.232343529074296
combined_74,0.0,cae,1,20261009,2.425124179448253,4.032399379408565
combined_74,0.0,cae,2,20261005,2.4539021677108126,4.372438005445831
combined_74,0.0,cae,2,20261006,2.4332357675186405,3.7331405066321826
combined_74,0.0,cae,2,20261007,2.420823448096786,4.084125658202723
combined_74,0.0,cae,2,20261008,2.42263015125779,4.1403204903965
combined_74,0.0,cae,2,20261009,2.4935625103472616,4.479139628643264
combined_74,0.0,cae,3,20261005,2.2659567707605492,3.7195130423530887
combined_74,0.0,cae,3,20261006,2.4271539484961107,3.9498165279628195
combined_74,0.0,cae,3,20261007,2.35722884873227,3.6125926605266443
combined_74,0.0,cae,3,20261008,2.049022511680188,3.2736185397713182
combined_74,0.0,cae,3,20261009,1.9404983200032433,3.1927095638190535
combined_74,0.0,cae,4,20261005,2.6404134113716307,3.736664387065772
combined_74,0.0,cae,4,20261006,2.238338470486834,3.886308702263227
combined_74,0.0,cae,4,20261007,2.6131519634394795,4.683181213828982
combined_74,0.0,cae,4,20261008,2.0220917234943667,3.878310556499438
combined_74,0.0,cae,4,20261009,2.3834027909176707,3.407426461636751
combined_74,0.0,cae,5,20261005,1.9017688501158785,2.5282452405815232
combined_74,0.0,cae,5,20261006,1.740160634093993,3.2831956093616235
combined_74,0.0,cae,5,20261007,1.9883372821574683,3.0677293368127425
combined_74,0.0,cae,5,20261008,1.8810773735864434,2.7595889975607233
combined_74,0.0,cae,5,20261009,2.0534678383632228,3.923488099377138
combined_74,0.0,cae,8,20261005,1.568366089719373,2.466208541584313
combined_74,0.0,cae,8,20261006,1.5682673921112804,3.1213404511637224
combined_74,0.0,cae,8,20261007,2.3767440776778836,3.5531936680195253
combined_74,0.0,cae,8,20261008,1.414372995408362,3.139530637774326
combined_74,0.0,cae,8,20261009,2.330096468606069,2.8986902455299464
combined_74,0.25,linear,1,20261005,2.7607276096404463,3.963829992962994
combined_74,0.25,linear,1,20261006,2.7805449016112798,4.035974018011391
combined_74,0.25,linear,1,20261007,2.762572123558256,3.9721056764069274
combined_74,0.25,linear,1,20261008,2.805732192842629,4.093805078975658
combined_74,0.25,linear,1,20261009,2.773405288193386,4.018227361791601
combined_74,0.25,linear,2,20261005,2.8493038979934786,4.256994151358612
combined_74,0.25,linear,2,20261006,2.8211139782271526,4.14201623874449
combined_74,0.25,linear,2,20261007,2.9956595059772324,4.616323141072339
combined_74,0.25,linear,2,20261008,2.9787075513317665,4.66673659495995
combined_74,0.25,linear,2,20261009,2.995679660069896,4.639745656369329
combined_74,0.25,linear,3,20261005,2.5574133551762577,3.915751025167832
combined_74,0.25,linear,3,20261006,2.290686784628798,3.9110334580876542
combined_74,0.25,linear,3,20261007,2.9732557827148605,3.183054961025389
combined_74,0.25,linear,3,20261008,2.614469903166627,4.208346110475885
combined_74,0.25,linear,3,20261009,2.8856858556807,3.8699525622881477
combined_74,0.25,linear,4,20261005,2.0060388370187074,2.8553323014946277
combined_74,0.25,linear,4,20261006,2.0074377568522803,2.3348126248326935
combined_74,0.25,linear,4,20261007,2.4293283556496545,3.1397727511246702
combined_74,0.25,linear,4,20261008,3.014909162705682,3.1889768294265894
combined_74,0.25,linear,4,20261009,2.102782544374123,2.6017730318564394
combined_74,0.25,linear,5,20261005,1.9844365155585364,3.2620135209070957
combined_74,0.25,linear,5,20261006,2.313776565306454,2.563160498919348
combined_74,0.25,linear,5,20261007,1.8932537762151298,2.9215490783265103
combined_74,0.25,linear,5,20261008,1.8634594549445205,2.454280184852786
combined_74,0.25,linear,5,20261009,2.001636212708192,2.756173643294625
combined_74,0.25,linear,8,20261005,2.0388772152922447,2.531275114374553
combined_74,0.25,linear,8,20261006,2.2153365112544146,2.5897274421114975
combined_74,0.25,linear,8,20261007,2.212115731785677,2.5905615677415077
combined_74,0.25,linear,8,20261008,2.0007859578253226,3.3031981517725457
combined_74,0.25,linear,8,20261009,2.3069108248608505,3.0452604373976078
combined_74,0.25,cae,1,20261005,2.7475022086731924,3.8340064207051654
combined_74,0.25,cae,1,20261006,2.753313087799072,3.9116288005845514
combined_74,0.25,cae,1,20261007,2.748773422583661,3.82706890225311
combined_74,0.25,cae,1,20261008,2.7668374698120854,3.9958273076365205
combined_74,0.25,cae,1,20261009,2.7456090842570666,3.862583103302471
combined_74,0.25,cae,2,20261005,2.766674505000868,4.128601691282777
combined_74,0.25,cae,2,20261006,2.7547043044070603,3.6436480767156465
combined_74,0.25,cae,2,20261007,2.7467630880842333,3.9118709900445636
combined_74,0.25,cae,2,20261008,2.7528434813250984,3.959117348091355
combined_74,0.25,cae,2,20261009,2.80403409650984,4.200305772992747
combined_74,0.25,cae,3,20261005,2.6365174288540336,3.811811917177984
combined_74,0.25,cae,3,20261006,2.7600263507792584,3.8254702734164407
combined_74,0.25,cae,3,20261007,2.6987377506036143,3.5753205599918
combined_74,0.25,cae,3,20261008,2.400369163879973,3.264117881184974
combined_74,0.25,cae,3,20261009,2.3181990953372726,3.1784748225692585
combined_74,0.25,cae,4,20261005,2.8789294953574154,3.7017801792869736
combined_74,0.25,cae,4,20261006,2.586318361371649,3.7860276649171776
combined_74,0.25,cae,4,20261007,2.8628490872913437,4.3919750811771445
combined_74,0.25,cae,4,20261008,2.360202480711183,3.442559074277073
combined_74,0.25,cae,4,20261009,2.7243726385354687,3.4338021576350264
combined_74,0.25,cae,5,20261005,2.208995954332864,2.524756599256313
combined_74,0.25,cae,5,20261006,2.069207718711645,3.2501160029941047
combined_74,0.25,cae,5,20261007,2.3605478651741034,3.264725214647672
combined_74,0.25,cae,5,20261008,2.229139642912439,2.754129816314144
combined_74,0.25,cae,5,20261009,2.4332193944634253,3.8924831520589906
combined_74,0.25,cae,8,20261005,1.872949222367683,2.5588348227548603
combined_74,0.25,cae,8,20261006,1.9068271039079372,2.9401477753975507
combined_74,0.25,cae,8,20261007,2.687273940698381,3.383981247430151
combined_74,0.25,cae,8,20261008,1.7823101590390547,2.9609755655276824
combined_74,0.25,cae,8,20261009,2.6132138782225143,3.144427008714625
combined_74,0.5,linear,1,20261005,2.9031290108747196,4.037367075306897
combined_74,0.5,linear,1,20261006,2.908829568359807,4.075757151647139
combined_74,0.5,linear,1,20261007,2.903534056830857,4.0407149189025295
combined_74,0.5,linear,1,20261008,2.918198039897475,4.1047283370896785
combined_74,0.5,linear,1,20261009,2.9064712440785727,4.066692961740697
combined_74,0.5,linear,2,20261005,2.960370017763282,4.254621173409671
combined_74,0.5,linear,2,20261006,2.9455558259704446,4.176333688852515
combined_74,0.5,linear,2,20261007,3.0244939474758556,4.492411037406004
combined_74,0.5,linear,2,20261008,3.0198378616932318,4.51961016643239
combined_74,0.5,linear,2,20261009,3.0243970529165396,4.497725461127737
combined_74,0.5,linear,3,20261005,2.790498069918121,4.076932586016176
combined_74,0.5,linear,3,20261006,2.603695341488636,4.127017373154856
combined_74,0.5,linear,3,20261007,2.94941829707599,3.667905809605944
combined_74,0.5,linear,3,20261008,2.8350771294501915,4.291153366476549
combined_74,0.5,linear,3,20261009,2.958273756073018,3.9420761769626234
combined_74,0.5,linear,4,20261005,2.2619366470562405,3.339898820314015
combined_74,0.5,linear,4,20261006,2.2617395616906997,2.959811068548023
combined_74,0.5,linear,4,20261007,2.591912996924385,3.3464455505068846
combined_74,0.5,linear,4,20261008,3.0018847515021756,3.6972800146183045
combined_74,0.5,linear,4,20261009,2.367944725662028,2.9794371003533313
combined_74,0.5,linear,5,20261005,2.233961878738071,3.3530618528039113
combined_74,0.5,linear,5,20261006,2.4711569195603604,2.993710420987002
combined_74,0.5,linear,5,20261007,2.1692091416265624,3.4261156312321512
combined_74,0.5,linear,5,20261008,2.1847218922178806,2.8952538514781887
combined_74,0.5,linear,5,20261009,2.2828292692556404,3.264971970681826
combined_74,0.5,linear,8,20261005,2.20660869020211,3.35480540165479
combined_74,0.5,linear,8,20261006,2.3337968421131974,3.118856019200928
combined_74,0.5,linear,8,20261007,2.376889936496604,2.73826333713721
combined_74,0.5,linear,8,20261008,2.151973559324355,3.3281663910643315
combined_74,0.5,linear,8,20261009,2.445360703989931,3.2638136975564094
combined_74,0.5,cae,1,20261005,2.9013255440941688,3.9696548287521387
combined_74,0.5,cae,1,20261006,2.902050640852836,4.0124464436935385
combined_74,0.5,cae,1,20261007,2.902328785285294,3.968174201432486
combined_74,0.5,cae,1,20261008,2.904524819714096,4.056451395825094
combined_74,0.5,cae,1,20261009,2.8993088475856705,3.985580237442064
combined_74,0.5,cae,2,20261005,2.9145361706627737,4.1900435653931645
combined_74,0.5,cae,2,20261006,2.9025068204363533,3.8320256601552862
combined_74,0.5,cae,2,20261007,2.90284516502941,4.037363625999975
combined_74,0.5,cae,2,20261008,2.910241701164778,4.073997361558393
combined_74,0.5,cae,2,20261009,2.942104353698596,4.223942962265659
combined_74,0.5,cae,3,20261005,2.8453701724044254,4.186226618184342
combined_74,0.5,cae,3,20261006,2.91330013081279,3.9945521801385997
combined_74,0.5,cae,3,20261007,2.8701848176959848,3.8196382097100186
combined_74,0.5,cae,3,20261008,2.6498489066568105,3.563538500892584
combined_74,0.5,cae,3,20261009,2.5937474374946263,3.4749110131132874
combined_74,0.5,cae,4,20261005,2.949471849427708,3.957374326970507
combined_74,0.5,cae,4,20261006,2.7854116150903514,3.9835759864296185
combined_74,0.5,cae,4,20261007,2.957629390194053,4.425232992540973
combined_74,0.5,cae,4,20261008,2.5767101523913474,3.3340132212756832
combined_74,0.5,cae,4,20261009,2.8953393242857803,3.741356526990118
combined_74,0.5,cae,5,20261005,2.3930373787861043,2.7744896931358087
combined_74,0.5,cae,5,20261006,2.323701173746166,3.5384499585588087
combined_74,0.5,cae,5,20261007,2.6280583043898664,3.7278979325683674
combined_74,0.5,cae,5,20261008,2.476938782189681,3.10467880979779
combined_74,0.5,cae,5,20261009,2.686611399228465,4.166358018731788
combined_74,0.5,cae,8,20261005,2.104524294071188,2.891076726572639
combined_74,0.5,cae,8,20261006,2.2217233893496666,2.973500159001649
combined_74,0.5,cae,8,20261007,2.836246071833543,3.5435236485969175
combined_74,0.5,cae,8,20261008,2.070301994232062,3.0565236966357507
combined_74,0.5,cae,8,20261009,2.755885262018581,3.6339656442038493
combined_74,0.75,linear,1,20261005,2.942618352763671,4.729429446735737
combined_74,0.75,linear,1,20261006,2.9435121824111987,4.751642270316758
combined_74,0.75,linear,1,20261007,2.942699137957902,4.7301230995753585
combined_74,0.75,linear,1,20261008,2.9459927141572493,4.766282882917772
combined_74,0.75,linear,1,20261009,2.943056955790609,4.746852055925903
combined_74,0.75,linear,2,20261005,2.9745194824440566,4.923005350423474
combined_74,0.75,linear,2,20261006,2.9670290565881037,4.857213115597341
combined_74,0.75,linear,2,20261007,2.9927550260024613,5.118687921852389
combined_74,0.75,linear,2,20261008,2.9946995899663316,5.134868782882459
combined_74,0.75,linear,2,20261009,2.9963633922758186,5.113967700570769
combined_74,0.75,linear,3,20261005,2.8874481127650298,4.853520543185616
combined_74,0.75,linear,3,20261006,2.7934854112917207,4.887348416983032
combined_74,0.75,linear,3,20261007,2.8534256580571444,4.647987311329199
combined_74,0.75,linear,3,20261008,2.9241568622451672,5.034431727974078
combined_74,0.75,linear,3,20261009,2.9443876896194765,4.6122190317634875
combined_74,0.75,linear,4,20261005,2.459850700769641,4.297561634110647
combined_74,0.75,linear,4,20261006,2.443004965862864,3.8657898792042893
combined_74,0.75,linear,4,20261007,2.708097383265292,4.008951485005461
combined_74,0.75,linear,4,20261008,2.88804738297477,4.66654341434853
combined_74,0.75,linear,4,20261009,2.5385465734008212,3.761952220005353
combined_74,0.75,linear,5,20261005,2.4058251222626303,4.0238115899341365
combined_74,0.75,linear,5,20261006,2.509707411034822,3.8315532418656164
combined_74,0.75,linear,5,20261007,2.3252827766417403,4.324061947292911
combined_74,0.75,linear,5,20261008,2.405035574737328,3.689457316460607
combined_74,0.75,linear,5,20261009,2.470375059601692,4.159181247286623
combined_74,0.75,linear,8,20261005,2.277586440312326,4.494005318373696
combined_74,0.75,linear,8,20261006,2.3418542116166807,3.97609191596229
combined_74,0.75,linear,8,20261007,2.4295726315889175,3.2939812444220062
combined_74,0.75,linear,8,20261008,2.223804674787617,4.0011905390667835
combined_74,0.75,linear,8,20261009,2.4684432452768132,4.00217627471607
combined_74,0.75,cae,1,20261005,2.942631728812784,4.69165508560035
combined_74,0.75,cae,1,20261006,2.9426506466785476,4.718996050348487
combined_74,0.75,cae,1,20261007,2.943020013210323,4.693550759775226
combined_74,0.75,cae,1,20261008,2.942738283007458,4.742940598610215
combined_74,0.75,cae,1,20261009,2.9418747879360314,4.702167286708953
combined_74,0.75,cae,2,20261005,2.952870561106179,4.895525221872019
combined_74,0.75,cae,2,20261006,2.9366862536121077,4.564051310722697
combined_74,0.75,cae,2,20261007,2.9455557464842435,4.764430974425953
combined_74,0.75,cae,2,20261008,2.951350396411867,4.792470783286944
combined_74,0.75,cae,2,20261009,2.9664255602863583,4.899910990779646
combined_74,0.75,cae,3,20261005,2.9251601200283606,5.063772135944924
combined_74,0.75,cae,3,20261006,2.9457838061661343,4.73701669965248
combined_74,0.75,cae,3,20261007,2.922173493071235,4.599284814718685
combined_74,0.75,cae,3,20261008,2.7940566376700553,4.390155967106733
combined_74,0.75,cae,3,20261009,2.7624371907259726,4.283498941517693
combined_74,0.75,cae,4,20261005,2.910151672543793,4.738737527831944
combined_74,0.75,cae,4,20261006,2.876597049177263,4.752077656975356
combined_74,0.75,cae,4,20261007,2.9568735773386545,5.158774028321967
combined_74,0.75,cae,4,20261008,2.6849080442543727,3.9252404672583068
combined_74,0.75,cae,4,20261009,2.9337998119937225,4.53168086891383
combined_74,0.75,cae,5,20261005,2.4816128831986193,3.460598788500729
combined_74,0.75,cae,5,20261006,2.5161744350907207,4.379903447035926
combined_74,0.75,cae,5,20261007,2.785221072161167,4.628058526077733
combined_74,0.75,cae,5,20261008,2.608503366253025,3.971032387529838
combined_74,0.75,cae,5,20261009,2.825156892472362,5.003702407656085
combined_74,0.75,cae,8,20261005,2.254901969756692,3.575372067937473
combined_74,0.75,cae,8,20261006,2.4555733176878487,3.4511684966601215
combined_74,0.75,cae,8,20261007,2.868762945605643,4.291274079623414
combined_74,0.75,cae,8,20261008,2.2434725591858986,3.6803435665823576
combined_74,0.75,cae,8,20261009,2.7889748285396583,4.529723208352844
combined_74,1.0,linear,1,20261005,2.9938561016547265,6.027953597699817
combined_74,1.0,linear,1,20261006,2.9944443427865055,6.048240594713679
combined_74,1.0,linear,1,20261007,2.994020090525184,6.0276544991511445
combined_74,1.0,linear,1,20261008,2.994906269677957,6.06006916547522
combined_74,1.0,linear,1,20261009,2.994235571502995,6.044401548061183
combined_74,1.0,linear,2,20261005,3.010149183129792,6.240770025762295
combined_74,1.0,linear,2,20261006,3.0057090814815517,6.168575264356671
combined_74,1.0,linear,2,20261007,3.0079902997220525,6.456796437333344
combined_74,1.0,linear,2,20261008,3.011510508602641,6.47245017947119
combined_74,1.0,linear,2,20261009,3.014357669789921,6.449604572970053
combined_74,1.0,linear,3,20261005,2.937433280387855,6.216000049896902
combined_74,1.0,linear,3,20261006,2.92298518619321,6.199346257141112
combined_74,1.0,linear,3,20261007,2.8002703227692263,6.084704786181078
combined_74,1.0,linear,3,20261008,2.9857739522041005,6.417690271675141
combined_74,1.0,linear,3,20261009,2.977171439673628,5.868939994573776
combined_74,1.0,linear,4,20261005,2.6327010914254445,5.694339287748846
combined_74,1.0,linear,4,20261006,2.5791841335446364,5.077995536806204
combined_74,1.0,linear,4,20261007,2.833804321558044,5.100318990534007
combined_74,1.0,linear,4,20261008,2.8054558774381033,6.095003712066764
combined_74,1.0,linear,4,20261009,2.6679584875327835,4.927407382067385
combined_74,1.0,linear,5,20261005,2.5602112164217337,5.207104509097092
combined_74,1.0,linear,5,20261006,2.525799054237687,5.057831682906024
combined_74,1.0,linear,5,20261007,2.420654248464319,5.6568607512555875
combined_74,1.0,linear,5,20261008,2.5727090758562223,4.828664986609572
combined_74,1.0,linear,5,20261009,2.6155289653047338,5.439291603572771
combined_74,1.0,linear,8,20261005,2.3352193730082638,5.994542299772056
combined_74,1.0,linear,8,20261006,2.3468941548605042,5.19926309553191
combined_74,1.0,linear,8,20261007,2.467921753986298,4.213732413259645
combined_74,1.0,linear,8,20261008,2.2704898410767904,5.204555182165838
combined_74,1.0,linear,8,20261009,2.49784808804391,5.224815605078432
combined_74,1.0,cae,1,20261005,2.9925455629291347,5.994626812988112
combined_74,1.0,cae,1,20261006,2.9932193185766813,6.022224740063747
combined_74,1.0,cae,1,20261007,2.9923677550170837,5.99880975561932
combined_74,1.0,cae,1,20261008,2.994259219692108,6.042255730842731
combined_74,1.0,cae,1,20261009,2.9929745613728307,6.0055955536046675
combined_74,1.0,cae,2,20261005,3.001185612075794,6.2322381007584635
combined_74,1.0,cae,2,20261006,2.9817675165045645,5.8438525921164555
combined_74,1.0,cae,2,20261007,2.996332915993897,6.084316953888866
combined_74,1.0,cae,2,20261008,2.9988461327388714,6.108323168653961
combined_74,1.0,cae,2,20261009,3.0019883098455566,6.212000631608364
combined_74,1.0,cae,3,20261005,2.985256112660932,6.461475006176466
combined_74,1.0,cae,3,20261006,2.984344948660052,6.046992044522314
combined_74,1.0,cae,3,20261007,2.975094615577964,5.9250994154690035
combined_74,1.0,cae,3,20261008,2.898975563131387,5.717541117235721
combined_74,1.0,cae,3,20261009,2.8825089930038312,5.565472772722298
combined_74,1.0,cae,4,20261005,2.8828729010254994,6.040500609672717
combined_74,1.0,cae,4,20261006,2.964024329451996,6.085421231984143
combined_74,1.0,cae,4,20261007,2.9810107824600167,6.569547008078503
combined_74,1.0,cae,4,20261008,2.7619300413883576,5.086526465221974
combined_74,1.0,cae,4,20261009,2.950676880540202,5.804165913993247
combined_74,1.0,cae,5,20261005,2.5613999166781976,4.553279697641502
combined_74,1.0,cae,5,20261006,2.7129397008437675,5.742165247305444
combined_74,1.0,cae,5,20261007,2.891384060947105,5.988208739596205
combined_74,1.0,cae,5,20261008,2.6893456924442845,5.252411814276571
combined_74,1.0,cae,5,20261009,2.9304594259543078,6.398683592206182
combined_74,1.0,cae,8,20261005,2.362855442379003,4.580246814112796
combined_74,1.0,cae,8,20261006,2.6098262037493987,4.350631456537631
combined_74,1.0,cae,8,20261007,2.892960126490511,5.552446827210585
combined_74,1.0,cae,8,20261008,2.368389028077859,4.781382915057037
combined_74,1.0,cae,8,20261009,2.8072883696166864,5.8622583848116685
