split,arm,K,seed,total_R2,predictive_R2
validation,linear,1,20261005,0.15076201245468923,0.00017428306856370757
development,linear,1,20261005,0.09586640825173731,0.0015377484698391175
validation,linear,1,20261006,0.1494327205188316,0.00017650143093572712
development,linear,1,20261006,0.0940790280760061,0.0015723939705784007
validation,linear,1,20261007,0.15092086691264328,0.0001416489044903102
development,linear,1,20261007,0.09691170756139045,0.00157030501229094
validation,linear,1,20261008,0.14818998319716048,0.00021737210383554473
development,linear,1,20261008,0.09374711432097638,0.0015529035349697295
validation,linear,1,20261009,0.14904248323998837,0.0002079988343219874
development,linear,1,20261009,0.09405576013733286,0.0015427457462373617
validation,linear,2,20261005,0.16446462098949788,1.1517533613281117e-05
development,linear,2,20261005,0.10476874798104585,0.0017282594179470756
validation,linear,2,20261006,0.1649357930795311,4.0372489149453905e-05
development,linear,2,20261006,0.10587958694394395,0.0018404020444728886
validation,linear,2,20261007,0.16276661946862836,6.468505531431745e-05
development,linear,2,20261007,0.1026762375937007,0.0015365364218481448
validation,linear,2,20261008,0.1605007441177403,0.00016694037339981538
development,linear,2,20261008,0.10118289856465545,0.0013809092969030434
validation,linear,2,20261009,0.16020769734529527,0.00014898562184928466
development,linear,2,20261009,0.09980630910282695,0.001484437698352492
validation,linear,3,20261005,0.1724757926858217,0.0007892471544355129
development,linear,3,20261005,0.10706839285823344,0.0024010864341612592
validation,linear,3,20261006,0.1720837424253383,0.0008285018346352313
development,linear,3,20261006,0.10364171603016925,0.0026321785244199924
validation,linear,3,20261007,0.17422934999337725,0.0010256917259156006
development,linear,3,20261007,0.1096180871547624,0.0028294040636284157
validation,linear,3,20261008,0.17230620486688009,0.0006470465559174077
development,linear,3,20261008,0.10453937257801804,0.0022568797367862325
validation,linear,3,20261009,0.17383565285412705,-0.0005061666255703479
development,linear,3,20261009,0.11048591521102802,0.0014969098247038515
validation,linear,4,20261005,0.18282190570708834,0.0011684533510005757
development,linear,4,20261005,0.11392917151902904,0.002997783564861134
validation,linear,4,20261006,0.18334898586301962,0.001223534758987399
development,linear,4,20261006,0.11472745113962457,0.003078066078663788
validation,linear,4,20261007,0.1796036548773674,0.0006297973604518781
development,linear,4,20261007,0.1108509341287679,0.002445584792595268
validation,linear,4,20261008,0.17835485010197494,0.000913086089176729
development,linear,4,20261008,0.11197868967906477,0.0029926027830287083
validation,linear,4,20261009,0.18307704397245284,0.001214393392638069
development,linear,4,20261009,0.1141846895323475,0.002887842267173424
validation,linear,5,20261005,0.18449297986068225,0.0011751468793715913
development,linear,5,20261005,0.11325612049087841,0.0029021218653446645
validation,linear,5,20261006,0.18577884150664747,0.0011557804857387222
development,linear,5,20261006,0.11507138282400176,0.0029969232737009355
validation,linear,5,20261007,0.18214054969089444,0.0013743440277094177
development,linear,5,20261007,0.11311036215427317,0.002907355784632637
validation,linear,5,20261008,0.18390772349523876,0.00117206431479
development,linear,5,20261008,0.11395665908959496,0.0028848038923958708
validation,linear,5,20261009,0.1828363699428749,0.0010721746011866928
development,linear,5,20261009,0.1136042570518887,0.0028255614758984082
validation,linear,8,20261005,0.18704384296493248,0.0012288989522046823
development,linear,8,20261005,0.11829110224210937,0.0028690663990547094
validation,linear,8,20261006,0.18734211051411898,0.001351581040522798
development,linear,8,20261006,0.11767202982746516,0.0029418665877575245
validation,linear,8,20261007,0.18851970735928658,0.001271753234057038
development,linear,8,20261007,0.11863190401482337,0.003013022688728717
validation,linear,8,20261008,0.1858894362073359,0.0013244114090291692
development,linear,8,20261008,0.11545690600509462,0.0030116422808854626
validation,linear,8,20261009,0.18875033725194845,0.0012578256964704826
development,linear,8,20261009,0.11762388117057765,0.002981285582261961
validation,cae,1,20261005,0.1529639892626402,8.420423862942616e-05
development,cae,1,20261005,0.09639955177658177,0.0013677193029695278
validation,cae,1,20261006,0.1520687447495198,0.00011243352146717012
development,cae,1,20261006,0.09514851641313637,0.0013972326199473972
validation,cae,1,20261007,0.152657367602825,9.071314762354454e-05
development,cae,1,20261007,0.09562198026825997,0.0013799553797699815
validation,cae,1,20261008,0.15029770966982747,0.00019463395103636039
development,cae,1,20261008,0.09350654834060368,0.0013829639735005728
validation,cae,1,20261009,0.15217575714096154,9.683564746632012e-05
development,cae,1,20261009,0.096001367685426,0.0013460282619729425
validation,cae,2,20261005,0.1655543710628199,5.636898742611418e-05
development,cae,2,20261005,0.10594395634301912,0.0019041154803591809
validation,cae,2,20261006,0.16081736052997986,-8.729148909147888e-05
development,cae,2,20261006,0.1010179627435055,0.00221574341126507
validation,cae,2,20261007,0.1634065195448683,0.000100008085135328
development,cae,2,20261007,0.10549283289684419,0.0018702356166693246
validation,cae,2,20261008,0.164759491552654,0.0001085390706089262
development,cae,2,20261008,0.10578243779701102,0.0017866697061581505
validation,cae,2,20261009,0.1654898174744197,-4.36530956271497e-06
development,cae,2,20261009,0.10391204404992338,0.0020899979648327793
validation,cae,3,20261005,0.16491743935342096,0.00021355360661401424
development,cae,3,20261005,0.10528059946200896,0.0016853321031294888
validation,cae,3,20261006,0.16939254876265297,0.00010209628220592126
development,cae,3,20261006,0.10579098396203046,0.002175936304174453
validation,cae,3,20261007,0.16769988848559203,0.00018869863105008822
development,cae,3,20261007,0.10604344902746554,0.002183024306185999
validation,cae,3,20261008,0.1677220941941765,0.0007952559313353369
development,cae,3,20261008,0.10448422856849504,0.0028522092530705034
validation,cae,3,20261009,0.166980671821243,0.00033980270727040907
development,cae,3,20261009,0.10538935295700991,0.0024488731800859087
validation,cae,4,20261005,0.1704848494441985,0.0004534367752601076
development,cae,4,20261005,0.10493347209265025,0.002451325188157938
validation,cae,4,20261006,0.17059285232069765,0.0002716218073574028
development,cae,4,20261006,0.10442263545016117,0.0023839454235273783
validation,cae,4,20261007,0.16524088706916296,0.00013809771896000633
development,cae,4,20261007,0.10375474554530939,0.0014567496109961775
validation,cae,4,20261008,0.17353745836368162,0.001242289459918
development,cae,4,20261008,0.10753810160429367,0.002869335790696481
validation,cae,4,20261009,0.17017202991175917,0.0003426878093225616
development,cae,4,20261009,0.10458614179150583,0.002471509185737797
validation,cae,5,20261005,0.17470085379874845,0.0007307719590786688
development,cae,5,20261005,0.10927199664346154,0.0026665387507218696
validation,cae,5,20261006,0.17679295459378364,0.0009586712357585458
development,cae,5,20261006,0.1075615164819601,0.002216866940311646
validation,cae,5,20261007,0.1720445501510547,0.0005636365360999207
development,cae,5,20261007,0.1054683126157887,0.0024088501248171745
validation,cae,5,20261008,0.1779931569696367,0.0011428086274655191
development,cae,5,20261008,0.1093325103454017,0.0031831730554369164
validation,cae,5,20261009,0.17105078800078677,0.00046853095674626033
development,cae,5,20261009,0.10593399735642639,0.002087807834087685
validation,cae,8,20261005,0.1804571396636081,0.0006866940505364516
development,cae,8,20261005,0.11122270054333216,0.002624808129853884
validation,cae,8,20261006,0.17641663044763356,0.0006916637803879855
development,cae,8,20261006,0.10818626158545797,0.0025466116902990166
validation,cae,8,20261007,0.17349034319351087,0.00044784114011953147
development,cae,8,20261007,0.10792152988184933,0.0025945397330767728
validation,cae,8,20261008,0.17837998284252543,0.0015191807650276612
development,cae,8,20261008,0.10908575276614252,0.002984278322124001
validation,cae,8,20261009,0.17459134428501788,0.0005607173352148997
development,cae,8,20261009,0.10799576739935712,0.0026862828023600516
