dgp,true_intrinsic_dimension,seed,normalization,n,ambient_dimension,active_spectral_rank,total_variance,entropy_effective_rank,participation_rank,stable_rank,top_eigenvalue_share,pca90_rank,pca95_rank,collapsed,twonn_dimension,mle10_dimension,mle20_dimension,curvature_tangent_rank,curvature_proxy_radians
plane3,3,17,raw_centered,256,32,3,3.2817191927954137,2.9649172814234794,2.929972462440329,2.483719707565354,0.40262192104609174,3,3,False,2.8045425520821072,2.8024153054255017,2.9371921741716296,3,1.7987292724647335e-08
plane3,3,17,feature_zscore,256,32,3,32.0,2.9357529953991177,2.877370984891046,2.404079055611524,0.4159596988567544,3,3,False,2.8197838123685344,2.768736901832372,2.924403045758373,3,1.0536712127723509e-08
plane3,3,17,row_l2_centered,256,32,3,1.003117919369061,2.976332055292238,2.9521363460821655,2.5470370321779074,0.39261305876849584,3,3,False,1.854462792942248,1.9273887175792206,1.9558828103742787,2,0.07190799867877276
plane3,3,41,raw_centered,256,32,3,2.9594346846993966,2.976320235874592,2.952017826566663,2.543728500784714,0.3931237157155374,3,3,False,3.0300767367685655,2.722332284909723,2.7785597796514288,3,1.7987292724647335e-08
plane3,3,41,feature_zscore,256,32,3,31.999999999999993,2.977579355378666,2.9559584733171067,2.617338973417121,0.38206743954697986,3,3,False,2.9773901258470987,2.742251208275049,2.7790654419958023,3,2.9802322387695312e-08
plane3,3,41,row_l2_centered,256,32,3,1.0018862109054438,2.9971536838491812,2.9942935049521386,2.837263536373598,0.35245227916971494,3,3,False,2.2680183151726943,1.8074010256965698,1.8855310536528265,2,0.1437108239020946
plane3,3,73,raw_centered,256,32,3,2.913975600011557,2.9918222003069634,2.983730772447819,2.750824645499954,0.3635273522926624,3,3,False,2.840029142666939,2.726659441825497,2.9676144916347136,3,2.7196716814286148e-08
plane3,3,73,feature_zscore,256,32,3,32.0,2.9377956991008567,2.8843364970483285,2.5006348049033194,0.39989845699946674,3,3,False,2.8620395646632066,2.8000174482794637,2.9309800118750924,3,1.4901161193847656e-08
plane3,3,73,row_l2_centered,256,32,3,1.0031022535108887,2.9949846807213554,2.9900253743386096,2.808069555072357,0.356116535003077,3,3,False,1.9563080924186416,1.8410783194652205,1.9568554738952895,2,0.09169690496293055
plane3,3,101,raw_centered,256,32,3,3.1102822591824113,2.9778327984384787,2.956988449042464,2.65943048753629,0.3760203564961027,3,3,False,3.0202693822353246,2.731115958412789,2.9100159497121973,3,2.3441496267482434e-08
plane3,3,101,feature_zscore,256,32,3,32.0,2.9254767175408674,2.8634993762381584,2.4856564632795974,0.40230820902764297,3,3,False,2.971488677743614,2.7913423347281023,2.873593388860362,3,2.9802322387695312e-08
plane3,3,101,row_l2_centered,256,32,3,1.001459729068866,2.9955193796127304,2.9911695621168026,2.86576340946633,0.3489471589653043,3,3,False,1.8906737113388317,1.8312542400315368,1.8920962176134113,2,0.07302487278916374
plane3,3,149,raw_centered,256,32,3,2.9620689086935705,2.990322760189531,2.98057178997068,2.707935678635611,0.36928498999793397,3,3,False,3.2772008393315937,2.8799921450951005,2.903838698843641,3,3.15611658804103e-08
plane3,3,149,feature_zscore,256,32,3,31.999999999999993,2.9319256149519304,2.8643203688415153,2.3056943871813673,0.43370882349350115,3,3,False,3.381814194455444,2.850659069947775,2.8574138270560825,3,2.7805945333606583e-08
plane3,3,149,row_l2_centered,256,32,3,1.0004295717551512,2.991442700145344,2.9829625805859137,2.7429481294937745,0.36457123969914634,3,3,False,2.2199459201582594,1.8380159302104149,1.9207095537944991,2,0.07706247838179389
plane3,3,17,raw_centered,512,32,3,2.98792089770045,2.9838174642986157,2.967439115548112,2.6256327055781776,0.3808605818610851,3,3,False,3.00181961186074,2.859018608219408,2.9946453873678527,3,2.7805945333606583e-08
plane3,3,17,feature_zscore,512,32,3,32.0,2.975674334772998,2.951513912491721,2.567483972321926,0.38948636516536517,3,3,False,3.0100944265859417,2.8621253160237696,3.0263795779874787,3,2.3441496267482434e-08
plane3,3,17,row_l2_centered,512,32,3,0.9985470590548478,2.9901136838850015,2.9800374646398384,2.6940822599818257,0.37118391478022134,3,3,False,2.0036054351079686,1.8062008315152658,1.9222001082774076,2,0.05741554186925682
plane3,3,41,raw_centered,512,32,3,3.146935644641662,2.9883079250857776,2.9764485257720303,2.674875215897333,0.37384921511732383,3,3,False,3.3103273861581894,2.908834393328011,2.975949481352319,3,1.7987292724647335e-08
plane3,3,41,feature_zscore,512,32,3,32.00000000000001,2.9714128687774894,2.945600213887796,2.7193834600619997,0.36773041194315453,3,3,False,3.2927017509321552,2.9659599047753975,2.997254466612566,3,2.9802322387695312e-08
plane3,3,41,row_l2_centered,512,32,3,0.9998379391530525,2.9943260428633023,2.988596487094673,2.769691752595045,0.36105100831637904,3,3,False,2.2130929508394117,1.8477900213973553,1.939901192596448,2,0.05638864582300027
plane3,3,73,raw_centered,512,32,3,3.0164732140140007,2.9800858350913835,2.9603762949275425,2.6105447967304363,0.38306180428408854,3,3,False,3.135776097837904,2.9221938876872273,2.908968710128575,3,2.580956827951785e-08
plane3,3,73,feature_zscore,512,32,3,31.999999999999993,2.981949173801799,2.9643700551201437,2.6476870759102384,0.37768813735520984,3,3,False,3.1383249192419216,2.9255394303798563,2.882656531197119,3,1.4901161193847656e-08
plane3,3,73,row_l2_centered,512,32,3,1.0016586838439265,2.9931412792466427,2.986314957347232,2.7648989885426962,0.36167686564458296,3,3,False,2.019373651268501,1.837626177847416,1.9414941439845148,2,0.04038790375261332
plane3,3,101,raw_centered,512,32,3,2.989294735810824,2.9930486995098824,2.986005309961229,2.7438202547032047,0.3644553604726446,3,3,False,3.1038442252184133,2.817833084507752,2.9672875884855063,3,2.9564788826321568e-08
plane3,3,101,feature_zscore,512,32,3,32.000000000000014,2.9511356880522106,2.9013717666890217,2.382121964431146,0.4197937867714516,3,3,False,3.141782009550067,2.88805825801229,2.9512454914586654,3,2.1073424255447017e-08
plane3,3,101,row_l2_centered,512,32,3,0.9999812311404928,2.9965893663391205,2.993197933829588,2.8359991350631852,0.35260941642625726,3,3,False,2.0299158199920093,1.8324201261068978,1.9271024625177757,2,0.046738545069794676
plane3,3,149,raw_centered,512,32,3,2.931963906507658,2.982994015155392,2.966519214823009,2.6658426278276224,0.3751159162815599,3,3,False,3.2310638228940505,2.8409374373583205,3.019023223162224,3,2.9802322387695312e-08
plane3,3,149,feature_zscore,512,32,3,31.999999999999996,2.9403077255508787,2.8879409523522583,2.478573131518995,0.4034579360533733,3,3,False,3.2197750455742162,2.86123978753748,2.9549274511416606,3,1.7987292724647335e-08
plane3,3,149,row_l2_centered,512,32,3,1.0006889938499963,2.9835534553917227,2.9678346377773264,2.6936446126856315,0.3712442225268072,3,3,False,1.930230833799609,1.8342355684889018,1.9631431841644837,2,0.036929558353701736
plane3,3,17,raw_centered,1024,32,3,3.010070172771313,2.991751690233119,2.9837938698457904,2.7947294728398155,0.35781638606468325,3,3,False,2.927230363874553,2.8255073548863363,2.9250802540113856,3,2.3441496267482434e-08
plane3,3,17,feature_zscore,1024,32,3,31.999999999999996,2.980387246100876,2.9602136717383356,2.577765404585602,0.38793289653941904,3,3,False,2.9375975980811706,2.8561297677367343,2.9309689807449253,3,2.580956827951785e-08
plane3,3,17,row_l2_centered,1024,32,3,1.00026962263345,2.9991395947881694,2.9982875668172597,2.932014834625631,0.3410623944294208,3,3,False,1.9915999842365728,1.8707030955460597,1.9774899639975008,2,0.03885541038944364
plane3,3,41,raw_centered,1024,32,3,2.9331694687061978,2.9938157502349525,2.987816187848426,2.8219917152606127,0.35435965123223245,3,3,False,2.8508621816239237,2.8161394694767936,2.935817586875677,3,2.3441496267482434e-08
plane3,3,41,feature_zscore,1024,32,3,32.0,2.9609138872654097,2.92290314536541,2.4792681350816315,0.40334483626438183,3,3,False,2.861714679957524,2.7783836783871756,2.921177156737525,3,2.7805945333606583e-08
plane3,3,41,row_l2_centered,1024,32,3,1.0009611169254753,2.998998905842691,2.9980006145639475,2.9101721555700157,0.3436222829931275,3,3,False,2.0248149589504076,1.847368536304612,1.929569249331213,2,0.035768557477032566
plane3,3,73,raw_centered,1024,32,3,3.0459378658087415,2.9899209894134597,2.9797163167840606,2.697660740788446,0.37069153466189,3,3,False,3.0524722912954227,2.7982823955827842,2.952290745073879,3,2.0355364736682755e-08
plane3,3,73,feature_zscore,1024,32,3,32.000000000000014,2.980035321745288,2.961017298967207,2.6596480168660492,0.3759896022550882,3,3,False,3.03519676582608,2.8069609253533043,2.9469405441847005,3,1.4901161193847656e-08
plane3,3,73,row_l2_centered,1024,32,3,0.9987979048141293,2.998176730695144,2.996331874111202,2.860686114875894,0.34956648854269123,3,3,False,1.942734063495098,1.8580297696823163,1.9069358294106293,2,0.032315667401755135
plane3,3,101,raw_centered,1024,32,3,3.113169238947138,2.998275117978575,2.9965687600409487,2.8950077792980586,0.3454222151494412,3,3,False,3.015536727534197,2.8040417955382027,2.922779917506675,3,2.3441496267482434e-08
plane3,3,101,feature_zscore,1024,32,3,32.0,2.9875046397167093,2.9754007874848343,2.7202388507445963,0.36761477755024174,3,3,False,3.0156195683026645,2.8123049978061134,2.9207024245662625,3,2.580956827951785e-08
plane3,3,101,row_l2_centered,1024,32,3,1.0004171680632323,2.999592887923703,2.9991828236970624,2.9315792315132865,0.3411130728620281,3,3,False,2.009439602024286,1.8599768956524017,1.9416531014304361,2,0.03216263883042876
plane3,3,149,raw_centered,1024,32,3,2.919750141291141,2.997042350509527,2.9940558872494503,2.8290822774406217,0.35347151547132355,3,3,False,2.9446353801527065,2.8573446324827723,2.9601036841179282,3,2.7805945333606583e-08
plane3,3,149,feature_zscore,1024,32,3,31.999999999999993,2.964655069556567,2.9313539088378953,2.540313970270191,0.3936521279271785,3,3,False,2.952644065290391,2.8607924337190185,2.9939933758968964,3,3.15611658804103e-08
plane3,3,149,row_l2_centered,1024,32,3,0.9990655574435563,2.997832288093693,2.995687545840503,2.879212199166664,0.347317228056144,3,3,False,1.923246433108589,1.8338897321079066,1.9259509435197835,2,0.030475483177761352
plane8,8,17,raw_centered,256,32,8,8.256843684885409,7.889354240618122,7.780423338051071,6.193770638703492,0.16145253971001494,7,8,False,7.093650464070841,6.630356831180762,6.535067836324513,7,1.1688286902467222
plane8,8,17,feature_zscore,256,32,8,31.999999999999993,7.800566651714264,7.627711168964808,6.013583344867526,0.16629020380227708,7,8,False,6.92143245558611,6.534122485855489,6.3996615036178754,7,1.1822759093735091
plane8,8,17,row_l2_centered,256,32,8,0.999237862948408,7.875394196889309,7.750709638631029,5.991264189681276,0.16690968188688704,7,8,False,6.247208344776432,5.816791471879549,5.88397183678434,6,1.0334890965962253
plane8,8,41,raw_centered,256,32,8,7.596616506605736,7.8950040903956795,7.793465808901949,6.361185843207365,0.15720339330564054,7,8,False,7.463112769948298,6.473999422219315,6.2814957047351285,7,0.8143914806773769
plane8,8,41,feature_zscore,256,32,8,31.99999999999999,7.830834025467514,7.672318679930132,5.956164200745088,0.1678932894218908,7,8,False,7.802990149138353,6.4956023361685995,6.379552391910078,8,3.332000937312528e-08
plane8,8,41,row_l2_centered,256,32,8,0.9982985997005436,7.897456153242892,7.798211239764708,6.274407480729555,0.1593775990914325,7,8,False,6.719350279677348,6.037529932209674,5.730842447720368,7,0.337647804970271
plane8,8,73,raw_centered,256,32,8,8.185726614793104,7.842337291425316,7.693296434994342,5.986277017899887,0.16704873446548607,7,8,False,7.802268005152506,6.6275044143730515,6.630781169467037,8,3.491012543650693e-08
plane8,8,73,feature_zscore,256,32,8,31.999999999999996,7.817050127984085,7.6477719735318415,5.829291816716248,0.17154742487455693,7,8,False,7.713128704406484,6.639546900422508,6.65089455960911,8,3.491012543650693e-08
plane8,8,73,row_l2_centered,256,32,8,0.999979901402335,7.908142295950928,7.821722661916767,6.552926313061621,0.1526035777339278,7,8,False,7.177869857403239,6.040978979629077,6.136200850357168,7,0.2587804209741673
plane8,8,101,raw_centered,256,32,8,7.8849112555420255,7.8364795403360565,7.68383621858161,5.9243658218886495,0.16879443809923378,7,8,False,6.556599764557405,6.694647384530452,6.704759953714928,7,0.9154628299769046
plane8,8,101,feature_zscore,256,32,8,32.0,7.755855034791417,7.5038745381355545,5.1485510103565675,0.1942294051255295,7,8,False,6.780366812547741,6.602548988921872,6.619208546137077,7,1.2267867660907448
plane8,8,101,row_l2_centered,256,32,8,1.0000284004972215,7.884211348300531,7.776383839721151,6.317491441286494,0.15829067744591357,7,8,False,5.604859511189095,5.843560966377388,5.945753179397487,6,0.8936740725690702
plane8,8,149,raw_centered,256,32,8,8.154582236965378,7.843092177523406,7.695402097055127,6.02928376614295,0.16585717952361684,7,8,False,6.7825858118941955,6.588593867538922,6.566027270126543,7,1.255863064293373
plane8,8,149,feature_zscore,256,32,8,32.00000000000001,7.668130160606323,7.362994683932509,5.048899141164042,0.19806297809495288,7,8,False,6.960626640017575,6.491170689218661,6.414197087536889,7,1.238902608800732
plane8,8,149,row_l2_centered,256,32,8,1.0023066961519442,7.870481230601421,7.745851611827255,6.259014160911188,0.1597695698222258,7,8,False,6.039212446415315,5.599347853675494,5.787326329725912,6,1.1437434242938447
plane8,8,17,raw_centered,512,32,8,7.849278930013178,7.930358054298447,7.864056811582402,6.765630915469737,0.14780587538606074,7,8,False,7.805871663929511,6.822016601508597,6.840541427057664,8,3.15611658804103e-08
plane8,8,17,feature_zscore,512,32,8,31.999999999999993,7.87311195631537,7.750332401580551,6.093870746608642,0.164099312502898,7,8,False,7.97567026255346,6.742847603540939,6.832860177170029,8,3.9011746477334125e-08
plane8,8,17,row_l2_centered,512,32,8,0.999942009311342,7.942896545521124,7.887762058929501,6.829281964693649,0.14642827828311206,7,8,False,6.933033380172174,5.765217443912935,6.018496973738447,7,0.243544814207718
plane8,8,41,raw_centered,512,32,8,8.100638372572014,7.897289516269381,7.802422265660013,6.324082286114214,0.15812570974854323,7,8,False,7.124167891045898,6.827641621510827,6.983001147372825,7,1.180926268463185
plane8,8,41,feature_zscore,512,32,8,31.999999999999993,7.772278320481478,7.572865857568297,5.633163892822222,0.17752013238496397,7,8,False,7.031017229245246,6.719276591242833,6.975801758579742,7,1.0534640160216333
plane8,8,41,row_l2_centered,512,32,8,1.0006061884817024,7.942600758318668,7.889272687648147,6.746434860540519,0.14822643672866959,7,8,False,6.608819148023803,5.990464035099251,6.260358289532913,7,0.17281308881782542
plane8,8,73,raw_centered,512,32,8,8.074288824158248,7.921228107823538,7.84481186041984,6.524964011735168,0.15325755026410826,7,8,False,7.051373183101079,6.651342613213988,6.86033619135619,7,0.9394931901049003
plane8,8,73,feature_zscore,512,32,8,32.0,7.771835053180398,7.575694296392445,6.205794457066965,0.16113972303114732,7,8,False,7.111856433356003,6.644426448329604,6.822743695888638,7,0.901452891815212
plane8,8,73,row_l2_centered,512,32,8,0.9998400713802121,7.930274629893157,7.862309087320367,6.573895474191833,0.15211680866023136,7,8,False,6.074830166874482,5.723397273890885,6.021522919292293,6,1.1510971777937216
plane8,8,101,raw_centered,512,32,8,7.596185243260666,7.933890959726835,7.870515057804131,6.756227460983683,0.1480115946028856,7,8,False,7.916034775605936,6.725546849397704,6.988773793840538,8,3.15611658804103e-08
plane8,8,101,feature_zscore,512,32,8,32.00000000000001,7.778058277719217,7.564702550737659,5.522716606104001,0.18107030856784265,7,8,False,7.659748188844356,6.744864607287801,6.843432726928852,8,3.942476676500724e-08
plane8,8,101,row_l2_centered,512,32,8,0.9995714781406572,7.92868701494435,7.8596936446370425,6.623745863986732,0.15097197575725152,8,8,False,6.550077849186359,6.118670361501586,6.255184688301267,7,0.24646314287877363
plane8,8,149,raw_centered,512,32,8,7.90171114999656,7.9438085313709585,7.889514945305713,6.749876274417237,0.14815086371139993,8,8,False,7.618547861377208,6.874321458061146,6.961899669778367,8,3.332000937312528e-08
plane8,8,149,feature_zscore,512,32,8,32.0,7.859850986720542,7.731592305405672,6.227448027337873,0.16057942123484614,7,8,False,7.822270415222456,6.768416955834508,6.897623857650241,8,3.491012543650693e-08
plane8,8,149,row_l2_centered,512,32,8,1.0011994769256674,7.954228113511632,7.909390783448114,6.844782400645261,0.14609668232926287,8,8,False,6.729373666687441,6.0779980237086715,5.942169697286417,7,0.2571243418293247
plane8,8,17,raw_centered,1024,32,8,8.105513072837185,7.971149631938913,7.94311551862934,7.149261347549776,0.1398745900291817,8,8,False,7.818464451857514,7.0856405177071835,7.124385008773195,8,3.6500241499888574e-08
plane8,8,17,feature_zscore,1024,32,8,31.999999999999996,7.776209653840469,7.574534235540824,5.824445615975398,0.17169016004839696,7,8,False,7.788168204080647,6.856924460823507,7.112530640167405,8,3.637238806906626e-08
plane8,8,17,row_l2_centered,1024,32,8,0.9997163707288126,7.968425958507453,7.937240221540043,7.110594283316471,0.1406352212143916,8,8,False,6.6919234004565995,6.173870277126193,6.289767676609997,7,0.2923132604571718
plane8,8,41,raw_centered,1024,32,8,7.847283411442609,7.972793721017746,7.945950955008507,7.162625111709539,0.1396136171311254,8,8,False,7.081984858339545,6.928159208111953,7.087027166512405,7,0.8825888243650328
plane8,8,41,feature_zscore,1024,32,8,31.999999999999986,7.847190678193258,7.700375714169314,5.950975055773751,0.16803968940010608,7,8,False,7.097361995494772,7.026963109353964,7.173821915638759,7,1.0506525410454413
plane8,8,41,row_l2_centered,1024,32,8,1.0004632657058585,7.976026038254073,7.952480129038074,7.198699020357578,0.13891398948227276,8,8,False,6.184025607948637,5.984515919592189,6.254337619498368,6,1.15861145602985
plane8,8,73,raw_centered,1024,32,8,8.114863274140907,7.95291791679509,7.90569274782387,6.672760508959288,0.1498630137642935,8,8,False,8.163218324608208,7.106595611859533,7.206806015383931,8,3.942476676500724e-08
plane8,8,73,feature_zscore,1024,32,8,31.999999999999993,7.847622479504437,7.703239012246911,5.942980856019587,0.1682657279616019,7,8,False,8.059056602761853,7.07324409176675,7.132829570530327,8,3.491012543650693e-08
plane8,8,73,row_l2_centered,1024,32,8,1.0007253965064447,7.967928433564179,7.9362955566900135,7.054621712419065,0.14175104502621091,8,8,False,6.935090266409149,6.207102875862926,6.318994970815705,7,0.20991730691972246
plane8,8,101,raw_centered,1024,32,8,8.068501218799545,7.962753290615572,7.926017584173283,6.974249492014505,0.14338460376919365,8,8,False,7.942423276547809,7.0200871041789705,7.110190189799503,8,3.79625041324479e-08
plane8,8,101,feature_zscore,1024,32,8,31.999999999999993,7.858122852638361,7.725480525852735,6.205231859162383,0.16115433277862812,7,8,False,7.8639460509804335,7.01353263758179,7.1191894316340125,8,3.15611658804103e-08
plane8,8,101,row_l2_centered,1024,32,8,1.0000430875924098,7.967696426050031,7.935757760333567,7.0555802774725285,0.14173178685144563,8,8,False,6.583353517010595,6.201938131042868,6.337499965325819,7,0.1942468938242583
plane8,8,149,raw_centered,1024,32,8,7.802409151378301,7.95946133612165,7.919581501063919,6.859641360815609,0.14578021610755176,8,8,False,7.833778389421428,6.944455101786914,7.123628016884545,8,2.7805945333606583e-08
plane8,8,149,feature_zscore,1024,32,8,31.999999999999996,7.775489751480713,7.558731236365736,5.557585860130573,0.17993424216328804,7,8,False,7.937951083458064,6.925670155917197,7.127295782603579,8,3.79625041324479e-08
plane8,8,149,row_l2_centered,1024,32,8,0.9996075636981532,7.971769492867511,7.943847464328819,7.078116572790457,0.14128052140935038,8,8,False,7.481630002752279,6.040774068168959,6.214506038418284,7,0.292129180821214
swiss_roll,2,17,raw_centered,256,32,3,91.38479318536662,2.2609997902752266,2.134057789184136,2.027000229185042,0.4933398554187886,2,2,False,2.1593658063024073,1.7046631552508893,1.7427609515212579,2,1.193209139351123
swiss_roll,2,17,feature_zscore,256,32,3,32.00000000000001,2.5192627899282063,2.312379379843713,1.8805077499258642,0.5317712729657313,2,3,False,2.006885488629578,1.7094247076289477,1.8331431291022033,2,0.4451444753368229
swiss_roll,2,17,row_l2_centered,256,32,3,0.8857875017895174,2.306563474014602,2.163343630119663,1.988607428196454,0.5028644597324768,2,2,False,2.112731392383452,1.6934359462867232,1.7430367158848523,2,0.09235569100647881
swiss_roll,2,41,raw_centered,256,32,3,86.70737043795401,2.2583344783920802,2.1293937437511303,1.9703185205380562,0.5075321525815629,2,2,False,1.9570702745392334,1.694774892251803,1.6753395146642989,2,0.43454661944275286
swiss_roll,2,41,feature_zscore,256,32,3,31.999999999999996,2.487565313478908,2.304355710988587,1.9799896929682637,0.5050531341407486,2,3,False,2.0203508190119335,1.726533881121406,1.7730161043348052,2,0.34557835666916203
swiss_roll,2,41,row_l2_centered,256,32,3,0.8434036804249946,2.291410929342909,2.1469428817625698,1.9269879183665002,0.5189446132322905,2,2,False,1.8881721759168426,1.731915370527957,1.8123755934443406,2,0.05788982237985714
swiss_roll,2,73,raw_centered,256,32,3,96.8739261081848,2.227678548391855,2.0823434352431653,1.7975553510024056,0.5563111029890404,2,2,False,2.3225202854607283,1.654641258487534,1.6982521285431122,2,1.4303231561917666
swiss_roll,2,73,feature_zscore,256,32,3,32.0,2.3883775351643495,2.1763480446070878,1.7697368393382469,0.5650557629652595,2,3,False,2.2090657680320374,1.7196079973895748,1.8089309073772277,2,1.1631078231450014
swiss_roll,2,73,row_l2_centered,256,32,3,0.8668453279952999,2.2545069474588173,2.1012224592748705,1.8090932545073568,0.5527631024594777,2,2,False,2.2396859255596238,1.7589626597654098,1.7804690532674141,2,0.0709490797786664
swiss_roll,2,101,raw_centered,256,32,3,98.17668634258956,2.240761655923322,2.10052514929474,1.841418131901355,0.5430597117925904,2,2,False,1.8664910801766275,1.674249299503177,1.6675577274929176,2,1.113207672530561
swiss_roll,2,101,feature_zscore,256,32,3,32.00000000000001,2.571381114506806,2.390797736682107,2.0589754651550627,0.4856784439268146,2,3,False,1.820891642576825,1.737814899915084,1.820782743310139,2,0.4350323712930417
swiss_roll,2,101,row_l2_centered,256,32,3,0.8430176796554636,2.2648385012135464,2.125192750936124,1.8954141647156464,0.52758917740283,2,2,False,2.024968950415912,1.6851518436345954,1.7827718271205064,2,0.0955512538806588
swiss_roll,2,149,raw_centered,256,32,3,97.1775231101272,2.222217020438766,2.1064769474194933,1.9700719196842305,0.5075956821719906,2,2,False,2.05159623744397,1.7644432116715763,1.7555293908551493,2,1.1309147792137475
swiss_roll,2,149,feature_zscore,256,32,3,31.999999999999996,2.372743682059124,2.2000822763411954,1.9004572921257241,0.5261891462351501,2,3,False,2.0219959616402607,1.805557638468632,1.8093318421369398,2,0.4350155566331183
swiss_roll,2,149,row_l2_centered,256,32,3,0.8985574143043287,2.250099850427417,2.119371611911422,1.921378495206593,0.5204596608605617,2,2,False,2.00353866814128,1.8221870174801533,1.828833808128414,2,0.06582031698674863
swiss_roll,2,17,raw_centered,512,32,3,93.38773479083846,2.250182194657519,2.112166393598514,1.8720152024023373,0.5341836961135308,2,2,False,1.8953090899826663,1.7125977219571955,1.7843960623193633,2,0.07590895557633147
swiss_roll,2,17,feature_zscore,512,32,3,31.99999999999999,2.4000969084364296,2.237489255909866,2.0512363058243355,0.48751087193638937,2,3,False,1.902640532373655,1.7416689759940338,1.8052961250518993,2,0.15766094097756694
swiss_roll,2,17,row_l2_centered,512,32,3,0.859047268508435,2.299384517305276,2.155991285058404,1.9600611121596005,0.5101881741320796,2,2,False,1.9176670566034981,1.7225266291991665,1.8009684045757681,2,0.045183256389992044
swiss_roll,2,41,raw_centered,512,32,3,97.2323929030863,2.217551973036518,2.0654665304244935,1.759804433699456,0.5682449599799011,2,2,False,2.0078668634995904,1.7152432608375685,1.7714227613814888,2,0.05731044563551261
swiss_roll,2,41,feature_zscore,512,32,3,31.999999999999996,2.3520795081461356,2.1667581339820026,1.8183398214560633,0.5499522081627376,2,3,False,1.9962833092962036,1.7683690039038993,1.804638822020386,2,0.5202878834930417
swiss_roll,2,41,row_l2_centered,512,32,3,0.8736252666958388,2.2886053483181064,2.1432540894682677,1.9132472223262131,0.5226716068528533,2,2,False,2.018690395303876,1.7190921105614476,1.773004022427482,2,0.058389281482421854
swiss_roll,2,73,raw_centered,512,32,3,94.32236304385299,2.229886457869676,2.1002685506521703,1.874725204161707,0.5334115089401357,2,2,False,2.0411731916764917,1.7769270787399776,1.7962084366469084,2,0.04390435200892387
swiss_roll,2,73,feature_zscore,512,32,3,31.999999999999986,2.474700561776606,2.2980610552412184,2.0230731695624273,0.49429749504131437,2,3,False,2.1176810463283013,1.8052915727996897,1.8337961350384768,2,0.09484070375918403
swiss_roll,2,73,row_l2_centered,512,32,3,0.8728683343554471,2.2888369031775704,2.148920141794388,1.961390036730023,0.5098425001011901,2,2,False,1.9952331912925891,1.7706362822291837,1.840627634151513,2,0.03540709389287047
swiss_roll,2,101,raw_centered,512,32,3,97.6280594929928,2.2354682470075145,2.0950595888521946,1.8308063735021909,0.5462074059132083,2,2,False,2.0950684481239117,1.759228605446793,1.6994710747125676,2,0.08863145779505224
swiss_roll,2,101,feature_zscore,512,32,3,31.99999999999999,2.4789848960090515,2.301486846813223,2.019815083945667,0.4950948272187971,2,3,False,2.1870054067660396,1.7227099610446015,1.7667820849012916,2,0.5048438677600917
swiss_roll,2,101,row_l2_centered,512,32,3,0.8740593963392389,2.2912650129876915,2.1524872862782645,1.9851371616223805,0.5037435293301025,2,2,False,2.143501721361655,1.8017069559906917,1.7760312039537096,2,0.02855458238009545
swiss_roll,2,149,raw_centered,512,32,3,94.19814758191944,2.229174562192454,2.0834125596330653,1.7983198310528163,0.5560746107184702,2,2,False,2.0861205849710154,1.8057383610461606,1.8221791774205918,2,0.05410895871668471
swiss_roll,2,149,feature_zscore,512,32,3,32.000000000000014,2.441428987712199,2.271865829717594,2.0551090734686968,0.4865921779578148,2,3,False,2.046960153610314,1.8100686871388536,1.8112046429573478,2,0.06032222086190091
swiss_roll,2,149,row_l2_centered,512,32,3,0.8511050002027549,2.2568056915977213,2.109470322441101,1.8376972938522156,0.5441592602575918,2,2,False,2.088874097504292,1.7965019654159824,1.8738825702982926,2,0.03725408989095526
swiss_roll,2,17,raw_centered,1024,32,3,93.34030469916064,2.2328160284648004,2.0994568998805385,1.8601128763745662,0.5376017835804888,2,2,False,2.0013796510307253,1.747013988809305,1.8093854232256006,2,0.03536223526218015
swiss_roll,2,17,feature_zscore,1024,32,3,31.999999999999993,2.6713313957031453,2.4924124065441577,2.045984118981175,0.488762347040095,3,3,False,2.0015567691285727,1.806102790238914,1.8348416913032906,2,0.04757301359749481
swiss_roll,2,17,row_l2_centered,1024,32,3,0.8602564655735756,2.29447480056435,2.153980530204615,1.975662038814738,0.5061594444563664,2,2,False,1.9894165451272652,1.7863881920214517,1.8753011529825843,2,0.020020872814706044
swiss_roll,2,41,raw_centered,1024,32,3,93.08295094688529,2.2399498205267223,2.1087371214183426,1.8895642038283393,0.5292225572298398,2,2,False,2.0321004070971758,1.7338381823784579,1.8192552270036386,2,0.021588283951189884
swiss_roll,2,41,feature_zscore,1024,32,3,32.00000000000001,2.423590090556902,2.250133713868383,1.9742439793501039,0.506523008533721,2,3,False,2.041412955150327,1.750803928630907,1.835728981264326,2,0.02952163147550228
swiss_roll,2,41,row_l2_centered,1024,32,3,0.8637183587941184,2.2861638735779106,2.1494015301433462,1.991182733394822,0.5022140777080126,2,2,False,2.1014957395668112,1.767140779655112,1.8302124941108113,2,0.0403484603450798
swiss_roll,2,73,raw_centered,1024,32,3,96.66651227696106,2.2257692913673615,2.0854399297219453,1.8139840735239878,0.5512727562471492,2,2,False,1.825364491432735,1.7788332267585725,1.805359124096546,2,0.029120242232174548
swiss_roll,2,73,feature_zscore,1024,32,3,31.999999999999996,2.544442126026768,2.3630327552866346,2.040544380330555,0.49006530298449397,2,3,False,1.830194119208124,1.8051366281048309,1.8689257502589018,2,0.03186255101903829
swiss_roll,2,73,row_l2_centered,1024,32,3,0.8603234238928604,2.2994417392841733,2.1535884500172835,1.9370483168193764,0.5162493838264164,2,2,False,1.8241862255238712,1.7687252153148765,1.8230759460737014,2,0.029588703905112715
swiss_roll,2,101,raw_centered,1024,32,3,93.41380406483498,2.2381492916890737,2.108298885956288,1.894023921653772,0.5279764360773477,2,2,False,2.007171645200144,1.8017976315869526,1.8336218873127748,2,0.03793848984936889
swiss_roll,2,101,feature_zscore,1024,32,3,32.0,2.4591458124603314,2.251886605728491,1.8401232929018503,0.5434418464553064,2,3,False,1.9344519363670185,1.7754357142249324,1.8434237733176524,2,0.04683763591508293
swiss_roll,2,101,row_l2_centered,1024,32,3,0.8566244971501885,2.2944401072875227,2.1549934719362542,1.9898158429838662,0.5025590702406063,2,2,False,1.9595332827619225,1.8131619351056663,1.8560093962877025,2,0.017503157379869384
swiss_roll,2,149,raw_centered,1024,32,3,94.22562218344083,2.2437706998482074,2.1127525787469676,1.9009229319429854,0.5260602537830782,2,2,False,2.053138609564518,1.762597084170836,1.8519569983489452,2,0.05545909492736702
swiss_roll,2,149,feature_zscore,1024,32,3,32.0,2.3680739501535166,2.1713556397885254,1.7965786421881,0.5566135411595865,2,3,False,2.075018645561119,1.8181719020685274,1.879690677776579,2,0.06710999816079935
swiss_roll,2,149,row_l2_centered,1024,32,3,0.848635677836398,2.288449372697928,2.149428153014074,1.9702692910106783,0.5075448338775231,2,2,False,1.9536565351956787,1.7637532405323055,1.8740590386917582,2,0.028409615707515726
sphere2,2,17,raw_centered,256,32,3,0.9950077834569633,2.9713051070301293,2.942845243541821,2.533692676696889,0.3946808581787728,3,3,False,2.0085851392130225,1.8184984408449436,1.8992165691523366,2,0.07025232983791158
sphere2,2,17,feature_zscore,256,32,3,32.0,2.968108034023596,2.9376448006107707,2.5492829709147977,0.39226716351584734,3,3,False,2.030182612875178,1.8535182648049875,1.929216553706978,2,0.07323422800027318
sphere2,2,17,row_l2_centered,256,32,3,0.9950077834569637,2.971305107030129,2.9428452435418224,2.5336926766968895,0.39468085817877274,3,3,False,2.008585139213098,1.8184984408449443,1.8992165691523057,2,0.0702523298379094
sphere2,2,41,raw_centered,256,32,3,1.0010678338170096,2.992785980461063,2.9856442222529718,2.7657352048914903,0.3615675131268518,3,3,False,1.6423196525203412,1.8455629767203208,1.9061462427483085,2,0.06894868226479733
sphere2,2,41,feature_zscore,256,32,3,32.0,2.9554232036559487,2.914641330884011,2.514378843282265,0.39771254147787927,3,3,False,1.6272515572878483,1.8688509547352408,1.962350320809803,2,0.08799056402094046
sphere2,2,41,row_l2_centered,256,32,3,1.0010678338170096,2.992785980461063,2.985644222252972,2.765735204891491,0.3615675131268517,3,3,False,1.64231965252035,1.8455629767203452,1.906146242748311,2,0.06894868226479814
sphere2,2,73,raw_centered,256,32,3,0.9986844988586152,2.9812172712925857,2.963456743939055,2.686497859721526,0.3722318245597474,3,3,False,1.8503130158476433,1.8304357677373786,1.9442601720433994,2,0.08068971731679775
sphere2,2,73,feature_zscore,256,32,3,32.0,2.9715553481849026,2.9445653252387145,2.585538591010662,0.3867666115975897,3,3,False,1.8550355606301918,1.8583636963581118,1.9603317985583606,2,0.11662032205140702
sphere2,2,73,row_l2_centered,256,32,3,0.9986844988586154,2.9812172712925857,2.963456743939055,2.686497859721526,0.3722318245597474,3,3,False,1.8503130158476762,1.8304357677374115,1.9442601720433952,2,0.08068971731680082
sphere2,2,101,raw_centered,256,32,3,0.9990019346829888,2.993151701820054,2.9865539402205257,2.8305633521452886,0.3532865636948554,3,3,False,1.9255466355179958,1.8870009240789574,1.9110932330608614,2,0.07598472538621102
sphere2,2,101,feature_zscore,256,32,3,32.0,2.985824390154544,2.9715163724452593,2.650014693508703,0.3773563982303692,3,3,False,1.9399136218377058,1.843256962224538,1.9343471862960893,2,0.060878868443275946
sphere2,2,101,row_l2_centered,256,32,3,0.9990019346829886,2.993151701820054,2.9865539402205257,2.830563352145289,0.3532865636948554,3,3,False,1.9255466355181434,1.887000924078957,1.9110932330608617,2,0.07598472538621186
sphere2,2,149,raw_centered,256,32,3,0.9935962034030639,2.9814598717921386,2.9641819063538146,2.7302522807373637,0.366266519418465,3,3,False,2.1376798093806215,1.9485258163397172,1.9583226870187702,2,0.08740848356594698
sphere2,2,149,feature_zscore,256,32,3,32.0,2.9345556204414036,2.868891853132878,2.3101309354633206,0.43287589662074266,3,3,False,2.147079918744089,1.9438726774616137,1.9253123456973136,2,0.10156998719674026
sphere2,2,149,row_l2_centered,256,32,3,0.9935962034030634,2.9814598717921386,2.9641819063538146,2.730252280737363,0.3662665194184651,3,3,False,2.1376798093806406,1.9485258163397168,1.9583226870187682,2,0.08740848356594583
sphere2,2,17,raw_centered,512,32,3,1.0004155301331674,2.995153078576987,2.990286541945052,2.7918549594715687,0.3581847963152341,3,3,False,1.9076713076539717,1.8637892401302008,1.9089723138343118,2,0.06060586682218079
sphere2,2,17,feature_zscore,512,32,3,32.00000000000001,2.9515517299028797,2.903793152353778,2.410321913787756,0.4148823417650993,3,3,False,1.8841794527692313,1.8509557298437884,1.9086263232956013,2,0.07495674784693579
sphere2,2,17,row_l2_centered,512,32,3,1.0004155301331676,2.995153078576987,2.9902865419450526,2.7918549594715687,0.35818479631523414,3,3,False,1.90767130765412,1.8637892401301992,1.9089723138343202,2,0.060605866822170625
sphere2,2,41,raw_centered,512,32,3,0.9993944142336347,2.989622694492933,2.9795495549626962,2.7464184116619226,0.36411057971129623,3,3,False,2.0022823925113356,1.8356214567619444,1.8944020486940838,2,0.04317352088738871
sphere2,2,41,feature_zscore,512,32,3,32.0,2.9868692602245397,2.9741109437265263,2.7071522654488773,0.36939185607064046,3,3,False,2.0086052734519826,1.8314924672241069,1.9136284095326954,2,0.06593368500490945
sphere2,2,41,row_l2_centered,512,32,3,0.9993944142336353,2.989622694492933,2.979549554962697,2.746418411661923,0.3641105797112962,3,3,False,2.0022823925113915,1.8356214567619533,1.894402048694086,2,0.04317352088738551
sphere2,2,73,raw_centered,512,32,3,0.998186933205408,2.992094253080049,2.9841319564742537,2.734510913816118,0.36569610856094936,3,3,False,1.9926203976355021,1.7857280907499469,1.9285486106551586,2,0.06139990451379328
sphere2,2,73,feature_zscore,512,32,3,31.999999999999986,2.964404410009902,2.928208640462477,2.462941012335872,0.40601865614783533,3,3,False,1.9862530231705977,1.7840679333303455,1.9168593354896157,2,0.056841364035349826
sphere2,2,73,row_l2_centered,512,32,3,0.9981869332054081,2.9920942530800483,2.9841319564742537,2.7345109138161185,0.3656961085609493,3,3,False,1.9926203976355101,1.7857280907499464,1.9285486106551673,2,0.061399904513789655
sphere2,2,101,raw_centered,512,32,3,0.9986024737381218,2.994779169671206,2.989716641597406,2.8475877827698453,0.35117442420942724,3,3,False,2.0549949427948557,1.8858245221641396,1.8915262639677932,2,0.04563444118273199
sphere2,2,101,feature_zscore,512,32,3,32.000000000000014,2.9975500592324424,2.9951465247296256,2.8917368983036424,0.3458129266831372,3,3,False,2.0553455377747936,1.8832062613840703,1.892650897904412,2,0.052007853100584533
sphere2,2,101,row_l2_centered,512,32,3,0.998602473738122,2.994779169671206,2.989716641597406,2.8475877827698453,0.35117442420942724,3,3,False,2.0549949427948055,1.8858245221641439,1.891526263967771,2,0.045634441182729524
sphere2,2,149,raw_centered,512,32,3,1.0017471926440173,2.9915989434299233,2.9831732005670766,2.7313359380601083,0.3661212032051376,3,3,False,2.183068018370597,1.8787367388311438,1.8973650745594457,2,0.05031771424047668
sphere2,2,149,feature_zscore,512,32,3,32.0,2.9828277935153515,2.966857921671498,2.778763357232679,0.3598723142066628,3,3,False,2.1695323326411162,1.9047472828973848,1.9108128111079012,2,0.05517352401252398
sphere2,2,149,row_l2_centered,512,32,3,1.001747192644017,2.991598943429924,2.983173200567076,2.7313359380601088,0.3661212032051375,3,3,False,2.183068018369323,1.8787367388311513,1.8973650745594406,2,0.05031771424047247
sphere2,2,17,raw_centered,1024,32,3,1.0005550618424217,2.9966228496508625,2.993332580496708,2.889884212489371,0.34603462508229405,3,3,False,1.9660126161438736,1.8272124694805951,1.9348466036415402,2,0.061477020170282504
sphere2,2,17,feature_zscore,1024,32,3,32.00000000000001,2.9438475144638407,2.8870971275384107,2.3495613847411594,0.4256113530356499,3,3,False,1.9762081392702087,1.8427167467327892,1.950391335942836,2,0.032322393339470956
sphere2,2,17,row_l2_centered,1024,32,3,1.0005550618424217,2.9966228496508625,2.9933325804967086,2.8898842124893713,0.346034625082294,3,3,False,1.9660126161440303,1.8272124694805496,1.934846603641538,2,0.061477020170285133
sphere2,2,41,raw_centered,1024,32,3,1.0008636326557647,2.9962009083170367,2.9923915384250623,2.816046099349499,0.35510782306830774,3,3,False,1.8866488005553275,1.857376865574143,1.9472332769681198,2,0.015716426739353112
sphere2,2,41,feature_zscore,1024,32,3,31.999999999999986,2.933433218557579,2.86952100639951,2.3393676421799965,0.4274659450568982,3,3,False,1.8757943639389334,1.837467007592895,1.93419877884065,2,0.029937548871515982
sphere2,2,41,row_l2_centered,1024,32,3,1.0008636326557645,2.9962009083170367,2.992391538425062,2.816046099349499,0.35510782306830774,3,3,False,1.886648800555599,1.85737686557415,1.9472332769681158,2,0.01571642673933847
sphere2,2,73,raw_centered,1024,32,3,1.0006019585738914,2.996941441784615,2.993837761731918,2.821530515219276,0.35441757393939965,3,3,False,1.9470350086547394,1.8343794652842997,1.9586800868614767,2,0.02368224993303369
sphere2,2,73,feature_zscore,1024,32,3,32.00000000000001,2.9764915270285544,2.9534464933513203,2.588022718031768,0.386395371660615,3,3,False,1.9462552553504997,1.829473267194325,1.926488020951607,2,0.027607452552386988
sphere2,2,73,row_l2_centered,1024,32,3,1.000601958573891,2.996941441784615,2.9938377617319163,2.8215305152192727,0.35441757393940004,3,3,False,1.9470350086544073,1.8343794652842433,1.9586800868615013,2,0.02368224993302859
sphere2,2,101,raw_centered,1024,32,3,0.9992084483287167,2.996862739885582,2.993703212863416,2.827199505624173,0.35370690961521856,3,3,False,2.077504931304366,1.8307303685013585,1.9146460472638631,2,0.030635637930086754
sphere2,2,101,feature_zscore,1024,32,3,31.999999999999996,2.9835858695429835,2.9669361414738384,2.621183638678453,0.3815070356933021,3,3,False,2.0725887462002235,1.82804134628094,1.9071066200273932,2,0.03248302050866829
sphere2,2,101,row_l2_centered,1024,32,3,0.9992084483287167,2.996862739885582,2.993703212863416,2.827199505624173,0.35370690961521856,3,3,False,2.0775049313044613,1.8307303685013685,1.914646047263881,2,0.030635637930080308
sphere2,2,149,raw_centered,1024,32,3,1.0002424272458526,2.9966851281433073,2.9934378031937574,2.8673640864431174,0.34875236274597804,3,3,False,2.0550269213791075,1.8736018539492663,1.9648474999735357,2,0.02930972370567951
sphere2,2,149,feature_zscore,1024,32,3,32.0,2.973377981275886,2.947212098394005,2.5589906479283777,0.3907790756521704,3,3,False,2.0578669061915043,1.863447791503389,1.9631206401530217,2,0.017824696162872727
sphere2,2,149,row_l2_centered,1024,32,3,1.000242427245852,2.9966851281433073,2.993437803193757,2.8673640864431165,0.34875236274597815,3,3,False,2.0550269213796373,1.8736018539492771,1.9648474999735046,2,0.029309723705678064
anisotropic_full20,20,17,raw_centered,256,32,20,3.066161954768445,6.577746886374617,4.888236200875868,2.9019632490202882,0.34459430192219115,6,8,False,8.95327009509888,6.673830235938034,6.50969363307366,9,0.9540470671653232
anisotropic_full20,20,17,feature_zscore,256,32,20,31.999999999999993,7.454325269440088,5.871419479650721,3.6257049408768833,0.27580843347891076,7,8,False,9.004119366179008,6.998103777157528,6.783930803847886,9,1.041248375343923
anisotropic_full20,20,17,row_l2_centered,256,32,20,0.9981988750561189,7.588657527506122,5.882966353593577,3.529341747929103,0.2833389542360883,7,8,False,8.649378813971895,6.022855737536176,5.853851234752932,9,1.4189677251574186
anisotropic_full20,20,41,raw_centered,256,32,20,2.7643605327716654,6.630467576340124,4.933807976397739,3.0048183460667843,0.33279882003814626,6,8,False,9.051185250337364,6.908327528472464,6.481144238549199,9,1.2452443071297372
anisotropic_full20,20,41,feature_zscore,256,32,20,31.999999999999996,7.738762549855349,5.970309337521537,3.4022513098406755,0.29392302594097003,7,8,False,8.991913526246618,7.348674141200233,7.218416544420119,9,1.1670842093032063
anisotropic_full20,20,41,row_l2_centered,256,32,20,0.9985775179252119,7.7014807385578266,5.957148828853749,3.7355979371662795,0.26769476180795093,7,9,False,8.787304754795896,6.688884553490653,6.050684210553936,9,1.3300651091189382
anisotropic_full20,20,73,raw_centered,256,32,20,2.9850890546833786,6.646289537808713,5.034696018216822,3.1236695953554263,0.3201362914588971,6,8,False,9.151686620431487,6.795258883446078,6.581641022856225,9,0.8020471530832789
anisotropic_full20,20,73,feature_zscore,256,32,20,32.0,7.475076313798115,5.823123812017773,3.607546042159594,0.277196739366178,7,8,False,9.190225254737484,7.131526532617597,6.832503287255523,9,0.9538662007291636
anisotropic_full20,20,73,row_l2_centered,256,32,20,1.0006150584675122,7.549012732096449,5.853301997723789,3.626949848324522,0.27571376551069554,7,8,False,8.164512779263049,6.31875458450229,6.028087938817909,8,0.8815655574218365
anisotropic_full20,20,101,raw_centered,256,32,20,2.9247398539657166,6.671046607766455,4.957127719411536,2.9734074949889413,0.33631448151162985,6,8,False,8.293982710831905,6.690905664084944,6.516451476355334,8,0.9495431065688216
anisotropic_full20,20,101,feature_zscore,256,32,20,32.0,7.645791880412569,5.851835785702748,3.3756665195816535,0.29623779309928105,7,8,False,8.757828492104002,7.08864513245203,6.954576945393065,9,1.0477910497539047
anisotropic_full20,20,101,row_l2_centered,256,32,20,0.9990343449651375,7.745970651832402,6.015662436597035,3.646956431142564,0.2742012466780985,7,9,False,7.68782663558305,6.263188693081301,6.018075394900507,8,1.204292844005811
anisotropic_full20,20,149,raw_centered,256,32,20,2.964230712248708,6.514012993592757,4.901575205094842,3.0221990248143262,0.3308848926855294,6,8,False,8.021913479070856,6.86574692310089,6.355845361759052,8,0.9228365710483526
anisotropic_full20,20,149,feature_zscore,256,32,20,32.0,7.60238258178877,6.057244034812989,3.7542779130039143,0.2663628061567421,6,8,False,8.182987269839613,7.1738987127880876,7.005060312289414,8,1.1115137320195472
anisotropic_full20,20,149,row_l2_centered,256,32,20,1.0007573796318783,7.531824896921061,5.80956346322409,3.6104467256505615,0.27697403562153694,7,8,False,8.516135621477538,6.2493192800090025,5.711825657364054,9,1.2955264722844961
anisotropic_full20,20,17,raw_centered,512,32,20,2.9782898709435788,6.6152369617662785,4.9716162210159585,3.0667236946176892,0.3260808926983115,6,8,False,10.186323918060483,7.502008231324201,7.405342221187836,10,1.0445469058778805
anisotropic_full20,20,17,feature_zscore,512,32,20,32.0,7.52309555311006,5.85982473636261,3.648187703482773,0.27410870308162644,7,8,False,10.306076851476394,7.740426154487174,7.6356105137364025,10,1.2740687961826902
anisotropic_full20,20,17,row_l2_centered,512,32,20,1.000444918824539,7.637590679659692,5.903369135797847,3.659533602557045,0.27325886536504673,7,8,False,9.57021212253386,6.839464179885521,6.604654565565957,10,1.2546074070906954
anisotropic_full20,20,41,raw_centered,512,32,20,2.917170259945864,6.559961104486153,4.850143630620632,2.9044595135302886,0.34429813717200974,6,8,False,9.018061548037187,7.264395354508382,7.124325690251117,9,0.9874477016383196
anisotropic_full20,20,41,feature_zscore,512,32,20,32.0,7.19141912117926,5.3665452593477765,3.1852164740405184,0.31395040436026556,7,8,False,9.920265436672194,7.664723374202804,7.487557278946014,10,1.147589298009237
anisotropic_full20,20,41,row_l2_centered,512,32,20,0.9983698260021464,7.570123348409195,5.8100299524544585,3.520177101770877,0.28407661634323317,7,8,False,8.486995363588916,6.8397238514874275,6.623668798858052,8,0.918953209842362
anisotropic_full20,20,73,raw_centered,512,32,20,2.834607107992933,6.798177884641555,5.171928332553461,3.3253736149223183,0.30071808939380196,6,8,False,10.126900749882887,7.508543610646768,7.334255355872892,10,0.9581050039232559
anisotropic_full20,20,73,feature_zscore,512,32,20,32.00000000000001,7.810334833252696,6.113322160657194,4.00411368033655,0.24974315911928577,7,9,False,10.480639106975362,8.047300744384994,7.6849269911962255,10,1.2521183724627787
anisotropic_full20,20,73,row_l2_centered,512,32,20,1.0003420863998613,7.82811204960334,6.096327325717147,3.887738773547173,0.2572189280833804,7,9,False,9.32015450548117,6.915172629718177,6.574192207598919,9,0.9949921002317554
anisotropic_full20,20,101,raw_centered,512,32,20,2.977037898572808,6.511622442611942,4.797099237906027,2.8580972288069715,0.34988312850973957,6,8,False,9.212511241492102,7.321781319602608,6.935084377760054,9,1.181553843794803
anisotropic_full20,20,101,feature_zscore,512,32,20,32.00000000000001,7.271277447968424,5.495493242215907,3.241021136437702,0.3085447326329776,7,8,False,9.762660632833917,7.514418137828964,7.334857226830068,10,1.1346957141751552
anisotropic_full20,20,101,row_l2_centered,512,32,20,1.0002625928611564,7.656371476040331,5.900662077987748,3.5540709059529,0.28136748716100385,7,9,False,8.345643743619695,6.760995251093908,6.457424225995219,8,1.208983949897041
anisotropic_full20,20,149,raw_centered,512,32,20,3.0433221686741354,6.444878981873331,4.7594359871402965,2.9345533838611897,0.34076735679765774,6,8,False,9.42935693992867,7.507698045331394,7.275602603148987,9,1.2839325081321151
anisotropic_full20,20,149,feature_zscore,512,32,20,31.99999999999999,7.210634014002195,5.355046962441192,3.145606344505279,0.3179037331695342,7,8,False,9.815150092943108,7.883649693670122,7.532747735454131,10,1.18983077633216
anisotropic_full20,20,149,row_l2_centered,512,32,20,0.9977102369952923,7.53223118208735,5.745297233780227,3.5301352454458192,0.28327526581030765,7,8,False,8.784623896138047,6.933673800694156,6.419954455057756,9,1.330986126229754
anisotropic_full20,20,17,raw_centered,1024,32,20,2.9206203040896197,6.583069874187022,4.816774543465429,2.819008240153736,0.3547346849704364,6,8,False,9.973431048029846,7.897628819942993,7.762405298194347,10,1.0830347241988547
anisotropic_full20,20,17,feature_zscore,1024,32,20,31.999999999999996,7.7271123792631995,5.942788404020292,3.4250083212086144,0.2919700935637788,7,8,False,10.467878936512541,8.352333720269165,8.268281345742027,10,1.0736441199592277
anisotropic_full20,20,17,row_l2_centered,1024,32,20,1.00043327484883,7.702241773812677,5.855324800322569,3.417667207685526,0.29259724228012496,7,9,False,9.796537607444616,7.452115041458567,7.205715944462034,10,1.3483807178312288
anisotropic_full20,20,41,raw_centered,1024,32,20,2.947168853545693,6.608380382804126,4.906086081321208,2.9623978738371806,0.3375643794615288,6,8,False,9.798002551667993,8.05749853684137,7.975074378783978,10,1.192884668841935
anisotropic_full20,20,41,feature_zscore,1024,32,20,31.999999999999993,7.223574070868841,5.4789791357442486,3.1876588097597858,0.3137098603333139,6,8,False,9.926116987846926,8.257588442903542,8.106597589988002,10,1.2747463281417295
anisotropic_full20,20,41,row_l2_centered,1024,32,20,1.0000430220198737,7.708123893143116,5.936265862126253,3.618262491713041,0.27637574727934044,7,9,False,9.051597365544332,7.450997234584673,7.277285195687183,9,1.2545268672891876
anisotropic_full20,20,73,raw_centered,1024,32,20,2.9372609324695786,6.599951417825297,4.918444768578892,3.011353133264323,0.33207662992217546,6,8,False,9.539323493236601,7.814460520300639,7.664641194339723,10,1.144324504977507
anisotropic_full20,20,73,feature_zscore,1024,32,20,31.99999999999999,7.947635193878628,6.293527311867285,4.118279931638648,0.2428198220129499,7,9,False,9.940806919562775,8.296864428768888,8.063750856168092,10,1.3534935023275114
anisotropic_full20,20,73,row_l2_centered,1024,32,20,0.9986518603045587,7.632886866284361,5.88232147635029,3.589659870893206,0.2785779254765919,7,8,False,9.129153242075237,7.449632441967147,7.037928436957925,9,1.1335326425351013
anisotropic_full20,20,101,raw_centered,1024,32,20,3.0247708539370595,6.411689580647017,4.658748393096279,2.7494305856299186,0.3637116736922061,6,8,False,9.84115451259032,7.986544231550994,7.8447938617403015,10,0.9189884510207631
anisotropic_full20,20,101,feature_zscore,1024,32,20,32.0,7.054526088936891,5.277405575056377,3.1160063087988132,0.32092361211729675,7,8,False,9.900502457582657,8.261017720023414,8.102503927843472,10,1.2273015748583478
anisotropic_full20,20,101,row_l2_centered,1024,32,20,0.9994430771462876,7.6604575117104385,5.829186785627062,3.434798008121335,0.2911379352251781,7,9,False,9.586777936989488,7.459806478386292,7.396089903251043,10,1.3109664318384033
anisotropic_full20,20,149,raw_centered,1024,32,20,2.9642552898935266,6.574815819016988,4.899815678195737,3.069456174793792,0.3257906101451931,6,8,False,10.464391327745977,7.978231574592633,7.897678359497583,10,1.3079292931589217
anisotropic_full20,20,149,feature_zscore,1024,32,20,31.99999999999999,7.233757991079796,5.457521612116013,3.4762193772031442,0.28766884120085895,7,9,False,10.798952864034053,8.520540760815944,8.415589137375871,11,1.1784362509971555
anisotropic_full20,20,149,row_l2_centered,1024,32,20,1.000836070972122,7.6665168459108175,5.859021810797085,3.6182413050836026,0.27637736559886356,7,9,False,9.734516038790057,7.52061767831851,7.463020237825944,10,1.1800427585112367
scale_artifact8,8,17,raw_centered,256,32,8,1.2292724148491683,1.9270476522558642,1.5157269423324544,1.2541537137431011,0.7973504276564606,2,3,False,4.424442944468247,3.3719183956317895,3.2870206508541804,4,0.1919338884766319
scale_artifact8,8,17,feature_zscore,256,32,8,7.999999999999998,7.907793189442036,7.82135580826891,6.5460244275305675,0.1527644772901102,7,8,False,8.491056634676879,6.442535140125796,6.548113559995844,8,2.3441496267482434e-08
scale_artifact8,8,17,row_l2_centered,256,32,8,1.0011358694774446,2.776817960292496,2.2349264076570003,1.638269462762429,0.6104001952852206,3,3,False,4.2220438399672835,3.112690091121558,2.957493207347507,4,0.526148939654916
scale_artifact8,8,41,raw_centered,256,32,8,1.2800704851114773,2.135318691511958,1.7531888619810332,1.3949969570274308,0.7168474418258795,2,2,False,4.329306042792214,3.2961969479520725,3.1599631796039254,4,0.23049563464650824
scale_artifact8,8,41,feature_zscore,256,32,8,8.0,7.882300281776468,7.773192867012271,6.419730515028215,0.15576977844460266,7,8,False,7.945383939945005,6.364013327595673,6.457105506157512,8,2.1073424255447017e-08
scale_artifact8,8,41,row_l2_centered,256,32,8,1.0025435531793956,2.8117845305369285,2.3153840432991846,1.730578917856548,0.5778413163836383,3,3,False,4.3624635328943615,3.010442448631874,2.7017760834936,4,0.47400599181946557
scale_artifact8,8,73,raw_centered,256,32,8,1.0762247793284392,2.054444219816091,1.6437571885803828,1.3255996819887326,0.7543755581622869,2,3,False,4.200364241791854,3.4262924180812875,3.3002177951379013,4,0.19752848176081417
scale_artifact8,8,73,feature_zscore,256,32,8,8.000000000000002,7.90086647128654,7.808798109205443,6.627346917994332,0.1508899431965507,7,8,False,7.336863866503574,6.616581205275299,6.49873900522382,7,0.8946386108663831
scale_artifact8,8,73,row_l2_centered,256,32,8,0.999567583131219,2.8764452295010794,2.336750546577124,1.7243094191456128,0.5799423171367325,3,3,False,4.2237552383159676,3.1060003991347913,2.887661506960646,4,0.7504231700175386
scale_artifact8,8,101,raw_centered,256,32,8,1.280822279003559,1.9592129809938292,1.5729215087722652,1.2890431400495796,0.7757692267471651,2,2,False,4.260893109403143,3.137094381288833,3.0689898244467546,4,0.15629678025700858
scale_artifact8,8,101,feature_zscore,256,32,8,7.999999999999998,7.885075458954313,7.780093138255731,6.432239010070263,0.15546685974112712,7,8,False,8.139868527310874,6.555348210069548,6.766884230368915,8,2.7805945333606583e-08
scale_artifact8,8,101,row_l2_centered,256,32,8,1.0030232251990734,2.7047833347563066,2.199861371689883,1.6372533802245852,0.6107790107984558,3,3,False,4.152592915790045,2.8895443935025957,2.7149765698124275,4,0.781597983663739
scale_artifact8,8,149,raw_centered,256,32,8,1.291883813926846,1.8617227051835046,1.4673140733038823,1.2301475996258444,0.8129105810588543,2,2,False,4.069046227521234,3.275296855640504,3.167522565538669,4,0.1585411944448455
scale_artifact8,8,149,feature_zscore,256,32,8,8.0,7.865298467583625,7.744903110452251,6.409851158816282,0.15600986282256696,7,8,False,8.388935493467233,7.126272925775508,6.685207596219399,8,2.9564788826321568e-08
scale_artifact8,8,149,row_l2_centered,256,32,8,1.000308526176114,2.740025388913319,2.194867993254595,1.6216192552154292,0.616667566559668,3,3,False,4.231352763129486,3.20695993415272,2.8777848771843537,4,0.43298536567530854
scale_artifact8,8,17,raw_centered,512,32,8,1.1351761424166447,2.00991646422217,1.5990373785821508,1.300077223498697,0.7691850775670498,2,3,False,4.870128744780646,3.7645325833504275,3.5499378956342396,5,0.15427046537311528
scale_artifact8,8,17,feature_zscore,512,32,8,7.999999999999999,7.955299979352183,7.912273773584648,6.925114868263673,0.14440193686646083,8,8,False,7.782324781197658,6.818214692444708,6.856868655845635,8,3.6500241499888574e-08
scale_artifact8,8,17,row_l2_centered,512,32,8,1.0011194944717563,2.725638665304526,2.1970256087815425,1.6271004653527135,0.6145901997411239,3,3,False,4.504236212964285,3.352009520345934,3.1881412875854753,5,0.3055393125491168
scale_artifact8,8,41,raw_centered,512,32,8,1.346112116561618,1.977770637751435,1.5802547348134968,1.291068591665842,0.7745521860381704,2,2,False,4.6872540301180665,3.5804631029337033,3.38632884199327,5,0.16158816387668096
scale_artifact8,8,41,feature_zscore,512,32,8,8.000000000000002,7.967141802940774,7.934523439910199,6.9863344177393465,0.14313657781122682,8,8,False,7.672637850140169,6.720086101365106,6.968783173366458,8,2.5437873321571163e-08
scale_artifact8,8,41,row_l2_centered,512,32,8,1.0005210156953115,2.734792414663368,2.226038536424024,1.6543163903698894,0.6044792917613598,3,3,False,4.533406923619081,3.280799525796507,3.0465336878958826,5,0.6004541924600417
scale_artifact8,8,73,raw_centered,512,32,8,1.3335379300025436,1.9349214343346048,1.5336504596671303,1.264999443774958,0.7905141815840189,2,2,False,4.830157573922422,3.7109579049346904,3.593410653519526,5,0.13265158294367946
scale_artifact8,8,73,feature_zscore,512,32,8,8.0,7.9127266689604525,7.830306541748181,6.48300951022552,0.1542493495378528,7,8,False,7.918901888569901,6.774624126233533,6.915497125276321,8,3.637238806906626e-08
scale_artifact8,8,73,row_l2_centered,512,32,8,1.0003348285176699,2.7235184106830985,2.1873891669270584,1.6138251598018585,0.6196458110262562,3,3,False,4.2347711022141645,3.233447665934828,3.2014562937781923,4,0.29479134298666154
scale_artifact8,8,101,raw_centered,512,32,8,1.2317303576752252,2.0261374663909586,1.6240922159652746,1.3154031976221685,0.7602231785719258,2,2,False,4.677136493615672,3.675099152411192,3.5385869073932708,5,0.15739637581545518
scale_artifact8,8,101,feature_zscore,512,32,8,7.999999999999999,7.947286370015181,7.897422208856617,6.913150778969939,0.1446518428387295,7,8,False,7.948190701865987,6.8243765546549175,6.836833300664102,8,3.491012543650693e-08
scale_artifact8,8,101,row_l2_centered,512,32,8,1.001331316480681,2.817431734429383,2.290421821458297,1.6885289428996104,0.5922314830344332,3,3,False,4.349422924232438,3.302237678600441,3.239282195419186,4,0.453258185944617
scale_artifact8,8,149,raw_centered,512,32,8,1.2545824830711412,1.9456490345473876,1.5406713500631681,1.2687281503332797,0.788190913662089,2,2,False,4.673918883653304,3.699442921599287,3.608879054527784,5,0.18908188814911106
scale_artifact8,8,149,feature_zscore,512,32,8,8.0,7.950623513108502,7.901771780941192,6.8831264687369345,0.14528281654303263,8,8,False,7.481291839058673,6.919880530029017,7.040475774371718,7,1.1734179365683466
scale_artifact8,8,149,row_l2_centered,512,32,8,1.0010601200446716,2.7725078065071576,2.216268288789462,1.62953460626783,0.6136721467304882,3,3,False,4.215741801661852,3.568675349785627,3.2791782340495397,4,0.3169185850840097
scale_artifact8,8,17,raw_centered,1024,32,8,1.3070681029064735,1.9243915062437338,1.5330345242684897,1.2664651629770771,0.7895992951352109,2,2,False,4.837301430924289,3.9148582579064604,3.8183270673872958,5,0.12677400748495915
scale_artifact8,8,17,feature_zscore,1024,32,8,7.9999999999999964,7.964868032977906,7.929340164250804,6.753383214503149,0.14807393098209823,8,8,False,7.93311151221189,7.14642535242406,7.185607815900891,8,3.6500241499888574e-08
scale_artifact8,8,17,row_l2_centered,1024,32,8,0.9998922419973522,2.760970959456357,2.2177181975561853,1.6403459884255134,0.6096274853330488,3,3,False,4.880172091275896,3.749693469512624,3.5829488149239124,5,0.26513778861271337
scale_artifact8,8,41,raw_centered,1024,32,8,1.2931135360176187,1.9529652258430599,1.550564379971923,1.2744500712952314,0.7846521590160798,2,2,False,4.955705947712096,3.9173188320044803,3.8420150451783,5,0.2310427399135943
scale_artifact8,8,41,feature_zscore,1024,32,8,7.999999999999999,7.967681796011228,7.935649925867857,6.972511965832063,0.14342033472303484,8,8,False,7.790831206618936,6.919351108877146,7.037636169535087,8,3.15611658804103e-08
scale_artifact8,8,41,row_l2_centered,1024,32,8,1.0005621579810615,2.7200858256205946,2.183635109872752,1.6138245688292328,0.6196460379367388,3,3,False,4.51053616513907,3.59984910520175,3.482843531060321,5,0.224132604640403
scale_artifact8,8,73,raw_centered,1024,32,8,1.42598104568479,1.9066303324064153,1.5221076409200418,1.2608758436916951,0.7930994990530698,2,2,False,4.85687253645928,3.7894922535267916,3.7552392294933488,5,0.1653216017265594
scale_artifact8,8,73,feature_zscore,1024,32,8,7.999999999999996,7.975583711109166,7.951098257771424,7.05542290335333,0.14173494823743535,8,8,False,7.918865637302985,7.045248926249046,7.069010995860896,8,3.491012543650693e-08
scale_artifact8,8,73,row_l2_centered,1024,32,8,1.0006349817984175,2.712656474499873,2.1778977670111663,1.6138122569296727,0.6196507652646849,3,3,False,4.642455148451881,3.63182533971161,3.4959113138303897,5,0.24798546661966245
scale_artifact8,8,101,raw_centered,1024,32,8,1.2217262261953847,1.9687183566671498,1.5613659340585586,1.2800456985978206,0.7812221087851892,2,2,False,4.972720859713329,3.9837557125346144,3.891654412808057,5,0.2535115734235126
scale_artifact8,8,101,feature_zscore,1024,32,8,8.0,7.972681558699733,7.945961242341209,7.093862661450295,0.14096692418845846,8,8,False,7.769268935542772,7.0692998698755085,7.160025819505105,8,2.9564788826321568e-08
scale_artifact8,8,101,row_l2_centered,1024,32,8,1.0006657139040855,2.774792828872583,2.2185464258009833,1.6354235084817788,0.611462410081371,3,3,False,4.8582020074914585,3.6603080442712317,3.49055912915526,5,0.243659105289739
scale_artifact8,8,149,raw_centered,1024,32,8,1.2789441830993484,1.9762180528618583,1.5723894270740895,1.2861963417317561,0.7774862729383785,2,2,False,4.69239295169314,3.8740980922294064,3.7907240016401813,5,0.15259124380141592
scale_artifact8,8,149,feature_zscore,1024,32,8,8.000000000000004,7.972651058862497,7.946009047597066,7.134290631740735,0.1401681052284247,8,8,False,7.601342512409489,6.837544132591807,7.110494040607135,8,3.332000937312528e-08
scale_artifact8,8,149,row_l2_centered,1024,32,8,1.000391867915888,2.7637748778631632,2.214988233949201,1.634798008486002,0.61169636542811,3,3,False,4.2350451457990586,3.545662823224603,3.4707459291298033,4,0.1915707247606253
near_collapse,0,17,raw_centered,256,32,0,0.0,0.0,0.0,0.0,1.0,0,0,True,22.11748139618984,16.643445471952873,16.546391782784454,12,1.4612657752797373
near_collapse,0,17,feature_zscore,256,32,32,32.00000000000006,30.263222837849632,28.783585189968115,18.771866246480137,0.053271208460027634,27,29,False,22.112192518108955,16.73547776027691,16.502055849944647,12,1.471198897068625
near_collapse,0,17,row_l2_centered,256,32,0,0.0,0.0,0.0,0.0,1.0,0,0,True,21.28435845269278,16.829823194760962,16.300157472111977,12,1.529868884257997
near_collapse,0,41,raw_centered,256,32,0,0.0,0.0,0.0,0.0,1.0,0,0,True,21.49027081421185,16.497321315368765,16.176889334276716,12,1.543034241138506
near_collapse,0,41,feature_zscore,256,32,32,32.00000000000006,30.225240426878454,28.752411234042047,19.20004225593779,0.05208321870701825,27,29,False,21.82399723990653,16.254641835348092,16.11432931334367,12,1.488951719135287
near_collapse,0,41,row_l2_centered,256,32,0,0.0,0.0,0.0,0.0,1.0,0,0,True,21.388403657324762,16.56471193636251,15.91873013661138,12,1.5292631017248906
near_collapse,0,73,raw_centered,256,32,0,0.0,0.0,0.0,0.0,1.0,0,0,True,20.983047950940783,17.508013459951016,16.50362117813407,12,1.47104635174154
near_collapse,0,73,feature_zscore,256,32,32,32.00000000000006,29.9727092681593,28.306372903820478,17.820534887106426,0.05611503842814075,26,29,False,20.59464572772578,17.557193286415632,16.55335322561924,12,1.528673350145783
near_collapse,0,73,row_l2_centered,256,32,0,0.0,0.0,0.0,0.0,1.0,0,0,True,21.26264973267445,16.9136002077091,16.48610440900501,12,1.4717249898474232
near_collapse,0,101,raw_centered,256,32,0,0.0,0.0,0.0,0.0,1.0,0,0,True,23.06111981874564,17.311725722704903,17.205551236391045,12,1.529837552670933
near_collapse,0,101,feature_zscore,256,32,32,32.000000000000064,30.17720671373126,28.609143107620557,18.021913056801623,0.05548800489982342,27,29,False,23.468755695289765,17.3872816093905,17.146828862518706,12,1.5085384610188806
near_collapse,0,101,row_l2_centered,256,32,0,0.0,0.0,0.0,0.0,1.0,0,0,True,22.77390733758718,16.625002952954098,16.386306870458316,12,1.5000400254818147
near_collapse,0,149,raw_centered,256,32,0,0.0,0.0,0.0,0.0,1.0,0,0,True,21.160537831720642,17.255004595491663,16.630751011997457,12,1.4858698891332978
near_collapse,0,149,feature_zscore,256,32,32,32.00000000000007,30.102840727234152,28.556952292849317,18.664626968875712,0.053577282935659776,27,29,False,21.27574058321461,17.258659547811426,16.34742106253324,12,1.4875768432294811
near_collapse,0,149,row_l2_centered,256,32,0,0.0,0.0,0.0,0.0,1.0,0,0,True,20.62235082735162,16.929964752241304,16.053201747570156,12,1.5018543234970192
near_collapse,0,17,raw_centered,512,32,0,0.0,0.0,0.0,0.0,1.0,0,0,True,21.80587477159834,17.72490263225967,17.76255324414256,12,1.490132099074577
near_collapse,0,17,feature_zscore,512,32,32,32.000000000000064,31.097280720540383,30.25818330567676,21.618456478615602,0.04625677142996649,28,30,False,22.020514721604965,18.043010290795753,18.136844566591996,12,1.484200059429595
near_collapse,0,17,row_l2_centered,512,32,0,0.0,0.0,0.0,0.0,1.0,0,0,True,21.262262147618937,18.07062168663451,17.5644906948042,12,1.5035430070607085
near_collapse,0,41,raw_centered,512,32,0,0.0,0.0,0.0,0.0,1.0,0,0,True,20.37388170538292,18.27206103489183,17.948852792419146,12,1.4569299809012526
near_collapse,0,41,feature_zscore,512,32,32,32.00000000000037,31.046523785926134,30.17912351921827,21.347662137847532,0.046843536942955816,28,30,False,20.45647875494169,18.334396152497163,17.85781289498067,12,1.4030076878784818
near_collapse,0,41,row_l2_centered,512,32,0,0.0,0.0,0.0,0.0,1.0,0,0,True,19.871452423628796,18.114695546264805,17.57351385720419,12,1.4655902419884894
near_collapse,0,73,raw_centered,512,32,0,0.0,0.0,0.0,0.0,1.0,0,0,True,20.506777097782926,17.98220277073142,17.568840255757735,12,1.4624475086435975
near_collapse,0,73,feature_zscore,512,32,32,32.00000000000006,31.031308302983643,30.15057749005649,21.81246323129963,0.04584534948648337,28,30,False,20.463682245904238,18.11378577684842,17.629246556328564,12,1.5389829850499461
near_collapse,0,73,row_l2_centered,512,32,0,0.0,0.0,0.0,0.0,1.0,0,0,True,19.35650132473474,17.635644876707467,17.51492499616166,12,1.49731796205712
near_collapse,0,101,raw_centered,512,32,0,0.0,0.0,0.0,0.0,1.0,0,0,True,22.60159615817605,17.79989130072007,17.845186756597315,12,1.5148526307499806
near_collapse,0,101,feature_zscore,512,32,32,32.00000000000013,31.10580594507627,30.27923920318029,22.00717641426698,0.045439722987439334,28,30,False,23.027023620245,17.838597517847944,17.981155791159736,12,1.5257617847130187
near_collapse,0,101,row_l2_centered,512,32,0,0.0,0.0,0.0,0.0,1.0,0,0,True,21.120530765468374,17.315381948708485,17.541719623527225,12,1.4911141903700345
near_collapse,0,149,raw_centered,512,32,0,0.0,0.0,0.0,0.0,1.0,0,0,True,22.233791573413843,17.891292617321774,18.192516677475474,12,1.4194997727220175
near_collapse,0,149,feature_zscore,512,32,32,32.00000000000006,31.052411111924542,30.174723695596903,21.349029738734178,0.04684053618538319,28,30,False,22.005222425453617,18.219759521733373,18.09471315348497,12,1.5040312546672434
near_collapse,0,149,row_l2_centered,512,32,0,0.0,0.0,0.0,0.0,1.0,0,0,True,20.76690265036792,17.333623141315165,17.735373510522834,12,1.4672020577543992
near_collapse,0,17,raw_centered,1024,32,0,0.0,0.0,0.0,0.0,1.0,0,0,True,24.59681073072274,19.745391026498538,19.270735502070902,12,1.5256195938640613
near_collapse,0,17,feature_zscore,1024,32,32,32.00000000000017,31.54504287117875,31.108584799221482,23.418078851434487,0.04270205110948905,28,30,False,24.518317693131372,19.958832840711775,19.389844452081647,12,1.4959566354521803
near_collapse,0,17,row_l2_centered,1024,32,0,0.0,0.0,0.0,0.0,1.0,0,0,True,23.574356342343556,19.383805968006328,18.868482132824838,12,1.5103571038350379
near_collapse,0,41,raw_centered,1024,32,0,0.0,0.0,0.0,0.0,1.0,0,0,True,24.094552146650166,19.228977787886205,18.73418575493289,12,1.5198584274911418
near_collapse,0,41,feature_zscore,1024,32,32,32.00000000000028,31.49083073220789,31.007435608264075,23.09002830330989,0.0433087385976332,28,30,False,23.8729097567931,19.07008132505704,18.666732338321722,12,1.5205175550508925
near_collapse,0,41,row_l2_centered,1024,32,0,0.0,0.0,0.0,0.0,1.0,0,0,True,23.881254895262416,18.852090990069776,18.430395078551207,12,1.4866438057623181
near_collapse,0,73,raw_centered,1024,32,0,0.0,0.0,0.0,0.0,1.0,0,0,True,23.21617241619565,19.119038997517944,19.007540311119254,12,1.4230277527569504
near_collapse,0,73,feature_zscore,1024,32,32,32.000000000000355,31.52874691432639,31.077583817012847,23.65333026750261,0.04227734482589554,28,30,False,23.296898011854715,19.175048507372182,19.206812363482847,12,1.4852484503387138
near_collapse,0,73,row_l2_centered,1024,32,0,0.0,0.0,0.0,0.0,1.0,0,0,True,22.424462248128535,18.992805186411438,18.736528791648613,12,1.4941477296765928
near_collapse,0,101,raw_centered,1024,32,0,0.0,0.0,0.0,0.0,1.0,0,0,True,22.011369675423264,19.419181069429442,19.12091800477944,12,1.467484855027945
near_collapse,0,101,feature_zscore,1024,32,32,32.00000000000014,31.53877590724238,31.100520518990177,24.252080426940427,0.04123357594052632,28,30,False,21.906481663213093,19.28326793118468,19.155223681658697,12,1.476009669301979
near_collapse,0,101,row_l2_centered,1024,32,0,0.0,0.0,0.0,0.0,1.0,0,0,True,21.42665459128367,19.002157273332998,18.899245151442845,12,1.501957181877368
near_collapse,0,149,raw_centered,1024,32,0,0.0,0.0,0.0,0.0,1.0,0,0,True,23.33542496422413,19.662829446528676,19.361698585973738,12,1.5110812954403339
near_collapse,0,149,feature_zscore,1024,32,32,32.00000000000065,31.51284324110029,31.049972178122466,24.45196167791602,0.040896514282662146,28,30,False,23.65186474978453,19.55703931501143,19.414345500129926,12,1.4484735593592477
near_collapse,0,149,row_l2_centered,1024,32,0,0.0,0.0,0.0,0.0,1.0,0,0,True,22.744666493835037,18.81737426445581,18.704905456627777,12,1.5443539365995242
