id,moment_rank,months,phi,gap,base_distance,role,index,replications,simultaneous_coverage,simultaneous_coverage_mc95_low,simultaneous_coverage_mc95_high,false_rejection_any_true_null,false_rejection_any_true_null_mc95_low,false_rejection_any_true_null_mc95_high,detect_any_true_gap,detect_any_true_gap_mc95_low,detect_any_true_gap_mc95_high,detect_all_five_K8_gaps,detect_all_five_K8_gaps_mc95_low,detect_all_five_K8_gaps_mc95_high,critical_value,mean_interval_width,K8_bootstrap_winner_frequency,mean_point_bias,K8_point_selection_frequency,material_undercoverage_flag,material_false_rejection_flag,elapsed_seconds
r74-t120-phi0-gap0,74,120,0.0,0.0,5.0,regular_full_rank,0,400,0.835,0.7954717951637494,0.8681549676322718,0.165,0.13184503236772813,0.2045282048362506,,,,,,,2.834336724587986,1.4411562847073767,0.20710855427713856,0.6013052375866869,0.2075,True,True,24.39297318458557
r74-t120-phi0-gap5,74,120,0.0,0.5,5.0,regular_full_rank,1,400,0.895,0.8611090149132419,0.921376272562664,0.07,0.04887162669974449,0.09930894642775051,0.425,0.3774943812405543,0.4739324629095902,0.015,0.006892291919440893,0.03233463358482672,2.8392309121212564,1.4461482201585623,0.6840470235117558,0.5489455000362841,0.845,False,False,22.859254598617554
r74-t120-phi0-gap10,74,120,0.0,1.0,5.0,regular_full_rank,2,400,0.8625,0.8252880733424808,0.8928155132651543,0.0875,0.06358691021150324,0.11926073261429136,0.9375,0.9093658838696931,0.9573108585877975,0.3375,0.2929016377213044,0.38518985793734206,2.868091934047153,1.4653117971655292,0.9407578789394697,0.5418129669179186,0.9975,True,False,22.830098390579224
r74-t120-phi0-gap20,74,120,0.0,2.0,5.0,regular_full_rank,3,400,0.89,0.8555490895383555,0.9170313208808931,0.06,0.040647970113724695,0.0877228489004562,1.0,0.9904877056657034,0.9999999999999999,0.985,0.9676653664151732,0.9931077080805591,2.9318938547644633,1.5193042760073723,0.9997436218109053,0.45579257341939966,1.0,False,False,22.684077262878418
r74-t120-phi5-gap0,74,120,0.5,0.0,5.0,regular_full_rank,4,400,0.87,0.8334921544792615,0.8994687477133592,0.13,0.10053125228664084,0.1665078455207386,,,,,,,2.895167245064518,2.275762572237349,0.180076288144072,1.6459354425980017,0.18,True,True,22.9829843044281
r74-t120-phi5-gap5,74,120,0.5,0.5,5.0,regular_full_rank,5,400,0.86,0.8225607694538968,0.8905903786254097,0.0875,0.06358691021150324,0.11926073261429136,0.1325,0.10274521663902703,0.1692463196966809,0.0025,0.0004414477868016362,0.01402328507582339,2.8973570708642966,2.2827467862250517,0.4369147073536768,1.5384874918633022,0.5825,True,False,22.96149444580078
r74-t120-phi5-gap10,74,120,0.5,1.0,5.0,regular_full_rank,6,400,0.865,0.8280190157519688,0.8950370093839947,0.08,0.05723575041013351,0.11075457683067555,0.51,0.46114904250821503,0.558660711605099,0.03,0.017243020965143054,0.05169853570909567,2.9106859657898103,2.3175427657897183,0.7125975487743872,1.4621705743635112,0.885,True,False,23.17398452758789
r74-t120-phi5-gap20,74,120,0.5,2.0,5.0,regular_full_rank,7,400,0.825,0.7847212102757525,0.8590957984069546,0.0875,0.06358691021150324,0.11926073261429136,0.975,0.9545984121283544,0.986364908254064,0.48,0.43146340667729527,0.5289170850960765,2.9877273987080457,2.4250917042483526,0.9653289144572287,1.2796518616726196,1.0,True,False,23.265838384628296
r74-t240-phi0-gap0,74,240,0.0,0.0,5.0,regular_full_rank,8,400,0.915,0.8835678157264721,0.9385369799760619,0.085,0.0614630200239382,0.11643218427352792,,,,,,,2.8197722778989283,1.0694296691081069,0.2056128064032016,0.3042141252590288,0.2,False,False,24.955654859542847
r74-t240-phi0-gap5,74,240,0.0,0.5,5.0,regular_full_rank,9,400,0.905,0.8722916530824945,0.9300033885067254,0.0625,0.04268914141220244,0.09063411613030699,0.725,0.6792581922605757,0.7664612752889909,0.09,0.06571729376939447,0.12208278758472865,2.824710768178453,1.0720166524246217,0.8325675337668834,0.29069513860261526,0.94,False,False,24.80154824256897
r74-t240-phi0-gap10,74,240,0.0,1.0,5.0,regular_full_rank,10,400,0.93,0.9006910535722495,0.9511283733002555,0.0475,0.030617076962711882,0.07299154940982647,1.0,0.9904877056657034,0.9999999999999999,0.7825,0.7394871744110122,0.8201383792901101,2.8411790330921036,1.0855123124745212,0.9939757378689345,0.25818059561086715,1.0,False,False,24.902780771255493
r74-t240-phi0-gap20,74,240,0.0,2.0,5.0,regular_full_rank,11,400,0.9225,0.892095045964364,0.9448670653231555,0.0475,0.030617076962711882,0.07299154940982647,1.0,0.9904877056657034,0.9999999999999999,1.0,0.9904877056657034,0.9999999999999999,2.889051461694392,1.101311765979811,0.9999999999999999,0.2428161280429176,1.0,False,False,24.792799711227417
r74-t240-phi5-gap0,74,240,0.5,0.0,5.0,regular_full_rank,12,400,0.9175,0.8864031104605777,0.9406541237702847,0.0825,0.05934587622971528,0.1135968895394223,,,,,,,2.8496514768021517,1.7041724058279257,0.20578539269634816,0.879915213542932,0.205,False,False,25.46463632583618
r74-t240-phi5-gap5,74,240,0.5,0.5,5.0,regular_full_rank,13,400,0.885,0.850008455984224,0.9126670773783676,0.08,0.05723575041013351,0.11075457683067555,0.285,0.24297076989988833,0.33111951666385914,0.01,0.003895483794990993,0.025426564652619582,2.8546817853795425,1.706001079941791,0.5535430215107554,0.8048393054798307,0.68,False,False,25.328700065612793
r74-t240-phi5-gap10,74,240,0.5,1.0,5.0,regular_full_rank,14,400,0.895,0.8611090149132419,0.921376272562664,0.07,0.04887162669974449,0.09930894642775051,0.8325,0.7927798983351753,0.8658944259325176,0.1325,0.10274521663902703,0.1692463196966809,2.8760280862602303,1.7327843852769427,0.8788344172086043,0.7428281940120681,0.9625,False,False,25.456124305725098
r74-t240-phi5-gap20,74,240,0.5,2.0,5.0,regular_full_rank,15,400,0.8825,0.8472450357843669,0.9104780590498961,0.045,0.028651458653886006,0.07000472919032381,1.0,0.9904877056657034,0.9999999999999999,0.935,0.9064647858253625,0.9552595181037997,2.9490867775317597,1.7957593802195924,0.9982953976988495,0.6848359112244878,1.0,False,False,25.330517768859863
r74-t600-phi0-gap0,74,600,0.0,0.0,5.0,regular_full_rank,16,400,0.9325,0.9035733345645931,0.9531985308362403,0.0675,0.04680146916375965,0.09642666543540682,,,,,,,2.814176317753038,0.7001466059108836,0.20975862931465733,0.11700687992210085,0.235,False,False,29.29608941078186
r74-t600-phi0-gap5,74,600,0.0,0.5,5.0,regular_full_rank,17,400,0.9225,0.892095045964364,0.9448670653231555,0.055,0.03659849414955068,0.08186744780797323,0.985,0.9676653664151732,0.9931077080805591,0.4225,0.3750554237475196,0.47141898187429637,2.817900630125323,0.7020516421296102,0.9648049024512255,0.11367573913850489,1.0,False,False,29.11188530921936
r74-t600-phi0-gap10,74,600,0.0,1.0,5.0,regular_full_rank,18,400,0.955,0.9299952708096761,0.971348541346114,0.03,0.017243020965143054,0.05169853570909567,1.0,0.9904877056657034,0.9999999999999999,0.9975,0.9859767149241766,0.9995585522131983,2.8280054543436917,0.701919983373852,0.9999687343671835,0.10772755843034412,1.0,False,False,29.337991952896118
r74-t600-phi0-gap20,74,600,0.0,2.0,5.0,regular_full_rank,19,400,0.94,0.9122771510995438,0.9593520298862752,0.0425,0.026701694991131116,0.06700205432475019,1.0,0.9904877056657034,0.9999999999999999,1.0,0.9904877056657034,0.9999999999999999,2.8496841695362196,0.7096908709702933,0.9999999999999999,0.09445182267411038,1.0,False,False,29.007972240447998
r74-t600-phi5-gap0,74,600,0.5,0.0,5.0,regular_full_rank,20,400,0.93,0.9006910535722495,0.9511283733002555,0.07,0.04887162669974449,0.09930894642775051,,,,,,,2.826659016779869,1.124125794379796,0.20551150575287644,0.3576867483194615,0.21,False,False,30.457651376724243
r74-t600-phi5-gap5,74,600,0.5,0.5,5.0,regular_full_rank,21,400,0.925,0.8949522937386957,0.9469622560771523,0.0475,0.030617076962711882,0.07299154940982647,0.615,0.5664353568701253,0.6613768154329864,0.0975,0.07214511778538757,0.1305122791537211,2.8312831707946096,1.1255595879339266,0.7997511255627814,0.32844320973315605,0.9225,False,False,30.168631553649902
r74-t600-phi5-gap10,74,600,0.5,1.0,5.0,regular_full_rank,22,400,0.9075,0.8751014146161221,0.9321460655014261,0.07,0.04887162669974449,0.09930894642775051,0.9975,0.9859767149241766,0.9995585522131983,0.6525,0.6045847907403059,0.6975139594877335,2.843092931061282,1.1397525380786229,0.9858516758379189,0.3147273608362077,1.0,False,False,30.469291925430298
r74-t600-phi5-gap20,74,600,0.5,2.0,5.0,regular_full_rank,23,400,0.9025,0.8694877208462789,0.9278548822146123,0.06,0.040647970113724695,0.0877228489004562,1.0,0.9904877056657034,0.9999999999999999,1.0,0.9904877056657034,0.9999999999999999,2.892046515176452,1.1618339349282112,0.9999999999999999,0.27557129861881074,1.0,False,False,30.144914627075195
r4-t120-phi0-gap0,4,120,0.0,0.0,5.0,low_rank_sensitivity,24,400,0.8625,0.8252880733424808,0.8928155132651543,0.1375,0.10718448673484568,0.1747119266575193,,,,,,,2.838783903011658,6.201344495120091,0.20553901950975487,0.45254643433651504,0.205,True,True,22.168481588363647
r4-t120-phi0-gap10,4,120,0.0,1.0,5.0,low_rank_sensitivity,25,400,0.8625,0.8252880733424808,0.8928155132651543,0.09,0.06571729376939447,0.12208278758472865,0.1275,0.0983211891565858,0.1637654701224651,0.005,0.0013722529547103846,0.018044918436243156,2.8284843515426403,6.267371657757505,0.42640445222611306,0.3549405100370608,0.5075,True,False,22.17499542236328
r4-t120-phi5-gap0,4,120,0.5,0.0,5.0,low_rank_sensitivity,26,400,0.905,0.8722916530824945,0.9300033885067254,0.095,0.06999661149327467,0.12770834691750552,,,,,,,2.920315151053844,9.817645365737356,0.20285642821410704,1.3117010170964591,0.2175,False,False,22.27703881263733
r4-t120-phi5-gap10,4,120,0.5,1.0,5.0,low_rank_sensitivity,27,400,0.85,0.8116863892693679,0.8816550046966246,0.11,0.08296867911910685,0.1444509104616444,0.0825,0.05934587622971528,0.1135968895394223,0.0,8.673617379884035e-19,0.009512294334296508,2.8829529416153097,9.844624568944303,0.29688969484742367,1.2961218712759188,0.35,True,False,22.455905199050903
r74-t120-phi0-zero,74,120,0.0,0.0,0.0,nondifferentiable_zero_distance_stress,28,400,0.9875,0.9710762638040326,0.9946492492200284,0.0125,0.005350750779971611,0.028923736195967484,,,,,,,2.996549780784197,1.3408399316753759,0.15955602801400698,2.52635910668284,0.14,False,False,23.010414123535156
r74-t120-phi5-zero,74,120,0.5,0.0,0.0,nondifferentiable_zero_distance_stress,29,400,0.985,0.9676653664151732,0.9931077080805591,0.015,0.006892291919440893,0.03233463358482672,,,,,,,2.998154075329791,2.177155448099551,0.15800525262631315,4.349742220198013,0.1425,False,False,22.940186500549316
