true_dimension,months,asset_count,signal,rho,spanning,geometry,evaluation,observations,exact_count,exact_rate,exact_ci_low,exact_ci_high,under_rate,over_rate,mean_absolute_error,median_selected_k
1,72,25,strong,0.0,full,equal,oracle,3000,3000,1.0,0.9987211512746742,1.0000000000000002,0.0,0.0,0.0,1.0
1,72,25,strong,0.0,full,equal,feasible,3000,1396,0.4653333333333333,0.447540142970134,0.48321519054148854,0.0,0.5346666666666666,1.6063333333333334,2.0
1,72,25,strong,0.0,full,hj,oracle,3000,3000,1.0,0.9987211512746742,1.0000000000000002,0.0,0.0,0.0,1.0
1,72,25,strong,0.0,full,hj,feasible,3000,1501,0.5003333333333333,0.4824524137848881,0.5182134003159616,0.0,0.49966666666666665,1.3546666666666667,1.0
1,72,25,strong,0.0,weak_tail,equal,oracle,3000,3000,1.0,0.9987211512746742,1.0000000000000002,0.0,0.0,0.0,1.0
1,72,25,strong,0.0,weak_tail,equal,feasible,3000,1403,0.4676666666666667,0.4498648962635153,0.4855511359540558,0.0,0.5323333333333333,1.6086666666666667,2.0
1,72,25,strong,0.0,weak_tail,hj,oracle,3000,3000,1.0,0.9987211512746742,1.0000000000000002,0.0,0.0,0.0,1.0
1,72,25,strong,0.0,weak_tail,hj,feasible,3000,1521,0.507,0.4891123009584909,0.5248697951593545,0.0,0.493,1.3553333333333333,1.0
1,72,25,strong,0.7,full,equal,oracle,3000,3000,1.0,0.9987211512746742,1.0000000000000002,0.0,0.0,0.0,1.0
1,72,25,strong,0.7,full,equal,feasible,3000,1374,0.458,0.4402363275196907,0.47587109577323666,0.0,0.542,1.8653333333333333,2.0
1,72,25,strong,0.7,full,hj,oracle,3000,3000,1.0,0.9987211512746742,1.0000000000000002,0.0,0.0,0.0,1.0
1,72,25,strong,0.7,full,hj,feasible,3000,1501,0.5003333333333333,0.4824524137848881,0.5182134003159616,0.0,0.49966666666666665,1.3213333333333332,1.0
1,72,25,strong,0.7,weak_tail,equal,oracle,3000,3000,1.0,0.9987211512746742,1.0000000000000002,0.0,0.0,0.0,1.0
1,72,25,strong,0.7,weak_tail,equal,feasible,3000,1353,0.451,0.43326812531684716,0.4688572018582348,0.0,0.549,1.9636666666666667,2.0
1,72,25,strong,0.7,weak_tail,hj,oracle,3000,3000,1.0,0.9987211512746742,1.0000000000000002,0.0,0.0,0.0,1.0
1,72,25,strong,0.7,weak_tail,hj,feasible,3000,1502,0.5006666666666667,0.4827853327404069,0.5185462954612928,0.0,0.49933333333333335,1.338,1.0
1,72,25,weak,0.0,full,equal,oracle,3000,3000,1.0,0.9987211512746742,1.0000000000000002,0.0,0.0,0.0,1.0
1,72,25,weak,0.0,full,equal,feasible,3000,1451,0.4836666666666667,0.4658165878733658,0.5015585211849949,0.0,0.5163333333333333,1.544,2.0
1,72,25,weak,0.0,full,hj,oracle,3000,3000,1.0,0.9987211512746742,1.0000000000000002,0.0,0.0,0.0,1.0
1,72,25,weak,0.0,full,hj,feasible,3000,1561,0.5203333333333333,0.502441605220763,0.5381730549310737,0.0,0.4796666666666667,1.312,1.0
1,72,25,weak,0.0,weak_tail,equal,oracle,3000,3000,1.0,0.9987211512746742,1.0000000000000002,0.0,0.0,0.0,1.0
1,72,25,weak,0.0,weak_tail,equal,feasible,3000,1406,0.4686666666666667,0.4508613389253555,0.48655213559476496,0.0,0.5313333333333333,1.5703333333333334,2.0
1,72,25,weak,0.0,weak_tail,hj,oracle,3000,3000,1.0,0.9987211512746742,1.0000000000000002,0.0,0.0,0.0,1.0
1,72,25,weak,0.0,weak_tail,hj,feasible,3000,1524,0.508,0.4901115578991594,0.5258679805212355,0.0,0.492,1.3126666666666666,1.0
1,72,25,weak,0.7,full,equal,oracle,3000,3000,1.0,0.9987211512746742,1.0000000000000002,0.0,0.0,0.0,1.0
1,72,25,weak,0.7,full,equal,feasible,3000,1359,0.453,0.4352586784974549,0.47086153328272573,0.0,0.547,1.9276666666666666,2.0
1,72,25,weak,0.7,full,hj,oracle,3000,3000,1.0,0.9987211512746742,1.0000000000000002,0.0,0.0,0.0,1.0
1,72,25,weak,0.7,full,hj,feasible,3000,1514,0.5046666666666667,0.4867809792879964,0.5225404181239006,0.0,0.49533333333333335,1.364,1.0
1,72,25,weak,0.7,weak_tail,equal,oracle,3000,3000,1.0,0.9987211512746742,1.0000000000000002,0.0,0.0,0.0,1.0
1,72,25,weak,0.7,weak_tail,equal,feasible,3000,1402,0.4673333333333333,0.4495327646816128,0.4852174534351085,0.0,0.5326666666666666,1.8633333333333333,2.0
1,72,25,weak,0.7,weak_tail,hj,oracle,3000,3000,1.0,0.9987211512746742,1.0000000000000002,0.0,0.0,0.0,1.0
1,72,25,weak,0.7,weak_tail,hj,feasible,3000,1506,0.502,0.4841170879302668,0.519877796674832,0.0,0.498,1.3296666666666668,1.0
1,72,74,strong,0.0,full,equal,oracle,3000,3000,1.0,0.9987211512746742,1.0000000000000002,0.0,0.0,0.0,1.0
1,72,74,strong,0.0,full,equal,feasible,3000,1374,0.458,0.4402363275196907,0.47587109577323666,0.0,0.542,1.6196666666666666,2.0
1,72,74,strong,0.0,full,hj,oracle,3000,3000,1.0,0.9987211512746742,1.0000000000000002,0.0,0.0,0.0,1.0
1,72,74,strong,0.0,full,hj,feasible,3000,1492,0.49733333333333335,0.47945650033969844,0.5152169868535034,0.0,0.5026666666666667,1.351,2.0
1,72,74,strong,0.0,weak_tail,equal,oracle,3000,3000,1.0,0.9987211512746742,1.0000000000000002,0.0,0.0,0.0,1.0
1,72,74,strong,0.0,weak_tail,equal,feasible,3000,1430,0.4766666666666667,0.4588354647967835,0.49455754814373176,0.0,0.5233333333333333,1.5496666666666667,2.0
1,72,74,strong,0.0,weak_tail,hj,oracle,3000,3000,1.0,0.9987211512746742,1.0000000000000002,0.0,0.0,0.0,1.0
1,72,74,strong,0.0,weak_tail,hj,feasible,3000,1555,0.5183333333333333,0.5004413988680428,0.5361783766786951,0.0,0.4816666666666667,1.2716666666666667,1.0
1,72,74,strong,0.7,full,equal,oracle,3000,3000,1.0,0.9987211512746742,1.0000000000000002,0.0,0.0,0.0,1.0
1,72,74,strong,0.7,full,equal,feasible,3000,1411,0.4703333333333333,0.45252223635500816,0.4882203086693611,0.0,0.5296666666666666,1.903,2.0
1,72,74,strong,0.7,full,hj,oracle,3000,3000,1.0,0.9987211512746742,1.0000000000000002,0.0,0.0,0.0,1.0
1,72,74,strong,0.7,full,hj,feasible,3000,1529,0.5096666666666667,0.49177714493271757,0.5275314639919261,0.0,0.49033333333333334,1.298,1.0
1,72,74,strong,0.7,weak_tail,equal,oracle,3000,3000,1.0,0.9987211512746742,1.0000000000000002,0.0,0.0,0.0,1.0
1,72,74,strong,0.7,weak_tail,equal,feasible,3000,1355,0.45166666666666666,0.4339316108512974,0.4695253445254841,0.0,0.5483333333333333,1.9986666666666666,2.0
1,72,74,strong,0.7,weak_tail,hj,oracle,3000,3000,1.0,0.9987211512746742,1.0000000000000002,0.0,0.0,0.0,1.0
1,72,74,strong,0.7,weak_tail,hj,feasible,3000,1536,0.512,0.49410930031891936,0.5298600073116729,0.0,0.488,1.3196666666666668,1.0
1,72,74,weak,0.0,full,equal,oracle,3000,3000,1.0,0.9987211512746742,1.0000000000000002,0.0,0.0,0.0,1.0
1,72,74,weak,0.0,full,equal,feasible,3000,1374,0.458,0.4402363275196907,0.47587109577323666,0.0,0.542,1.6223333333333334,2.0
1,72,74,weak,0.0,full,hj,oracle,3000,3000,1.0,0.9987211512746742,1.0000000000000002,0.0,0.0,0.0,1.0
1,72,74,weak,0.0,full,hj,feasible,3000,1498,0.49933333333333335,0.4814537045387073,0.5172146672595932,0.0,0.5006666666666667,1.3333333333333333,2.0
1,72,74,weak,0.0,weak_tail,equal,oracle,3000,3000,1.0,0.9987211512746742,1.0000000000000002,0.0,0.0,0.0,1.0
1,72,74,weak,0.0,weak_tail,equal,feasible,3000,1401,0.467,0.449200641087459,0.48488376292841256,0.0,0.533,1.5766666666666667,2.0
1,72,74,weak,0.0,weak_tail,hj,oracle,3000,3000,1.0,0.9987211512746742,1.0000000000000002,0.0,0.0,0.0,1.0
1,72,74,weak,0.0,weak_tail,hj,feasible,3000,1528,0.5093333333333333,0.49144401164483625,0.5271987831789577,0.0,0.49066666666666664,1.3033333333333332,1.0
1,72,74,weak,0.7,full,equal,oracle,3000,3000,1.0,0.9987211512746742,1.0000000000000002,0.0,0.0,0.0,1.0
1,72,74,weak,0.7,full,equal,feasible,3000,1380,0.46,0.44222789274076424,0.4778744151572619,0.0,0.54,1.87,2.0
1,72,74,weak,0.7,full,hj,oracle,3000,3000,1.0,0.9987211512746742,1.0000000000000002,0.0,0.0,0.0,1.0
1,72,74,weak,0.7,full,hj,feasible,3000,1532,0.5106666666666667,0.4927765924446521,0.5285294587825411,0.0,0.48933333333333334,1.28,1.0
1,72,74,weak,0.7,weak_tail,equal,oracle,3000,3000,1.0,0.9987211512746742,1.0000000000000002,0.0,0.0,0.0,1.0
1,72,74,weak,0.7,weak_tail,equal,feasible,3000,1412,0.4706666666666667,0.45285443978109285,0.4885539193441263,0.0,0.5293333333333333,1.9733333333333334,2.0
1,72,74,weak,0.7,weak_tail,hj,oracle,3000,3000,1.0,0.9987211512746742,1.0000000000000002,0.0,0.0,0.0,1.0
1,72,74,weak,0.7,weak_tail,hj,feasible,3000,1526,0.5086666666666667,0.490777768891394,0.5265333977307004,0.0,0.49133333333333334,1.3236666666666668,1.0
1,240,25,strong,0.0,full,equal,oracle,3000,3000,1.0,0.9987211512746742,1.0000000000000002,0.0,0.0,0.0,1.0
1,240,25,strong,0.0,full,equal,feasible,3000,1465,0.48833333333333334,0.4704726179061674,0.5062238885640902,0.0,0.5116666666666667,1.5643333333333334,2.0
1,240,25,strong,0.0,full,hj,oracle,3000,3000,1.0,0.9987211512746742,1.0000000000000002,0.0,0.0,0.0,1.0
1,240,25,strong,0.0,full,hj,feasible,3000,1572,0.524,0.5061093942353027,0.5418292210258818,0.0,0.476,1.2976666666666667,1.0
1,240,25,strong,0.0,weak_tail,equal,oracle,3000,3000,1.0,0.9987211512746742,1.0000000000000002,0.0,0.0,0.0,1.0
1,240,25,strong,0.0,weak_tail,equal,feasible,3000,1415,0.4716666666666667,0.4538510979225739,0.48955470350519464,0.0,0.5283333333333333,1.543,2.0
1,240,25,strong,0.0,weak_tail,hj,oracle,3000,3000,1.0,0.9987211512746742,1.0000000000000002,0.0,0.0,0.0,1.0
1,240,25,strong,0.0,weak_tail,hj,feasible,3000,1521,0.507,0.4891123009584909,0.5248697951593545,0.0,0.493,1.2986666666666666,1.0
1,240,25,strong,0.7,full,equal,oracle,3000,3000,1.0,0.9987211512746742,1.0000000000000002,0.0,0.0,0.0,1.0
1,240,25,strong,0.7,full,equal,feasible,3000,1381,0.4603333333333333,0.4425598483322413,0.4782082736666345,0.0,0.5396666666666666,1.9386666666666668,2.0
1,240,25,strong,0.7,full,hj,oracle,3000,3000,1.0,0.9987211512746742,1.0000000000000002,0.0,0.0,0.0,1.0
1,240,25,strong,0.7,full,hj,feasible,3000,1478,0.49266666666666664,0.47479746844732185,0.5105546213339829,0.0,0.5073333333333333,1.377,2.0
1,240,25,strong,0.7,weak_tail,equal,oracle,3000,3000,1.0,0.9987211512746742,1.0000000000000002,0.0,0.0,0.0,1.0
1,240,25,strong,0.7,weak_tail,equal,feasible,3000,1383,0.461,0.4432237835503742,0.47887596665020127,0.0,0.539,1.9156666666666666,2.0
1,240,25,strong,0.7,weak_tail,hj,oracle,3000,3000,1.0,0.9987211512746742,1.0000000000000002,0.0,0.0,0.0,1.0
1,240,25,strong,0.7,weak_tail,hj,feasible,3000,1500,0.5,0.48211950276610044,0.5178804972338996,0.0,0.5,1.3313333333333333,1.5
1,240,25,weak,0.0,full,equal,oracle,3000,3000,1.0,0.9987211512746742,1.0000000000000002,0.0,0.0,0.0,1.0
1,240,25,weak,0.0,full,equal,feasible,3000,1389,0.463,0.4452157813959999,0.48087885340967423,0.0,0.537,1.6393333333333333,2.0
1,240,25,weak,0.0,full,hj,oracle,3000,3000,1.0,0.9987211512746742,1.0000000000000002,0.0,0.0,0.0,1.0
1,240,25,weak,0.0,full,hj,feasible,3000,1510,0.5033333333333333,0.4854489701109927,0.5212091708975052,0.0,0.49666666666666665,1.369,1.0
1,240,25,weak,0.0,weak_tail,equal,oracle,3000,3000,1.0,0.9987211512746742,1.0000000000000002,0.0,0.0,0.0,1.0
1,240,25,weak,0.0,weak_tail,equal,feasible,3000,1388,0.46266666666666667,0.44488376174232175,0.4805450589625026,0.0,0.5373333333333333,1.5526666666666666,2.0
1,240,25,weak,0.0,weak_tail,hj,oracle,3000,3000,1.0,0.9987211512746742,1.0000000000000002,0.0,0.0,0.0,1.0
1,240,25,weak,0.0,weak_tail,hj,feasible,3000,1513,0.5043333333333333,0.48644796508744664,0.5222076182236004,0.0,0.49566666666666664,1.2806666666666666,1.0
1,240,25,weak,0.7,full,equal,oracle,3000,3000,1.0,0.9987211512746742,1.0000000000000002,0.0,0.0,0.0,1.0
1,240,25,weak,0.7,full,equal,feasible,3000,1383,0.461,0.4432237835503742,0.47887596665020127,0.0,0.539,1.9106666666666667,2.0
1,240,25,weak,0.7,full,hj,oracle,3000,3000,1.0,0.9987211512746742,1.0000000000000002,0.0,0.0,0.0,1.0
1,240,25,weak,0.7,full,hj,feasible,3000,1499,0.49966666666666665,0.48178659968403836,0.5175475862151119,0.0,0.5003333333333333,1.341,2.0
1,240,25,weak,0.7,weak_tail,equal,oracle,3000,3000,1.0,0.9987211512746742,1.0000000000000002,0.0,0.0,0.0,1.0
1,240,25,weak,0.7,weak_tail,equal,feasible,3000,1401,0.467,0.449200641087459,0.48488376292841256,0.0,0.533,1.9043333333333334,2.0
1,240,25,weak,0.7,weak_tail,hj,oracle,3000,3000,1.0,0.9987211512746742,1.0000000000000002,0.0,0.0,0.0,1.0
1,240,25,weak,0.7,weak_tail,hj,feasible,3000,1523,0.5076666666666667,0.4897784643128273,0.5255352600067178,0.0,0.49233333333333335,1.3236666666666668,1.0
1,240,74,strong,0.0,full,equal,oracle,3000,3000,1.0,0.9987211512746742,1.0000000000000002,0.0,0.0,0.0,1.0
1,240,74,strong,0.0,full,equal,feasible,3000,1385,0.46166666666666667,0.44388775080698595,0.479543627595289,0.0,0.5383333333333333,1.628,2.0
1,240,74,strong,0.0,full,hj,oracle,3000,3000,1.0,0.9987211512746742,1.0000000000000002,0.0,0.0,0.0,1.0
1,240,74,strong,0.0,full,hj,feasible,3000,1503,0.501,0.4831182596326723,0.518879182669877,0.0,0.499,1.3786666666666667,1.0
1,240,74,strong,0.0,weak_tail,equal,oracle,3000,3000,1.0,0.9987211512746742,1.0000000000000002,0.0,0.0,0.0,1.0
1,240,74,strong,0.0,weak_tail,equal,feasible,3000,1349,0.44966666666666666,0.4319412508884104,0.46752081988327243,0.0,0.5503333333333333,1.6336666666666666,2.0
1,240,74,strong,0.0,weak_tail,hj,oracle,3000,3000,1.0,0.9987211512746742,1.0000000000000002,0.0,0.0,0.0,1.0
1,240,74,strong,0.0,weak_tail,hj,feasible,3000,1480,0.49333333333333335,0.4754629491730258,0.5112207688099786,0.0,0.5066666666666667,1.3716666666666666,2.0
1,240,74,strong,0.7,full,equal,oracle,3000,3000,1.0,0.9987211512746742,1.0000000000000002,0.0,0.0,0.0,1.0
1,240,74,strong,0.7,full,equal,feasible,3000,1367,0.45566666666666666,0.43791319975624365,0.4735335248307353,0.0,0.5443333333333333,1.942,2.0
1,240,74,strong,0.7,full,hj,oracle,3000,3000,1.0,0.9987211512746742,1.0000000000000002,0.0,0.0,0.0,1.0
1,240,74,strong,0.7,full,hj,feasible,3000,1481,0.49366666666666664,0.47579570144424593,0.5115538306396081,0.0,0.5063333333333333,1.3663333333333334,2.0
1,240,74,strong,0.7,weak_tail,equal,oracle,3000,3000,1.0,0.9987211512746742,1.0000000000000002,0.0,0.0,0.0,1.0
1,240,74,strong,0.7,weak_tail,equal,feasible,3000,1374,0.458,0.4402363275196907,0.47587109577323666,0.0,0.542,1.945,2.0
1,240,74,strong,0.7,weak_tail,hj,oracle,3000,3000,1.0,0.9987211512746742,1.0000000000000002,0.0,0.0,0.0,1.0
1,240,74,strong,0.7,weak_tail,hj,feasible,3000,1540,0.5133333333333333,0.49544213529066555,0.5311904287433258,0.0,0.4866666666666667,1.311,1.0
1,240,74,weak,0.0,full,equal,oracle,3000,3000,1.0,0.9987211512746742,1.0000000000000002,0.0,0.0,0.0,1.0
1,240,74,weak,0.0,full,equal,feasible,3000,1354,0.4513333333333333,0.43359986405871487,0.46919127721721676,0.0,0.5486666666666666,1.7363333333333333,2.0
1,240,74,weak,0.0,full,hj,oracle,3000,3000,1.0,0.9987211512746742,1.0000000000000002,0.0,0.0,0.0,1.0
1,240,74,weak,0.0,full,hj,feasible,3000,1487,0.49566666666666664,0.4777923817763995,0.5135520349125533,0.0,0.5043333333333333,1.4023333333333334,2.0
1,240,74,weak,0.0,weak_tail,equal,oracle,3000,3000,1.0,0.9987211512746742,1.0000000000000002,0.0,0.0,0.0,1.0
1,240,74,weak,0.0,weak_tail,equal,feasible,3000,1388,0.46266666666666667,0.44488376174232175,0.4805450589625026,0.0,0.5373333333333333,1.575,2.0
1,240,74,weak,0.0,weak_tail,hj,oracle,3000,3000,1.0,0.9987211512746742,1.0000000000000002,0.0,0.0,0.0,1.0
1,240,74,weak,0.0,weak_tail,hj,feasible,3000,1512,0.504,0.48611495882451583,0.5218748103856815,0.0,0.496,1.2913333333333334,1.0
1,240,74,weak,0.7,full,equal,oracle,3000,3000,1.0,0.9987211512746742,1.0000000000000002,0.0,0.0,0.0,1.0
1,240,74,weak,0.7,full,equal,feasible,3000,1409,0.4696666666666667,0.4518578534400973,0.4875530633825724,0.0,0.5303333333333333,1.896,2.0
1,240,74,weak,0.7,full,hj,oracle,3000,3000,1.0,0.9987211512746742,1.0000000000000002,0.0,0.0,0.0,1.0
1,240,74,weak,0.7,full,hj,feasible,3000,1532,0.5106666666666667,0.4927765924446521,0.5285294587825411,0.0,0.48933333333333334,1.3013333333333332,1.0
1,240,74,weak,0.7,weak_tail,equal,oracle,3000,3000,1.0,0.9987211512746742,1.0000000000000002,0.0,0.0,0.0,1.0
1,240,74,weak,0.7,weak_tail,equal,feasible,3000,1341,0.447,0.42928788895880854,0.464847669006076,0.0,0.553,2.06,2.0
1,240,74,weak,0.7,weak_tail,hj,oracle,3000,3000,1.0,0.9987211512746742,1.0000000000000002,0.0,0.0,0.0,1.0
1,240,74,weak,0.7,weak_tail,hj,feasible,3000,1513,0.5043333333333333,0.48644796508744664,0.5222076182236004,0.0,0.49566666666666664,1.358,1.0
1,600,25,strong,0.0,full,equal,oracle,3000,3000,1.0,0.9987211512746742,1.0000000000000002,0.0,0.0,0.0,1.0
1,600,25,strong,0.0,full,equal,feasible,3000,1418,0.4726666666666667,0.4548478278396507,0.4905554158906671,0.0,0.5273333333333333,1.5686666666666667,2.0
1,600,25,strong,0.0,full,hj,oracle,3000,3000,1.0,0.9987211512746742,1.0000000000000002,0.0,0.0,0.0,1.0
1,600,25,strong,0.0,full,hj,feasible,3000,1540,0.5133333333333333,0.49544213529066555,0.5311904287433258,0.0,0.4866666666666667,1.3013333333333332,1.0
1,600,25,strong,0.0,weak_tail,equal,oracle,3000,3000,1.0,0.9987211512746742,1.0000000000000002,0.0,0.0,0.0,1.0
1,600,25,strong,0.0,weak_tail,equal,feasible,3000,1365,0.455,0.43724952122564575,0.47286557515963357,0.0,0.545,1.6226666666666667,2.0
1,600,25,strong,0.0,weak_tail,hj,oracle,3000,3000,1.0,0.9987211512746742,1.0000000000000002,0.0,0.0,0.0,1.0
1,600,25,strong,0.0,weak_tail,hj,feasible,3000,1510,0.5033333333333333,0.4854489701109927,0.5212091708975052,0.0,0.49666666666666665,1.3283333333333334,1.0
1,600,25,strong,0.7,full,equal,oracle,3000,3000,1.0,0.9987211512746742,1.0000000000000002,0.0,0.0,0.0,1.0
1,600,25,strong,0.7,full,equal,feasible,3000,1384,0.4613333333333333,0.4435557631744966,0.4792098011269286,0.0,0.5386666666666666,1.9053333333333333,2.0
1,600,25,strong,0.7,full,hj,oracle,3000,3000,1.0,0.9987211512746742,1.0000000000000002,0.0,0.0,0.0,1.0
1,600,25,strong,0.7,full,hj,feasible,3000,1482,0.494,0.47612846165409983,0.511886884530604,0.0,0.506,1.3813333333333333,2.0
1,600,25,strong,0.7,weak_tail,equal,oracle,3000,3000,1.0,0.9987211512746742,1.0000000000000002,0.0,0.0,0.0,1.0
1,600,25,strong,0.7,weak_tail,equal,feasible,3000,1395,0.465,0.44720806732495355,0.48288145208581934,0.0,0.535,1.872,2.0
1,600,25,strong,0.7,weak_tail,hj,oracle,3000,3000,1.0,0.9987211512746742,1.0000000000000002,0.0,0.0,0.0,1.0
1,600,25,strong,0.7,weak_tail,hj,feasible,3000,1478,0.49266666666666664,0.47479746844732185,0.5105546213339829,0.0,0.5073333333333333,1.3723333333333334,2.0
1,600,25,weak,0.0,full,equal,oracle,3000,3000,1.0,0.9987211512746742,1.0000000000000002,0.0,0.0,0.0,1.0
1,600,25,weak,0.0,full,equal,feasible,3000,1352,0.45066666666666666,0.43293639462727995,0.46852311844695216,0.0,0.5493333333333333,1.6726666666666667,2.0
1,600,25,weak,0.0,full,hj,oracle,3000,3000,1.0,0.9987211512746742,1.0000000000000002,0.0,0.0,0.0,1.0
1,600,25,weak,0.0,full,hj,feasible,3000,1468,0.48933333333333334,0.471470541217459,0.507223407555348,0.0,0.5106666666666667,1.4073333333333333,2.0
1,600,25,weak,0.0,weak_tail,equal,oracle,3000,3000,1.0,0.9987211512746742,1.0000000000000002,0.0,0.0,0.0,1.0
1,600,25,weak,0.0,weak_tail,equal,feasible,3000,1398,0.466,0.4482043182420676,0.4838826434712546,0.0,0.534,1.6143333333333334,2.0
1,600,25,weak,0.0,weak_tail,hj,oracle,3000,3000,1.0,0.9987211512746742,1.0000000000000002,0.0,0.0,0.0,1.0
1,600,25,weak,0.0,weak_tail,hj,feasible,3000,1520,0.5066666666666667,0.4887792311900214,0.5245370508269742,0.0,0.49333333333333335,1.344,1.0
1,600,25,weak,0.7,full,equal,oracle,3000,3000,1.0,0.9987211512746742,1.0000000000000002,0.0,0.0,0.0,1.0
1,600,25,weak,0.7,full,equal,feasible,3000,1376,0.45866666666666667,0.44090015052218756,0.47653890097243934,0.0,0.5413333333333333,1.924,2.0
1,600,25,weak,0.7,full,hj,oracle,3000,3000,1.0,0.9987211512746742,1.0000000000000002,0.0,0.0,0.0,1.0
1,600,25,weak,0.7,full,hj,feasible,3000,1475,0.49166666666666664,0.4737993069040172,0.5095553405747381,0.0,0.5083333333333333,1.362,2.0
1,600,25,weak,0.7,weak_tail,equal,oracle,3000,3000,1.0,0.9987211512746742,1.0000000000000002,0.0,0.0,0.0,1.0
1,600,25,weak,0.7,weak_tail,equal,feasible,3000,1366,0.4553333333333333,0.4375813564746615,0.47319955401146757,0.0,0.5446666666666666,1.957,2.0
1,600,25,weak,0.7,weak_tail,hj,oracle,3000,3000,1.0,0.9987211512746742,1.0000000000000002,0.0,0.0,0.0,1.0
1,600,25,weak,0.7,weak_tail,hj,feasible,3000,1524,0.508,0.4901115578991594,0.5258679805212355,0.0,0.492,1.34,1.0
1,600,74,strong,0.0,full,equal,oracle,3000,3000,1.0,0.9987211512746742,1.0000000000000002,0.0,0.0,0.0,1.0
1,600,74,strong,0.0,full,equal,feasible,3000,1371,0.457,0.43924065317961863,0.47486932781075947,0.0,0.543,1.5676666666666668,2.0
1,600,74,strong,0.0,full,hj,oracle,3000,3000,1.0,0.9987211512746742,1.0000000000000002,0.0,0.0,0.0,1.0
1,600,74,strong,0.0,full,hj,feasible,3000,1489,0.49633333333333335,0.4784580053897241,0.5142180395009283,0.0,0.5036666666666667,1.333,2.0
1,600,74,strong,0.0,weak_tail,equal,oracle,3000,3000,1.0,0.9987211512746742,1.0000000000000002,0.0,0.0,0.0,1.0
1,600,74,strong,0.0,weak_tail,equal,feasible,3000,1367,0.45566666666666666,0.43791319975624365,0.4735335248307353,0.0,0.5443333333333333,1.636,2.0
1,600,74,strong,0.0,weak_tail,hj,oracle,3000,3000,1.0,0.9987211512746742,1.0000000000000002,0.0,0.0,0.0,1.0
1,600,74,strong,0.0,weak_tail,hj,feasible,3000,1488,0.496,0.47812518961431844,0.5138850411754841,0.0,0.504,1.3863333333333334,2.0
1,600,74,strong,0.7,full,equal,oracle,3000,3000,1.0,0.9987211512746742,1.0000000000000002,0.0,0.0,0.0,1.0
1,600,74,strong,0.7,full,equal,feasible,3000,1398,0.466,0.4482043182420676,0.4838826434712546,0.0,0.534,1.9393333333333334,2.0
1,600,74,strong,0.7,full,hj,oracle,3000,3000,1.0,0.9987211512746742,1.0000000000000002,0.0,0.0,0.0,1.0
1,600,74,strong,0.7,full,hj,feasible,3000,1501,0.5003333333333333,0.4824524137848881,0.5182134003159616,0.0,0.49966666666666665,1.3643333333333334,1.0
1,600,74,strong,0.7,weak_tail,equal,oracle,3000,3000,1.0,0.9987211512746742,1.0000000000000002,0.0,0.0,0.0,1.0
1,600,74,strong,0.7,weak_tail,equal,feasible,3000,1394,0.4646666666666667,0.4468759996751175,0.48254770563480553,0.0,0.5353333333333333,1.9716666666666667,2.0
1,600,74,strong,0.7,weak_tail,hj,oracle,3000,3000,1.0,0.9987211512746742,1.0000000000000002,0.0,0.0,0.0,1.0
1,600,74,strong,0.7,weak_tail,hj,feasible,3000,1473,0.491,0.47313390557488116,0.5088891137021746,0.0,0.509,1.3826666666666667,2.0
1,600,74,weak,0.0,full,equal,oracle,3000,3000,1.0,0.9987211512746742,1.0000000000000002,0.0,0.0,0.0,1.0
1,600,74,weak,0.0,full,equal,feasible,3000,1428,0.476,0.4581707789741183,0.49389060576469734,0.0,0.524,1.591,2.0
1,600,74,weak,0.0,full,hj,oracle,3000,3000,1.0,0.9987211512746742,1.0000000000000002,0.0,0.0,0.0,1.0
1,600,74,weak,0.0,full,hj,feasible,3000,1555,0.5183333333333333,0.5004413988680428,0.5361783766786951,0.0,0.4816666666666667,1.318,1.0
1,600,74,weak,0.0,weak_tail,equal,oracle,3000,3000,1.0,0.9987211512746742,1.0000000000000002,0.0,0.0,0.0,1.0
1,600,74,weak,0.0,weak_tail,equal,feasible,3000,1374,0.458,0.4402363275196907,0.47587109577323666,0.0,0.542,1.597,2.0
1,600,74,weak,0.0,weak_tail,hj,oracle,3000,3000,1.0,0.9987211512746742,1.0000000000000002,0.0,0.0,0.0,1.0
1,600,74,weak,0.0,weak_tail,hj,feasible,3000,1490,0.49666666666666665,0.4787908291024949,0.5145510298890074,0.0,0.5033333333333333,1.328,2.0
1,600,74,weak,0.7,full,equal,oracle,3000,3000,1.0,0.9987211512746742,1.0000000000000002,0.0,0.0,0.0,1.0
1,600,74,weak,0.7,full,equal,feasible,3000,1432,0.47733333333333333,0.45950018247021834,0.49522445867199644,0.0,0.5226666666666666,1.9186666666666667,2.0
1,600,74,weak,0.7,full,hj,oracle,3000,3000,1.0,0.9987211512746742,1.0000000000000002,0.0,0.0,0.0,1.0
1,600,74,weak,0.7,full,hj,feasible,3000,1517,0.5056666666666667,0.4877800695168382,0.5235387701976082,0.0,0.49433333333333335,1.3443333333333334,1.0
1,600,74,weak,0.7,weak_tail,equal,oracle,3000,3000,1.0,0.9987211512746742,1.0000000000000002,0.0,0.0,0.0,1.0
1,600,74,weak,0.7,weak_tail,equal,feasible,3000,1436,0.4786666666666667,0.4608297133461093,0.49655818419950465,0.0,0.5213333333333333,1.8873333333333333,2.0
1,600,74,weak,0.7,weak_tail,hj,oracle,3000,3000,1.0,0.9987211512746742,1.0000000000000002,0.0,0.0,0.0,1.0
1,600,74,weak,0.7,weak_tail,hj,feasible,3000,1492,0.49733333333333335,0.47945650033969844,0.5152169868535034,0.0,0.5026666666666667,1.3253333333333333,2.0
3,72,25,strong,0.0,full,equal,oracle,3000,1882,0.6273333333333333,0.6098787689649345,0.6444622175596824,0.37266666666666665,0.0,0.5363333333333333,3.0
3,72,25,strong,0.0,full,equal,feasible,3000,759,0.253,0.23776625580491645,0.26886549546539457,0.41633333333333333,0.33066666666666666,1.4876666666666667,3.0
3,72,25,strong,0.0,full,hj,oracle,3000,1850,0.6166666666666667,0.5991298890483508,0.6339050462490731,0.38333333333333336,0.0,0.5576666666666666,3.0
3,72,25,strong,0.0,full,hj,feasible,3000,768,0.256,0.2407020419072522,0.2719220362707069,0.453,0.291,1.4026666666666667,3.0
3,72,25,strong,0.0,weak_tail,equal,oracle,3000,775,0.25833333333333336,0.24298609965836757,0.2742986772255401,0.7416666666666667,0.0,0.977,2.0
3,72,25,strong,0.0,weak_tail,equal,feasible,3000,381,0.127,0.1155600153108971,0.13939400583819606,0.496,0.377,1.773,3.0
3,72,25,strong,0.0,weak_tail,hj,oracle,3000,791,0.26366666666666666,0.24820897038465062,0.2797288321128535,0.7363333333333333,0.0,0.9663333333333334,2.0
3,72,25,strong,0.0,weak_tail,hj,feasible,3000,455,0.15166666666666667,0.13927702070005177,0.16494724391192533,0.5903333333333334,0.258,1.546,2.0
3,72,25,strong,0.7,full,equal,oracle,3000,1984,0.6613333333333333,0.6442016377670553,0.6780523870442395,0.33866666666666667,0.0,0.5093333333333333,3.0
3,72,25,strong,0.7,full,equal,feasible,3000,686,0.22866666666666666,0.21399096247151933,0.24403635943675756,0.4,0.37133333333333335,1.7073333333333334,3.0
3,72,25,strong,0.7,full,hj,oracle,3000,2458,0.8193333333333334,0.8051601470424011,0.8326897615716907,0.18066666666666667,0.0,0.196,3.0
3,72,25,strong,0.7,full,hj,feasible,3000,990,0.33,0.3134007245339622,0.3470340840326486,0.33666666666666667,0.3333333333333333,1.2066666666666668,3.0
3,72,25,strong,0.7,weak_tail,equal,oracle,3000,804,0.268,0.2524547405555595,0.2841386452529918,0.732,0.0,0.9826666666666667,2.0
3,72,25,strong,0.7,weak_tail,equal,feasible,3000,354,0.118,0.10694139451290101,0.130035645913248,0.5013333333333333,0.38066666666666665,1.9556666666666667,2.0
3,72,25,strong,0.7,weak_tail,hj,oracle,3000,910,0.30333333333333334,0.28714365993126134,0.32002602056736684,0.6966666666666667,0.0,0.869,2.0
3,72,25,strong,0.7,weak_tail,hj,feasible,3000,470,0.15666666666666668,0.14409969642139211,0.17011177970333172,0.574,0.2693333333333333,1.4993333333333334,2.0
3,72,25,weak,0.0,full,equal,oracle,3000,289,0.09633333333333334,0.08628573714307874,0.10741338672783443,0.9036666666666666,0.0,1.5866666666666667,1.0
3,72,25,weak,0.0,full,equal,feasible,3000,340,0.11333333333333333,0.10248081282558363,0.12517483018866843,0.6156666666666667,0.271,1.7723333333333333,2.0
3,72,25,weak,0.0,full,hj,oracle,3000,279,0.093,0.08312130491687247,0.10391967794554285,0.907,0.0,1.5933333333333333,1.0
3,72,25,weak,0.0,full,hj,feasible,3000,343,0.11433333333333333,0.10343615019799042,0.126216935118811,0.6593333333333333,0.22633333333333333,1.7023333333333333,2.0
3,72,25,weak,0.0,weak_tail,equal,oracle,3000,114,0.038,0.03172798089876353,0.04545367532343766,0.962,0.0,1.647,1.0
3,72,25,weak,0.0,weak_tail,equal,feasible,3000,279,0.093,0.08312130491687247,0.10391967794554285,0.5923333333333334,0.31466666666666665,1.864,2.0
3,72,25,weak,0.0,weak_tail,hj,oracle,3000,126,0.042,0.03538857323595209,0.04978285219644649,0.958,0.0,1.639,1.0
3,72,25,weak,0.0,weak_tail,hj,feasible,3000,356,0.11866666666666667,0.1075790990429635,0.1307295695848851,0.671,0.21033333333333334,1.6666666666666667,2.0
3,72,25,weak,0.7,full,equal,oracle,3000,384,0.128,0.11651888013349412,0.14043258331814837,0.872,0.0,1.5436666666666667,1.0
3,72,25,weak,0.7,full,equal,feasible,3000,326,0.10866666666666666,0.09802632074886564,0.12030792485348946,0.562,0.3293333333333333,1.9593333333333334,2.0
3,72,25,weak,0.7,full,hj,oracle,3000,646,0.21533333333333332,0.20099319375121522,0.23040156412307033,0.7846666666666666,0.0,1.2106666666666666,2.0
3,72,25,weak,0.7,full,hj,feasible,3000,460,0.15333333333333332,0.14088405228258669,0.16666928283363927,0.6136666666666667,0.233,1.5636666666666668,2.0
3,72,25,weak,0.7,weak_tail,equal,oracle,3000,123,0.041,0.03447168327024165,0.048702299859607584,0.959,0.0,1.638,1.0
3,72,25,weak,0.7,weak_tail,equal,feasible,3000,237,0.079,0.06987725542619352,0.08919953520053092,0.5823333333333334,0.33866666666666667,2.0866666666666664,2.0
3,72,25,weak,0.7,weak_tail,hj,oracle,3000,151,0.050333333333333334,0.04306877699858018,0.05874800095506297,0.9496666666666667,0.0,1.58,1.0
3,72,25,weak,0.7,weak_tail,hj,feasible,3000,378,0.126,0.11460139177278211,0.1383551870737617,0.6616666666666666,0.21233333333333335,1.6626666666666667,2.0
3,72,74,strong,0.0,full,equal,oracle,3000,1966,0.6553333333333333,0.6381377736646074,0.6721315973313913,0.3446666666666667,0.0,0.482,3.0
3,72,74,strong,0.0,full,equal,feasible,3000,757,0.25233333333333335,0.23711399123610555,0.26818613183250595,0.413,0.33466666666666667,1.4703333333333333,3.0
3,72,74,strong,0.0,full,hj,oracle,3000,1932,0.644,0.626691947660212,0.6609397439068943,0.356,0.0,0.5046666666666667,3.0
3,72,74,strong,0.0,full,hj,feasible,3000,763,0.25433333333333336,0.2390709296283971,0.27022407804531307,0.446,0.2996666666666667,1.3673333333333333,3.0
3,72,74,strong,0.0,weak_tail,equal,oracle,3000,1170,0.39,0.3726976833423261,0.4075836633772456,0.61,0.0,0.8246666666666667,2.0
3,72,74,strong,0.0,weak_tail,equal,feasible,3000,435,0.145,0.13285433341243352,0.15805364918254788,0.472,0.383,1.702,3.0
3,72,74,strong,0.0,weak_tail,hj,oracle,3000,1223,0.4076666666666667,0.39021137596857275,0.42535811809603746,0.5923333333333334,0.0,0.7893333333333333,2.0
3,72,74,strong,0.0,weak_tail,hj,feasible,3000,543,0.181,0.16763327737027398,0.19518262811648399,0.564,0.255,1.4476666666666667,2.0
3,72,74,strong,0.7,full,equal,oracle,3000,2083,0.6943333333333334,0.6776082314296166,0.7105613893658067,0.30566666666666664,0.0,0.455,3.0
3,72,74,strong,0.7,full,equal,feasible,3000,690,0.23,0.21529193956658157,0.24539863874509446,0.379,0.391,1.7406666666666666,3.0
3,72,74,strong,0.7,full,hj,oracle,3000,2611,0.8703333333333333,0.8578369838920649,0.8818824821520436,0.12966666666666668,0.0,0.134,3.0
3,72,74,strong,0.7,full,hj,feasible,3000,1057,0.35233333333333333,0.33543820820297404,0.36960614512057227,0.2866666666666667,0.361,1.2066666666666668,3.0
3,72,74,strong,0.7,weak_tail,equal,oracle,3000,1210,0.4033333333333333,0.38591337156746647,0.42100053918609653,0.5966666666666667,0.0,0.8116666666666666,2.0
3,72,74,strong,0.7,weak_tail,equal,feasible,3000,389,0.12966666666666668,0.11811751784795636,0.1421630161079351,0.4713333333333333,0.399,1.965,3.0
3,72,74,strong,0.7,weak_tail,hj,oracle,3000,1463,0.4876666666666667,0.4698073754140661,0.505557502854492,0.5123333333333333,0.0,0.6023333333333334,2.0
3,72,74,strong,0.7,weak_tail,hj,feasible,3000,606,0.202,0.18801827916073136,0.21674391467956292,0.5143333333333333,0.2836666666666667,1.4156666666666666,2.0
3,72,74,weak,0.0,full,equal,oracle,3000,384,0.128,0.11651888013349412,0.14043258331814837,0.872,0.0,1.515,1.0
3,72,74,weak,0.0,full,equal,feasible,3000,398,0.13266666666666665,0.12099670351507319,0.14527615734846627,0.598,0.2693333333333333,1.7313333333333334,2.0
3,72,74,weak,0.0,full,hj,oracle,3000,369,0.123,0.11172699363076054,0.13523725830813524,0.877,0.0,1.525,1.0
3,72,74,weak,0.0,full,hj,feasible,3000,396,0.132,0.1203567048534542,0.14458452780838568,0.6423333333333333,0.22566666666666665,1.6573333333333333,2.0
3,72,74,weak,0.0,weak_tail,equal,oracle,3000,168,0.056,0.04832599678282378,0.06480962088526569,0.944,0.0,1.6253333333333333,1.0
3,72,74,weak,0.0,weak_tail,equal,feasible,3000,250,0.08333333333333333,0.07396801712888289,0.09376435680888874,0.5776666666666667,0.339,1.8913333333333333,2.0
3,72,74,weak,0.0,weak_tail,hj,oracle,3000,179,0.059666666666666666,0.0517404459622769,0.06871912681516018,0.9403333333333334,0.0,1.618,1.0
3,72,74,weak,0.0,weak_tail,hj,feasible,3000,349,0.11633333333333333,0.10534765079498533,0.12830031912691475,0.6636666666666666,0.22,1.6773333333333333,2.0
3,72,74,weak,0.7,full,equal,oracle,3000,473,0.15766666666666668,0.1450647942741924,0.17114412415308078,0.8423333333333334,0.0,1.4886666666666666,1.0
3,72,74,weak,0.7,full,equal,feasible,3000,338,0.11266666666666666,0.10184407632453579,0.1244799384880167,0.5443333333333333,0.343,2.012,2.0
3,72,74,weak,0.7,full,hj,oracle,3000,810,0.27,0.2544149790805807,0.2861732913330693,0.73,0.0,1.078,2.0
3,72,74,weak,0.7,full,hj,feasible,3000,442,0.14733333333333334,0.13510126760973423,0.16046741369119571,0.6016666666666667,0.251,1.6006666666666667,2.0
3,72,74,weak,0.7,weak_tail,equal,oracle,3000,157,0.052333333333333336,0.04492136585872146,0.0608902967000204,0.9476666666666667,0.0,1.636,1.0
3,72,74,weak,0.7,weak_tail,equal,feasible,3000,215,0.07166666666666667,0.0629741711594646,0.08145470924856463,0.57,0.35833333333333334,2.171,2.0
3,72,74,weak,0.7,weak_tail,hj,oracle,3000,237,0.079,0.06987725542619352,0.08919953520053092,0.921,0.0,1.506,1.0
3,72,74,weak,0.7,weak_tail,hj,feasible,3000,382,0.12733333333333333,0.11587961022876217,0.13974022502118075,0.6583333333333333,0.21433333333333332,1.651,2.0
3,240,25,strong,0.0,full,equal,oracle,3000,2832,0.944,0.9351903791147342,0.9516740032171762,0.056,0.0,0.06066666666666667,3.0
3,240,25,strong,0.0,full,equal,feasible,3000,1166,0.38866666666666666,0.3713768628242076,0.40624122749196495,0.20466666666666666,0.4066666666666667,1.269,3.0
3,240,25,strong,0.0,full,hj,oracle,3000,2829,0.943,0.9341232140583781,0.9507437259709831,0.057,0.0,0.06266666666666666,3.0
3,240,25,strong,0.0,full,hj,feasible,3000,1193,0.39766666666666667,0.3802950482094007,0.41530002282971606,0.22166666666666668,0.38066666666666665,1.194,3.0
3,240,25,strong,0.0,weak_tail,equal,oracle,3000,1663,0.5543333333333333,0.5364891001115446,0.57203859832697,0.44566666666666666,0.0,0.478,3.0
3,240,25,strong,0.0,weak_tail,equal,feasible,3000,603,0.201,0.18704612668944987,0.21571862484829507,0.409,0.39,1.5176666666666667,3.0
3,240,25,strong,0.0,weak_tail,hj,oracle,3000,1675,0.5583333333333333,0.5405001835345786,0.5760172841141333,0.44166666666666665,0.0,0.47,3.0
3,240,25,strong,0.0,weak_tail,hj,feasible,3000,669,0.223,0.20846421476246246,0.23824426743136812,0.49466666666666664,0.2823333333333333,1.2883333333333333,3.0
3,240,25,strong,0.7,full,equal,oracle,3000,2832,0.944,0.9351903791147342,0.9516740032171762,0.056,0.0,0.072,3.0
3,240,25,strong,0.7,full,equal,feasible,3000,1099,0.36633333333333334,0.3492737041401629,0.3837348414190742,0.216,0.4176666666666667,1.4356666666666666,3.0
3,240,25,strong,0.7,full,hj,oracle,3000,2963,0.9876666666666667,0.9830471566412514,0.9910388729019807,0.012333333333333333,0.0,0.012333333333333333,3.0
3,240,25,strong,0.7,full,hj,feasible,3000,1341,0.447,0.42928788895880854,0.464847669006076,0.13466666666666666,0.41833333333333333,1.072,3.0
3,240,25,strong,0.7,weak_tail,equal,oracle,3000,1659,0.553,0.535152330993924,0.5707121110411916,0.447,0.0,0.4776666666666667,3.0
3,240,25,strong,0.7,weak_tail,equal,feasible,3000,601,0.20033333333333334,0.18639810198621942,0.21503502134982594,0.3913333333333333,0.4083333333333333,1.722,3.0
3,240,25,strong,0.7,weak_tail,hj,oracle,3000,1717,0.5723333333333334,0.5545481857197102,0.5899334741646928,0.42766666666666664,0.0,0.434,3.0
3,240,25,strong,0.7,weak_tail,hj,feasible,3000,711,0.237,0.22212553130016657,0.25254714312935483,0.45266666666666666,0.31033333333333335,1.3013333333333332,3.0
3,240,25,weak,0.0,full,equal,oracle,3000,941,0.31366666666666665,0.29731076721902056,0.33049915040595085,0.6863333333333334,0.0,1.093,2.0
3,240,25,weak,0.0,full,equal,feasible,3000,492,0.164,0.1511813003688483,0.17767808597457074,0.5566666666666666,0.2793333333333333,1.6453333333333333,2.0
3,240,25,weak,0.0,full,hj,oracle,3000,917,0.30566666666666664,0.2894386106341932,0.32239176857038343,0.6943333333333334,0.0,1.109,2.0
3,240,25,weak,0.0,full,hj,feasible,3000,490,0.16333333333333333,0.15053712010794537,0.1769906380337741,0.5953333333333334,0.24133333333333334,1.5796666666666668,2.0
3,240,25,weak,0.0,weak_tail,equal,oracle,3000,356,0.11866666666666667,0.1075790990429635,0.1307295695848851,0.8813333333333333,0.0,1.3583333333333334,2.0
3,240,25,weak,0.0,weak_tail,equal,feasible,3000,288,0.096,0.08596911772942444,0.10706419204063893,0.58,0.324,1.8446666666666667,2.0
3,240,25,weak,0.0,weak_tail,hj,oracle,3000,362,0.12066666666666667,0.10949291137574615,0.13281064185720115,0.8793333333333333,0.0,1.3543333333333334,2.0
3,240,25,weak,0.0,weak_tail,hj,feasible,3000,378,0.126,0.11460139177278211,0.1383551870737617,0.6553333333333333,0.21866666666666668,1.6256666666666666,2.0
3,240,25,weak,0.7,full,equal,oracle,3000,1082,0.3606666666666667,0.3436717155646396,0.37801799028015126,0.6393333333333333,0.0,1.061,2.0
3,240,25,weak,0.7,full,equal,feasible,3000,418,0.13933333333333334,0.1274021660500632,0.15218697683047192,0.5173333333333333,0.3433333333333333,1.8876666666666666,2.0
3,240,25,weak,0.7,full,hj,oracle,3000,1549,0.5163333333333333,0.4984414788150051,0.5341834121266342,0.4836666666666667,0.0,0.629,3.0
3,240,25,weak,0.7,full,hj,feasible,3000,631,0.21033333333333334,0.19612483867907354,0.22528270768246533,0.5166666666666667,0.273,1.4103333333333334,2.0
3,240,25,weak,0.7,weak_tail,equal,oracle,3000,315,0.105,0.09453085799481524,0.11647943249819225,0.895,0.0,1.3853333333333333,2.0
3,240,25,weak,0.7,weak_tail,equal,feasible,3000,252,0.084,0.07459808132677005,0.09446592081270115,0.557,0.359,2.096,2.0
3,240,25,weak,0.7,weak_tail,hj,oracle,3000,372,0.124,0.1126848784070766,0.13627681583436854,0.876,0.0,1.275,2.0
3,240,25,weak,0.7,weak_tail,hj,feasible,3000,388,0.12933333333333333,0.11779773774509318,0.14181698210994845,0.6426666666666667,0.228,1.6403333333333334,2.0
3,240,74,strong,0.0,full,equal,oracle,3000,2868,0.956,0.9480592935843528,0.9627743963781499,0.044,0.0,0.04733333333333333,3.0
3,240,74,strong,0.0,full,equal,feasible,3000,1145,0.38166666666666665,0.36444480948954056,0.3991911847087865,0.20333333333333334,0.415,1.3076666666666668,3.0
3,240,74,strong,0.0,full,hj,oracle,3000,2866,0.9553333333333334,0.9473409336761411,0.962161128084662,0.04466666666666667,0.0,0.048666666666666664,3.0
3,240,74,strong,0.0,full,hj,feasible,3000,1186,0.3953333333333333,0.3779823307759264,0.4129520415572418,0.22366666666666668,0.381,1.1966666666666668,3.0
3,240,74,strong,0.0,weak_tail,equal,oracle,3000,2232,0.744,0.7280779637292932,0.7592979580927478,0.256,0.0,0.2763333333333333,3.0
3,240,74,strong,0.0,weak_tail,equal,feasible,3000,798,0.266,0.2504949128601385,0.28210358834331406,0.31366666666666665,0.42033333333333334,1.493,3.0
3,240,74,strong,0.0,weak_tail,hj,oracle,3000,2250,0.75,0.7341920228455506,0.7651685527917863,0.25,0.0,0.2643333333333333,3.0
3,240,74,strong,0.0,weak_tail,hj,feasible,3000,885,0.295,0.2789515142895954,0.3115728136877882,0.387,0.318,1.2553333333333334,3.0
3,240,74,strong,0.7,full,equal,oracle,3000,2876,0.9586666666666667,0.9509373919913736,0.9652228107779274,0.04133333333333333,0.0,0.05,3.0
3,240,74,strong,0.7,full,equal,feasible,3000,1096,0.36533333333333334,0.34828493094427626,0.38272617231241157,0.171,0.46366666666666667,1.5496666666666667,3.0
3,240,74,strong,0.7,full,hj,oracle,3000,2985,0.995,0.9917663931103022,0.996967546651625,0.005,0.0,0.005,3.0
3,240,74,strong,0.7,full,hj,feasible,3000,1423,0.47433333333333333,0.4565092038046127,0.49222311042995404,0.098,0.42766666666666664,1.0976666666666666,3.0
3,240,74,strong,0.7,weak_tail,equal,oracle,3000,2311,0.7703333333333333,0.7549419110798522,0.7850333247093216,0.22966666666666666,0.0,0.25,3.0
3,240,74,strong,0.7,weak_tail,equal,feasible,3000,717,0.239,0.22407903808784832,0.2545885209467718,0.305,0.456,1.6923333333333332,3.0
3,240,74,strong,0.7,weak_tail,hj,oracle,3000,2451,0.817,0.8027610841832963,0.830428125724847,0.183,0.0,0.183,3.0
3,240,74,strong,0.7,weak_tail,hj,feasible,3000,958,0.31933333333333336,0.3028903457889959,0.336238411550422,0.322,0.3586666666666667,1.1923333333333332,3.0
3,240,74,weak,0.0,full,equal,oracle,3000,1009,0.3363333333333333,0.31964590029409035,0.3534393761886663,0.6636666666666666,0.0,1.0586666666666666,2.0
3,240,74,weak,0.0,full,equal,feasible,3000,505,0.16833333333333333,0.15537035766425142,0.18214461199021478,0.5386666666666666,0.293,1.6353333333333333,2.0
3,240,74,weak,0.0,full,hj,oracle,3000,977,0.32566666666666666,0.3091296909788403,0.34264953427672334,0.6743333333333333,0.0,1.08,2.0
3,240,74,weak,0.0,full,hj,feasible,3000,513,0.171,0.1579498340734792,0.1848916483877853,0.5896666666666667,0.23933333333333334,1.5426666666666666,2.0
3,240,74,weak,0.0,weak_tail,equal,oracle,3000,519,0.173,0.1598852221629369,0.18695114490342626,0.827,0.0,1.2746666666666666,2.0
3,240,74,weak,0.0,weak_tail,equal,feasible,3000,329,0.10966666666666666,0.0989803253945503,0.12135136251035415,0.5306666666666666,0.3596666666666667,1.8256666666666668,2.0
3,240,74,weak,0.0,weak_tail,hj,oracle,3000,553,0.18433333333333332,0.17086461548018977,0.198609431015066,0.8156666666666667,0.0,1.252,2.0
3,240,74,weak,0.0,weak_tail,hj,feasible,3000,422,0.14066666666666666,0.12868442179088896,0.1535679774930453,0.627,0.23233333333333334,1.606,2.0
3,240,74,weak,0.7,full,equal,oracle,3000,1217,0.4056666666666667,0.3882275056347864,0.4233471038247251,0.5943333333333334,0.0,0.9736666666666667,2.0
3,240,74,weak,0.7,full,equal,feasible,3000,436,0.14533333333333334,0.13317525647560452,0.1583985402202267,0.496,0.3586666666666667,1.9,3.0
3,240,74,weak,0.7,full,hj,oracle,3000,1725,0.575,0.5572256289275838,0.5925825437636173,0.425,0.0,0.5103333333333333,3.0
3,240,74,weak,0.7,full,hj,feasible,3000,678,0.226,0.2113896519701337,0.24131115713134493,0.48833333333333334,0.2856666666666667,1.397,3.0
3,240,74,weak,0.7,weak_tail,equal,oracle,3000,577,0.19233333333333333,0.1786266955038284,0.20682688941182217,0.8076666666666666,0.0,1.2586666666666666,2.0
3,240,74,weak,0.7,weak_tail,equal,feasible,3000,280,0.09333333333333334,0.08343756972048183,0.10426922724278329,0.5223333333333333,0.38433333333333336,2.062666666666667,2.0
3,240,74,weak,0.7,weak_tail,hj,oracle,3000,749,0.24966666666666668,0.23450541820704285,0.2654681920547704,0.7503333333333333,0.0,1.0626666666666666,2.0
3,240,74,weak,0.7,weak_tail,hj,feasible,3000,426,0.142,0.12996705446355725,0.1549486012237761,0.607,0.251,1.5833333333333333,2.0
3,600,25,strong,0.0,full,equal,oracle,3000,2990,0.9966666666666667,0.9938746440277139,0.9981883662384624,0.0033333333333333335,0.0,0.0033333333333333335,3.0
3,600,25,strong,0.0,full,equal,feasible,3000,1393,0.4643333333333333,0.44654394002175485,0.4822139511873184,0.08,0.45566666666666666,1.181,3.0
3,600,25,strong,0.0,full,hj,oracle,3000,2990,0.9966666666666667,0.9938746440277139,0.9981883662384624,0.0033333333333333335,0.0,0.0033333333333333335,3.0
3,600,25,strong,0.0,full,hj,feasible,3000,1441,0.48033333333333333,0.46249180600072437,0.49822516204913847,0.089,0.43066666666666664,1.08,3.0
3,600,25,strong,0.0,weak_tail,equal,oracle,3000,2380,0.7933333333333333,0.7784732095527616,0.8074431991950473,0.20666666666666667,0.0,0.207,3.0
3,600,25,strong,0.0,weak_tail,equal,feasible,3000,947,0.31566666666666665,0.2992797047208759,0.3325250975091943,0.268,0.41633333333333333,1.3163333333333334,3.0
3,600,25,strong,0.0,weak_tail,hj,oracle,3000,2381,0.7936666666666666,0.7788147456198491,0.8077674772288095,0.20633333333333334,0.0,0.20633333333333334,3.0
3,600,25,strong,0.0,weak_tail,hj,feasible,3000,1007,0.33566666666666667,0.3189883526498734,0.3527652956311837,0.3363333333333333,0.328,1.1383333333333334,3.0
3,600,25,strong,0.7,full,equal,oracle,3000,2992,0.9973333333333333,0.9947465032080693,0.9986481352598064,0.0026666666666666666,0.0,0.003,3.0
3,600,25,strong,0.7,full,equal,feasible,3000,1357,0.4523333333333333,0.43459512858231997,0.47019345499616105,0.07466666666666667,0.473,1.4186666666666667,3.0
3,600,25,strong,0.7,full,hj,oracle,3000,3000,1.0,0.9987211512746742,1.0000000000000002,0.0,0.0,0.0,3.0
3,600,25,strong,0.7,full,hj,feasible,3000,1536,0.512,0.49410930031891936,0.5298600073116729,0.037,0.451,1.0953333333333333,3.0
3,600,25,strong,0.7,weak_tail,equal,oracle,3000,2441,0.8136666666666666,0.7993353053405496,0.8271957635590959,0.18633333333333332,0.0,0.187,3.0
3,600,25,strong,0.7,weak_tail,equal,feasible,3000,888,0.296,0.2799342298231362,0.3125875404567967,0.25166666666666665,0.4523333333333333,1.6043333333333334,3.0
3,600,25,strong,0.7,weak_tail,hj,oracle,3000,2461,0.8203333333333334,0.806188577050338,0.8336587738663032,0.17966666666666667,0.0,0.18,3.0
3,600,25,strong,0.7,weak_tail,hj,feasible,3000,1009,0.3363333333333333,0.31964590029409035,0.3534393761886663,0.30266666666666664,0.361,1.1896666666666667,3.0
3,600,25,weak,0.0,full,equal,oracle,3000,1768,0.5893333333333334,0.5716259245974478,0.6068122544302941,0.4106666666666667,0.0,0.582,3.0
3,600,25,weak,0.0,full,equal,feasible,3000,689,0.22966666666666666,0.21496667529067842,0.2450580889201478,0.45066666666666666,0.31966666666666665,1.5433333333333332,3.0
3,600,25,weak,0.0,full,hj,oracle,3000,1744,0.5813333333333334,0.5635866653552398,0.5988719752521073,0.4186666666666667,0.0,0.598,3.0
3,600,25,weak,0.0,full,hj,feasible,3000,697,0.23233333333333334,0.21756916079686828,0.24778211622075624,0.48533333333333334,0.2823333333333333,1.4543333333333333,3.0
3,600,25,weak,0.0,weak_tail,equal,oracle,3000,740,0.24666666666666667,0.2315717094237292,0.26240957393043596,0.7533333333333333,0.0,1.0216666666666667,2.0
3,600,25,weak,0.0,weak_tail,equal,feasible,3000,364,0.12133333333333333,0.11013107895627218,0.1335041024783747,0.5116666666666667,0.367,1.788,2.0
3,600,25,weak,0.0,weak_tail,hj,oracle,3000,762,0.254,0.23874474312598443,0.269884450446876,0.746,0.0,1.007,2.0
3,600,25,weak,0.0,weak_tail,hj,feasible,3000,444,0.148,0.13574344990037743,0.16115685960225204,0.6006666666666667,0.25133333333333335,1.5653333333333332,2.0
3,600,25,weak,0.7,full,equal,oracle,3000,1915,0.6383333333333333,0.6209729662554719,0.6553398855971879,0.3616666666666667,0.0,0.5416666666666666,3.0
3,600,25,weak,0.7,full,equal,feasible,3000,630,0.21,0.19580039787368875,0.2249413343870003,0.4186666666666667,0.37133333333333335,1.7133333333333334,3.0
3,600,25,weak,0.7,full,hj,oracle,3000,2408,0.8026666666666666,0.7880419628214838,0.8165172407501188,0.19733333333333333,0.0,0.21466666666666667,3.0
3,600,25,weak,0.7,full,hj,feasible,3000,901,0.30033333333333334,0.28419374453972296,0.31698360905125716,0.363,0.33666666666666667,1.2583333333333333,3.0
3,600,25,weak,0.7,weak_tail,equal,oracle,3000,719,0.23966666666666667,0.2247303094617957,0.255268877774524,0.7603333333333333,0.0,1.0,2.0
3,600,25,weak,0.7,weak_tail,equal,feasible,3000,341,0.11366666666666667,0.10279922771896328,0.12552222939613855,0.498,0.3883333333333333,1.97,3.0
3,600,25,weak,0.7,weak_tail,hj,oracle,3000,819,0.273,0.2573561008874148,0.28922449643388326,0.727,0.0,0.8913333333333333,2.0
3,600,25,weak,0.7,weak_tail,hj,feasible,3000,475,0.15833333333333333,0.14570829524894569,0.17183225138002706,0.5886666666666667,0.253,1.4766666666666666,2.0
3,600,74,strong,0.0,full,equal,oracle,3000,2999,0.9996666666666667,0.9981141811156959,0.9999411560581286,0.0003333333333333333,0.0,0.0003333333333333333,3.0
3,600,74,strong,0.0,full,equal,feasible,3000,1393,0.4643333333333333,0.44654394002175485,0.4822139511873184,0.06866666666666667,0.467,1.1976666666666667,3.0
3,600,74,strong,0.0,full,hj,oracle,3000,2999,0.9996666666666667,0.9981141811156959,0.9999411560581286,0.0003333333333333333,0.0,0.0003333333333333333,3.0
3,600,74,strong,0.0,full,hj,feasible,3000,1449,0.483,0.46515156788590395,0.5008919129707571,0.075,0.442,1.0973333333333333,3.0
3,600,74,strong,0.0,weak_tail,equal,oracle,3000,2826,0.942,0.9330567605723941,0.9498127371544176,0.058,0.0,0.058666666666666666,3.0
3,600,74,strong,0.0,weak_tail,equal,feasible,3000,1141,0.38033333333333336,0.3631248497999193,0.3978478879950087,0.16433333333333333,0.4553333333333333,1.315,3.0
3,600,74,strong,0.0,weak_tail,hj,oracle,3000,2827,0.9423333333333334,0.9334121670762775,0.9501231447513842,0.057666666666666665,0.0,0.058,3.0
3,600,74,strong,0.0,weak_tail,hj,feasible,3000,1221,0.407,0.38955005238236134,0.42468781348054924,0.20766666666666667,0.38533333333333336,1.1226666666666667,3.0
3,600,74,strong,0.7,full,equal,oracle,3000,2994,0.998,0.9956431969391587,0.9990830697304166,0.002,0.0,0.002,3.0
3,600,74,strong,0.7,full,equal,feasible,3000,1384,0.4613333333333333,0.4435557631744966,0.4792098011269286,0.058,0.4806666666666667,1.4323333333333332,3.0
3,600,74,strong,0.7,full,hj,oracle,3000,3000,1.0,0.9987211512746742,1.0000000000000002,0.0,0.0,0.0,3.0
3,600,74,strong,0.7,full,hj,feasible,3000,1577,0.5256666666666666,0.5077768895700459,0.5434907961953872,0.019666666666666666,0.45466666666666666,1.062,3.0
3,600,74,strong,0.7,weak_tail,equal,oracle,3000,2826,0.942,0.9330567605723941,0.9498127371544176,0.058,0.0,0.058333333333333334,3.0
3,600,74,strong,0.7,weak_tail,equal,feasible,3000,1069,0.35633333333333334,0.33938958750393694,0.3736445350298067,0.174,0.4696666666666667,1.538,3.0
3,600,74,strong,0.7,weak_tail,hj,oracle,3000,2890,0.9633333333333334,0.9559937359506702,0.9694878642305279,0.03666666666666667,0.0,0.037,3.0
3,600,74,strong,0.7,weak_tail,hj,feasible,3000,1279,0.42633333333333334,0.4087419254197541,0.44411315829244397,0.17433333333333334,0.3993333333333333,1.0753333333333333,3.0
3,600,74,weak,0.0,full,equal,oracle,3000,1896,0.632,0.6145842207184117,0.6490781632181023,0.368,0.0,0.5173333333333333,3.0
3,600,74,weak,0.0,full,equal,feasible,3000,701,0.23366666666666666,0.2188707200531464,0.24914381336787722,0.436,0.3303333333333333,1.5306666666666666,3.0
3,600,74,weak,0.0,full,hj,oracle,3000,1858,0.6193333333333333,0.6018162748325605,0.6365451732716617,0.38066666666666665,0.0,0.5426666666666666,3.0
3,600,74,weak,0.0,full,hj,feasible,3000,719,0.23966666666666667,0.2247303094617957,0.255268877774524,0.473,0.28733333333333333,1.4263333333333332,3.0
3,600,74,weak,0.0,weak_tail,equal,oracle,3000,1111,0.37033333333333335,0.35322959378422664,0.3877687209852079,0.6296666666666667,0.0,0.8716666666666667,2.0
3,600,74,weak,0.0,weak_tail,equal,feasible,3000,407,0.13566666666666666,0.12387794363589708,0.1483872441352904,0.491,0.37333333333333335,1.696,3.0
3,600,74,weak,0.0,weak_tail,hj,oracle,3000,1173,0.391,0.3736883885098122,0.40859040051230894,0.609,0.0,0.8303333333333334,2.0
3,600,74,weak,0.0,weak_tail,hj,feasible,3000,525,0.175,0.16182126930243879,0.18900998236902306,0.5593333333333333,0.26566666666666666,1.4546666666666668,2.0
3,600,74,weak,0.7,full,equal,oracle,3000,1952,0.6506666666666666,0.6334235066690905,0.6675244669150111,0.34933333333333333,0.0,0.5223333333333333,3.0
3,600,74,weak,0.7,full,equal,feasible,3000,599,0.19966666666666666,0.18575013910630944,0.21435135602803634,0.4073333333333333,0.393,1.7876666666666667,3.0
3,600,74,weak,0.7,full,hj,oracle,3000,2535,0.845,0.8316092075545916,0.8575083868249336,0.155,0.0,0.16233333333333333,3.0
3,600,74,weak,0.7,full,hj,feasible,3000,953,0.31766666666666665,0.30124899783911646,0.3345506889960524,0.32666666666666666,0.3556666666666667,1.2283333333333333,3.0
3,600,74,weak,0.7,weak_tail,equal,oracle,3000,1133,0.37766666666666665,0.3604853468630302,0.39516087812509954,0.6223333333333333,0.0,0.8533333333333334,2.0
3,600,74,weak,0.7,weak_tail,equal,feasible,3000,352,0.11733333333333333,0.10630380785794563,0.12934160436650383,0.4676666666666667,0.415,1.9766666666666666,3.0
3,600,74,weak,0.7,weak_tail,hj,oracle,3000,1400,0.4666666666666667,0.44886852548210615,0.48455006443291554,0.5333333333333333,0.0,0.636,2.0
3,600,74,weak,0.7,weak_tail,hj,feasible,3000,575,0.19166666666666668,0.17797949316558398,0.20614246354836707,0.53,0.2783333333333333,1.4496666666666667,2.0
5,72,25,strong,0.0,full,equal,oracle,3000,1248,0.416,0.3984807343103234,0.4337341122755314,0.584,0.0,1.345,4.0
5,72,25,strong,0.0,full,equal,feasible,3000,739,0.24633333333333332,0.23124580344362103,0.2620696658096943,0.6326666666666667,0.121,1.9896666666666667,4.0
5,72,25,strong,0.0,full,hj,oracle,3000,1174,0.3913333333333333,0.37401864064538914,0.4089259624775816,0.6086666666666667,0.0,1.448,4.0
5,72,25,strong,0.0,full,hj,feasible,3000,684,0.228,0.2133405541370684,0.2433551395695089,0.6676666666666666,0.10433333333333333,2.075,3.0
5,72,25,strong,0.0,weak_tail,equal,oracle,3000,253,0.08433333333333333,0.0749131829751923,0.09481663326512867,0.9156666666666666,0.0,2.229,3.0
5,72,25,strong,0.0,weak_tail,equal,feasible,3000,284,0.09466666666666666,0.08470302854287072,0.10566702482379352,0.7493333333333333,0.156,2.561,3.0
5,72,25,strong,0.0,weak_tail,hj,oracle,3000,271,0.09033333333333333,0.08059265547089096,0.10112181458472609,0.9096666666666666,0.0,2.2146666666666666,3.0
5,72,25,strong,0.0,weak_tail,hj,feasible,3000,353,0.11766666666666667,0.10662258639702532,0.12968863992827392,0.7976666666666666,0.08466666666666667,2.4033333333333333,3.0
5,72,25,strong,0.7,full,equal,oracle,3000,1466,0.4886666666666667,0.4708052510672111,0.5065570695038963,0.5113333333333333,0.0,1.2346666666666666,4.0
5,72,25,strong,0.7,full,equal,feasible,3000,734,0.24466666666666667,0.22961645979168055,0.2603699389573859,0.5636666666666666,0.19166666666666668,1.9436666666666667,4.0
5,72,25,strong,0.7,full,hj,oracle,3000,2201,0.7336666666666667,0.7175572068511996,0.7491784778444982,0.2663333333333333,0.0,0.31166666666666665,5.0
5,72,25,strong,0.7,full,hj,feasible,3000,1130,0.37666666666666665,0.3594956767814122,0.39415310590416813,0.477,0.14633333333333334,1.269,5.0
5,72,25,strong,0.7,weak_tail,equal,oracle,3000,258,0.086,0.07648937686404016,0.09656950988052972,0.914,0.0,2.199,3.0
5,72,25,strong,0.7,weak_tail,equal,feasible,3000,320,0.10666666666666667,0.09611920100638773,0.1182201599908687,0.7053333333333334,0.188,2.5113333333333334,3.0
5,72,25,strong,0.7,weak_tail,hj,oracle,3000,334,0.11133333333333334,0.10057097984346397,0.12308977856568942,0.8886666666666667,0.0,1.831,3.0
5,72,25,strong,0.7,weak_tail,hj,feasible,3000,444,0.148,0.13574344990037743,0.16115685960225204,0.7663333333333333,0.08566666666666667,2.0986666666666665,3.0
5,72,25,weak,0.0,full,equal,oracle,3000,30,0.01,0.007013704253986818,0.014239567496832629,0.99,0.0,3.4963333333333333,1.0
5,72,25,weak,0.0,full,equal,feasible,3000,329,0.10966666666666666,0.0989803253945503,0.12135136251035415,0.793,0.09733333333333333,2.7583333333333333,2.0
5,72,25,weak,0.0,full,hj,oracle,3000,26,0.008666666666666666,0.005921269051362266,0.012668746296058048,0.9913333333333333,0.0,3.5136666666666665,1.0
5,72,25,weak,0.0,full,hj,feasible,3000,282,0.094,0.08407021959035776,0.1049682055746069,0.837,0.069,2.8526666666666665,2.0
5,72,25,weak,0.0,weak_tail,equal,oracle,3000,3,0.001,0.00034014721903916404,0.002936143808836147,0.999,0.0,3.554333333333333,1.0
5,72,25,weak,0.0,weak_tail,equal,feasible,3000,144,0.048,0.04091172361423537,0.05624435563345931,0.8136666666666666,0.13833333333333334,3.066666666666667,2.0
5,72,25,weak,0.0,weak_tail,hj,oracle,3000,4,0.0013333333333333333,0.0005186256496617009,0.0034234794790633924,0.9986666666666667,0.0,3.558,1.0
5,72,25,weak,0.0,weak_tail,hj,feasible,3000,228,0.076,0.06705013576453428,0.08603432795454213,0.8586666666666667,0.06533333333333333,2.923,2.0
5,72,25,weak,0.7,full,equal,oracle,3000,85,0.028333333333333332,0.022972359462877675,0.03490068783467981,0.9716666666666667,0.0,3.395,1.0
5,72,25,weak,0.7,full,equal,feasible,3000,361,0.12033333333333333,0.10917387047872315,0.13246386865337437,0.7286666666666667,0.151,2.75,2.0
5,72,25,weak,0.7,full,hj,oracle,3000,210,0.07,0.061409038063304944,0.07969077184047538,0.93,0.0,2.744,2.0
5,72,25,weak,0.7,full,hj,feasible,3000,359,0.11966666666666667,0.10853587498312671,0.13177023594727122,0.804,0.07633333333333334,2.6066666666666665,2.0
5,72,25,weak,0.7,weak_tail,equal,oracle,3000,11,0.0036666666666666666,0.0020486685952001804,0.006554135239473392,0.9963333333333333,0.0,3.5326666666666666,1.0
5,72,25,weak,0.7,weak_tail,equal,feasible,3000,181,0.060333333333333336,0.05236224245603363,0.069428958523103,0.772,0.16766666666666666,3.0716666666666668,2.0
5,72,25,weak,0.7,weak_tail,hj,oracle,3000,13,0.004333333333333333,0.0025342196904608112,0.007400212345912326,0.9956666666666667,0.0,3.228666666666667,2.0
5,72,25,weak,0.7,weak_tail,hj,feasible,3000,274,0.09133333333333334,0.0815405899871373,0.10217132237102912,0.8396666666666667,0.069,2.826,2.0
5,72,74,strong,0.0,full,equal,oracle,3000,1313,0.43766666666666665,0.42000519671376957,0.455487566427321,0.5623333333333334,0.0,1.243,4.0
5,72,74,strong,0.0,full,equal,feasible,3000,747,0.249,0.23385339690464071,0.26478858515547293,0.6156666666666667,0.13533333333333333,1.934,4.0
5,72,74,strong,0.0,full,hj,oracle,3000,1230,0.41,0.39252627169929605,0.4277039210712626,0.59,0.0,1.3493333333333333,4.0
5,72,74,strong,0.0,full,hj,feasible,3000,677,0.22566666666666665,0.21106454890899545,0.24097044609163337,0.6633333333333333,0.111,2.0483333333333333,3.0
5,72,74,strong,0.0,weak_tail,equal,oracle,3000,554,0.18466666666666667,0.17118784335873422,0.19895201723737138,0.8153333333333334,0.0,1.9123333333333334,3.0
5,72,74,strong,0.0,weak_tail,equal,feasible,3000,374,0.12466666666666666,0.1133236066319313,0.13696971581121337,0.6993333333333334,0.176,2.481333333333333,3.0
5,72,74,strong,0.0,weak_tail,hj,oracle,3000,605,0.20166666666666666,0.18769421298614117,0.2164021667533033,0.7983333333333333,0.0,1.8473333333333333,3.0
5,72,74,strong,0.0,weak_tail,hj,feasible,3000,486,0.162,0.1492489952633077,0.17561550647501267,0.745,0.093,2.2436666666666665,3.0
5,72,74,strong,0.7,full,equal,oracle,3000,1544,0.5146666666666667,0.4967750973856356,0.532520723051755,0.48533333333333334,0.0,1.1393333333333333,5.0
5,72,74,strong,0.7,full,equal,feasible,3000,816,0.272,0.2563756255542408,0.28820752946450784,0.5343333333333333,0.19366666666666665,1.8593333333333333,4.0
5,72,74,strong,0.7,full,hj,oracle,3000,2325,0.775,0.7597110167209663,0.7895856164801044,0.225,0.0,0.248,5.0
5,72,74,strong,0.7,full,hj,feasible,3000,1255,0.41833333333333333,0.40079708449676493,0.43607846079503826,0.4266666666666667,0.155,1.1433333333333333,5.0
5,72,74,strong,0.7,weak_tail,equal,oracle,3000,629,0.20966666666666667,0.1954759717359299,0.22459994642390935,0.7903333333333333,0.0,1.883,3.0
5,72,74,strong,0.7,weak_tail,equal,feasible,3000,353,0.11766666666666667,0.10662258639702532,0.12968863992827392,0.6723333333333333,0.21,2.4833333333333334,3.0
5,72,74,strong,0.7,weak_tail,hj,oracle,3000,925,0.30833333333333335,0.2920620198581893,0.3250948721531857,0.6916666666666667,0.0,1.2593333333333334,4.0
5,72,74,strong,0.7,weak_tail,hj,feasible,3000,589,0.19633333333333333,0.1825112602394065,0.21093209388644146,0.6943333333333334,0.10933333333333334,1.8696666666666666,3.0
5,72,74,weak,0.0,full,equal,oracle,3000,51,0.017,0.012953739842509025,0.02228162802615586,0.983,0.0,3.4406666666666665,1.0
5,72,74,weak,0.0,full,equal,feasible,3000,271,0.09033333333333333,0.08059265547089096,0.10112181458472609,0.8156666666666667,0.094,2.8056666666666668,2.0
5,72,74,weak,0.0,full,hj,oracle,3000,47,0.015666666666666666,0.011802189856305195,0.020769921608960556,0.9843333333333333,0.0,3.461,1.0
5,72,74,weak,0.0,full,hj,feasible,3000,231,0.077,0.06799204271080748,0.08708986331081826,0.863,0.06,2.9026666666666667,2.0
5,72,74,weak,0.0,weak_tail,equal,oracle,3000,14,0.004666666666666667,0.0027819139335313083,0.007818332203691613,0.9953333333333333,0.0,3.51,1.0
5,72,74,weak,0.0,weak_tail,equal,feasible,3000,148,0.04933333333333333,0.04214374236315084,0.05767559328794296,0.803,0.14766666666666667,3.1066666666666665,2.0
5,72,74,weak,0.0,weak_tail,hj,oracle,3000,15,0.005,0.0030324533483749197,0.008233606889697783,0.995,0.0,3.5143333333333335,1.0
5,72,74,weak,0.0,weak_tail,hj,feasible,3000,256,0.08533333333333333,0.07585876314969729,0.09586849539317303,0.8466666666666667,0.068,2.916,2.0
5,72,74,weak,0.7,full,equal,oracle,3000,87,0.029,0.023571258905749824,0.035633416593507244,0.971,0.0,3.3786666666666667,1.0
5,72,74,weak,0.7,full,equal,feasible,3000,314,0.10466666666666667,0.09421329180776727,0.11613118458439045,0.7416666666666667,0.15366666666666667,2.7946666666666666,2.0
5,72,74,weak,0.7,full,hj,oracle,3000,276,0.092,0.0821727533534877,0.10287078720637827,0.908,0.0,2.477333333333333,2.0
5,72,74,weak,0.7,full,hj,feasible,3000,355,0.11833333333333333,0.10726023209736554,0.13038262242963325,0.802,0.07966666666666666,2.543,2.0
5,72,74,weak,0.7,weak_tail,equal,oracle,3000,22,0.007333333333333333,0.004847868521937734,0.011078890422083449,0.9926666666666667,0.0,3.448,1.0
5,72,74,weak,0.7,weak_tail,equal,feasible,3000,183,0.061,0.05298433102545966,0.07013849815537654,0.7566666666666667,0.18233333333333332,2.988,2.0
5,72,74,weak,0.7,weak_tail,hj,oracle,3000,38,0.012666666666666666,0.00924242683594685,0.01733735772167086,0.9873333333333333,0.0,3.041,2.0
5,72,74,weak,0.7,weak_tail,hj,feasible,3000,285,0.095,0.08501949220596522,0.1060163752615488,0.8333333333333334,0.07166666666666667,2.7136666666666667,2.0
5,240,25,strong,0.0,full,equal,oracle,3000,2609,0.8696666666666667,0.8571449941341893,0.8812428437082198,0.13033333333333333,0.0,0.16633333333333333,5.0
5,240,25,strong,0.0,full,equal,feasible,3000,1398,0.466,0.4482043182420676,0.4838826434712546,0.37333333333333335,0.16066666666666668,1.179,5.0
5,240,25,strong,0.0,full,hj,oracle,3000,2596,0.8653333333333333,0.8526495601213426,0.8770826944100192,0.13466666666666666,0.0,0.176,5.0
5,240,25,strong,0.0,full,hj,feasible,3000,1355,0.45166666666666666,0.4339316108512974,0.4695253445254841,0.401,0.14733333333333334,1.233,5.0
5,240,25,strong,0.0,weak_tail,equal,oracle,3000,1146,0.382,0.3647748210540685,0.39952698724510843,0.618,0.0,1.0576666666666668,4.0
5,240,25,strong,0.0,weak_tail,equal,feasible,3000,631,0.21033333333333334,0.19612483867907354,0.22528270768246533,0.6063333333333333,0.18333333333333332,1.912,4.0
5,240,25,strong,0.0,weak_tail,hj,oracle,3000,1155,0.385,0.3677453137889538,0.4025488214178712,0.615,0.0,1.0413333333333334,4.0
5,240,25,strong,0.0,weak_tail,hj,feasible,3000,699,0.233,0.21821991418143416,0.24846299103788994,0.663,0.104,1.7436666666666667,4.0
5,240,25,strong,0.7,full,equal,oracle,3000,2620,0.8733333333333333,0.8609522401537867,0.8847595527979698,0.12666666666666668,0.0,0.21766666666666667,5.0
5,240,25,strong,0.7,full,equal,feasible,3000,1434,0.478,0.460164931988558,0.4958913373553563,0.30933333333333335,0.21266666666666667,1.1606666666666667,5.0
5,240,25,strong,0.7,full,hj,oracle,3000,2907,0.969,0.962173256564996,0.9746271833306482,0.031,0.0,0.031,5.0
5,240,25,strong,0.7,full,hj,feasible,3000,1852,0.6173333333333333,0.5998014336224661,0.6345651298766574,0.197,0.18566666666666667,0.7866666666666666,5.0
5,240,25,strong,0.7,weak_tail,equal,oracle,3000,1149,0.383,0.36576490761948677,0.40053434298223956,0.617,0.0,1.0713333333333332,4.0
5,240,25,strong,0.7,weak_tail,equal,feasible,3000,591,0.197,0.18315891048578475,0.2116160718417628,0.5796666666666667,0.22333333333333333,1.942,4.0
5,240,25,strong,0.7,weak_tail,hj,oracle,3000,1302,0.434,0.4163601652361138,0.4518086427956292,0.566,0.0,0.908,4.0
5,240,25,strong,0.7,weak_tail,hj,feasible,3000,769,0.25633333333333336,0.24102830020865454,0.27226159207015443,0.622,0.12166666666666667,1.5546666666666666,4.0
5,240,25,weak,0.0,full,equal,oracle,3000,342,0.114,0.10311767354904272,0.12586959766690892,0.886,0.0,2.695666666666667,2.0
5,240,25,weak,0.0,full,equal,feasible,3000,454,0.15133333333333332,0.1389556785262004,0.1646027719849269,0.7486666666666667,0.1,2.5076666666666667,2.0
5,240,25,weak,0.0,full,hj,oracle,3000,308,0.10266666666666667,0.09230862374464574,0.11404096804241329,0.8973333333333333,0.0,2.771333333333333,2.0
5,240,25,weak,0.0,full,hj,feasible,3000,396,0.132,0.1203567048534542,0.14458452780838568,0.7936666666666666,0.07433333333333333,2.608,2.0
5,240,25,weak,0.0,weak_tail,equal,oracle,3000,57,0.019,0.014694268417491864,0.024535984056271713,0.981,0.0,3.009333333333333,2.0
5,240,25,weak,0.0,weak_tail,equal,feasible,3000,188,0.06266666666666666,0.054540801402863825,0.07191109828222125,0.8006666666666666,0.13666666666666666,2.9203333333333332,2.0
5,240,25,weak,0.0,weak_tail,hj,oracle,3000,59,0.019666666666666666,0.015277602104816938,0.0252842785706462,0.9803333333333333,0.0,3.018666666666667,2.0
5,240,25,weak,0.0,weak_tail,hj,feasible,3000,261,0.087,0.07743563308366241,0.09762069596345682,0.8453333333333334,0.06766666666666667,2.769,2.0
5,240,25,weak,0.7,full,equal,oracle,3000,483,0.161,0.1482831093829838,0.17458395005278718,0.839,0.0,2.4976666666666665,2.0
5,240,25,weak,0.7,full,equal,feasible,3000,448,0.14933333333333335,0.1370280793696852,0.16253548653634342,0.6916666666666667,0.159,2.5083333333333333,3.0
5,240,25,weak,0.7,full,hj,oracle,3000,1021,0.3403333333333333,0.3235919742936322,0.3574830713993219,0.6596666666666666,0.0,1.245,4.0
5,240,25,weak,0.7,full,hj,feasible,3000,605,0.20166666666666666,0.18769421298614117,0.2164021667533033,0.677,0.12133333333333333,1.993,4.0
5,240,25,weak,0.7,weak_tail,equal,oracle,3000,67,0.022333333333333334,0.01762477500157414,0.028263618480687265,0.9776666666666667,0.0,2.9353333333333333,2.0
5,240,25,weak,0.7,weak_tail,equal,feasible,3000,173,0.057666666666666665,0.04987685524861582,0.06658783292372254,0.7636666666666667,0.17866666666666667,2.8873333333333333,2.0
5,240,25,weak,0.7,weak_tail,hj,oracle,3000,102,0.034,0.028087667528682584,0.04110421948332123,0.966,0.0,2.493333333333333,2.0
5,240,25,weak,0.7,weak_tail,hj,feasible,3000,284,0.09466666666666666,0.08470302854287072,0.10566702482379352,0.8293333333333334,0.076,2.5183333333333335,2.0
5,240,74,strong,0.0,full,equal,oracle,3000,2677,0.8923333333333333,0.8807358081167751,0.902927388583419,0.10766666666666666,0.0,0.134,5.0
5,240,74,strong,0.0,full,equal,feasible,3000,1493,0.49766666666666665,0.4797893478639409,0.5155499534301106,0.3313333333333333,0.171,1.1206666666666667,5.0
5,240,74,strong,0.0,full,hj,oracle,3000,2660,0.8866666666666667,0.8748251698113316,0.8975191871744164,0.11333333333333333,0.0,0.14833333333333334,5.0
5,240,74,strong,0.0,full,hj,feasible,3000,1418,0.4726666666666667,0.4548478278396507,0.4905554158906671,0.363,0.16433333333333333,1.1906666666666668,5.0
5,240,74,strong,0.0,weak_tail,equal,oracle,3000,1811,0.6036666666666667,0.5860416299015494,0.621026555462733,0.3963333333333333,0.0,0.6353333333333333,5.0
5,240,74,strong,0.0,weak_tail,equal,feasible,3000,833,0.2776666666666667,0.26193298147842337,0.29396901325477154,0.5183333333333333,0.204,1.764,4.0
5,240,74,strong,0.0,weak_tail,hj,oracle,3000,1845,0.615,0.5974511785821288,0.6322546862110463,0.385,0.0,0.589,5.0
5,240,74,strong,0.0,weak_tail,hj,feasible,3000,962,0.32066666666666666,0.30420360036793187,0.33758841337488504,0.542,0.13733333333333334,1.5153333333333334,4.0
5,240,74,strong,0.7,full,equal,oracle,3000,2627,0.8756666666666667,0.863376720403415,0.8869957712542903,0.12433333333333334,0.0,0.198,5.0
5,240,74,strong,0.7,full,equal,feasible,3000,1418,0.4726666666666667,0.4548478278396507,0.4905554158906671,0.296,0.23133333333333334,1.1793333333333333,5.0
5,240,74,strong,0.7,full,hj,oracle,3000,2927,0.9756666666666667,0.9695147639639503,0.9806019579486895,0.024333333333333332,0.0,0.024666666666666667,5.0
5,240,74,strong,0.7,full,hj,feasible,3000,1920,0.64,0.6226547501458845,0.6569871722110242,0.17233333333333334,0.18766666666666668,0.76,5.0
5,240,74,strong,0.7,weak_tail,equal,oracle,3000,1890,0.63,0.6125673870769301,0.647100112254485,0.37,0.0,0.6106666666666667,5.0
5,240,74,strong,0.7,weak_tail,equal,feasible,3000,820,0.2733333333333333,0.2576829484450923,0.2895634629770554,0.49533333333333335,0.23133333333333334,1.76,5.0
5,240,74,strong,0.7,weak_tail,hj,oracle,3000,2225,0.7416666666666667,0.72570132277446,0.7570139003416325,0.25833333333333336,0.0,0.3436666666666667,5.0
5,240,74,strong,0.7,weak_tail,hj,feasible,3000,1138,0.37933333333333336,0.3621349710520436,0.3968403244403351,0.47633333333333333,0.14433333333333334,1.2286666666666666,5.0
5,240,74,weak,0.0,full,equal,oracle,3000,357,0.119,0.10789799524298385,0.13107648748571452,0.881,0.0,2.5986666666666665,2.0
5,240,74,weak,0.0,full,equal,feasible,3000,458,0.15266666666666667,0.14024117573651607,0.16598053117801037,0.7423333333333333,0.105,2.4683333333333333,3.0
5,240,74,weak,0.0,full,hj,oracle,3000,309,0.103,0.09262598088993688,0.1143894249979719,0.897,0.0,2.687,2.0
5,240,74,weak,0.0,full,hj,feasible,3000,403,0.13433333333333333,0.12259714257424147,0.1470047887935469,0.787,0.07866666666666666,2.5633333333333335,2.0
5,240,74,weak,0.0,weak_tail,equal,oracle,3000,114,0.038,0.03172798089876353,0.04545367532343766,0.962,0.0,2.904333333333333,2.0
5,240,74,weak,0.0,weak_tail,equal,feasible,3000,183,0.061,0.05298433102545966,0.07013849815537654,0.779,0.16,2.908333333333333,2.0
5,240,74,weak,0.0,weak_tail,hj,oracle,3000,131,0.043666666666666666,0.036919139743031126,0.05158135619361637,0.9563333333333334,0.0,2.878,2.0
5,240,74,weak,0.0,weak_tail,hj,feasible,3000,299,0.09966666666666667,0.08945401935526073,0.11090324552415023,0.818,0.08233333333333333,2.691666666666667,2.0
5,240,74,weak,0.7,full,equal,oracle,3000,564,0.188,0.17442104914071704,0.20237695246388637,0.812,0.0,2.372333333333333,2.0
5,240,74,weak,0.7,full,equal,feasible,3000,438,0.146,0.13381717039352256,0.15908825450400818,0.6783333333333333,0.17566666666666667,2.4696666666666665,3.0
5,240,74,weak,0.7,full,hj,oracle,3000,1293,0.431,0.41337859999689186,0.4487978811272031,0.569,0.0,0.9496666666666667,4.0
5,240,74,weak,0.7,full,hj,feasible,3000,692,0.23066666666666666,0.21594250800086914,0.2460796985125064,0.6556666666666666,0.11366666666666667,1.8103333333333333,4.0
5,240,74,weak,0.7,weak_tail,equal,oracle,3000,155,0.051666666666666666,0.04430347095281026,0.060176563404232025,0.9483333333333334,0.0,2.8063333333333333,2.0
5,240,74,weak,0.7,weak_tail,equal,feasible,3000,225,0.075,0.0661087063006732,0.08497831511585385,0.7303333333333333,0.19466666666666665,2.841666666666667,2.0
5,240,74,weak,0.7,weak_tail,hj,oracle,3000,287,0.09566666666666666,0.08565253698168951,0.10671495868752406,0.9043333333333333,0.0,2.157,3.0
5,240,74,weak,0.7,weak_tail,hj,feasible,3000,387,0.129,0.11747798383568694,0.14147092191850494,0.785,0.086,2.37,3.0
5,600,25,strong,0.0,full,equal,oracle,3000,2971,0.9903333333333333,0.9861515686577085,0.9932609736923217,0.009666666666666667,0.0,0.009666666666666667,5.0
5,600,25,strong,0.0,full,equal,feasible,3000,1995,0.665,0.6479088226026989,0.6816691573179435,0.14266666666666666,0.19233333333333333,0.7763333333333333,5.0
5,600,25,strong,0.0,full,hj,oracle,3000,2971,0.9903333333333333,0.9861515686577085,0.9932609736923217,0.009666666666666667,0.0,0.009666666666666667,5.0
5,600,25,strong,0.0,full,hj,feasible,3000,1988,0.6626666666666666,0.6455495734975532,0.6793677077171407,0.15133333333333332,0.186,0.7783333333333333,5.0
5,600,25,strong,0.0,weak_tail,equal,oracle,3000,2128,0.7093333333333334,0.6928254266787167,0.7253058286549469,0.2906666666666667,0.0,0.415,5.0
5,600,25,strong,0.0,weak_tail,equal,feasible,3000,1077,0.359,0.3420245634086391,0.3763360719319027,0.43666666666666665,0.20433333333333334,1.41,5.0
5,600,25,strong,0.0,weak_tail,hj,oracle,3000,2126,0.7086666666666667,0.6921486583793715,0.7246509687525926,0.29133333333333333,0.0,0.416,5.0
5,600,25,strong,0.0,weak_tail,hj,feasible,3000,1109,0.36966666666666664,0.35257019052089555,0.3870964960468394,0.48933333333333334,0.141,1.279,5.0
5,600,25,strong,0.7,full,equal,oracle,3000,2966,0.9886666666666667,0.9842050842176286,0.991878387628153,0.011333333333333334,0.0,0.013333333333333334,5.0
5,600,25,strong,0.7,full,equal,feasible,3000,1827,0.609,0.5914095994876911,0.6263116114901879,0.13066666666666665,0.26033333333333336,0.941,5.0
5,600,25,strong,0.7,full,hj,oracle,3000,2997,0.999,0.9970638561911638,0.9996598527809608,0.001,0.0,0.001,5.0
5,600,25,strong,0.7,full,hj,feasible,3000,2151,0.717,0.7006113295455768,0.7328336501076317,0.05466666666666667,0.22833333333333333,0.7423333333333333,5.0
5,600,25,strong,0.7,weak_tail,equal,oracle,3000,2084,0.6946666666666667,0.6779461649255487,0.7108892699707243,0.30533333333333335,0.0,0.44066666666666665,5.0
5,600,25,strong,0.7,weak_tail,equal,feasible,3000,1023,0.341,0.32424978414501804,0.35815688974963567,0.43166666666666664,0.22733333333333333,1.46,5.0
5,600,25,strong,0.7,weak_tail,hj,oracle,3000,2212,0.7373333333333333,0.7212890941413502,0.752770545663695,0.26266666666666666,0.0,0.35733333333333334,5.0
5,600,25,strong,0.7,weak_tail,hj,feasible,3000,1199,0.39966666666666667,0.3822777075109305,0.41731224813328494,0.4563333333333333,0.144,1.1563333333333334,5.0
5,600,25,weak,0.0,full,equal,oracle,3000,1123,0.37433333333333335,0.35718675198129335,0.39180133199833866,0.6256666666666667,0.0,1.4536666666666667,4.0
5,600,25,weak,0.0,full,equal,feasible,3000,688,0.22933333333333333,0.21464142433594988,0.24471752577402658,0.646,0.12466666666666666,2.021,4.0
5,600,25,weak,0.0,full,hj,oracle,3000,1049,0.3496666666666667,0.33280468267681246,0.36691315783993556,0.6503333333333333,0.0,1.5593333333333332,4.0
5,600,25,weak,0.0,full,hj,feasible,3000,625,0.20833333333333334,0.1941784143755685,0.22323424738087166,0.684,0.10766666666666666,2.128,3.0
5,600,25,weak,0.0,weak_tail,equal,oracle,3000,255,0.085,0.07554352413105025,0.09551792031097028,0.915,0.0,2.2576666666666667,3.0
5,600,25,weak,0.0,weak_tail,equal,feasible,3000,311,0.10366666666666667,0.09326080066579004,0.11508623342381835,0.7463333333333333,0.15,2.5686666666666667,3.0
5,600,25,weak,0.0,weak_tail,hj,oracle,3000,259,0.08633333333333333,0.07680475108488266,0.096919949760537,0.9136666666666666,0.0,2.256666666666667,3.0
5,600,25,weak,0.0,weak_tail,hj,feasible,3000,398,0.13266666666666665,0.12099670351507319,0.14527615734846627,0.788,0.07933333333333334,2.3943333333333334,3.0
5,600,25,weak,0.7,full,equal,oracle,3000,1372,0.4573333333333333,0.4395725366026678,0.47520325848855993,0.5426666666666666,0.0,1.3256666666666668,4.0
5,600,25,weak,0.7,full,equal,feasible,3000,706,0.23533333333333334,0.22049796334297023,0.2508456405823023,0.5843333333333334,0.18033333333333335,1.979,4.0
5,600,25,weak,0.7,full,hj,oracle,3000,2137,0.7123333333333334,0.6958714096135318,0.7282521726277799,0.2876666666666667,0.0,0.35833333333333334,5.0
5,600,25,weak,0.7,full,hj,feasible,3000,1133,0.37766666666666665,0.3604853468630302,0.39516087812509954,0.491,0.13133333333333333,1.2806666666666666,5.0
5,600,25,weak,0.7,weak_tail,equal,oracle,3000,256,0.08533333333333333,0.07585876314969729,0.09586849539317303,0.9146666666666666,0.0,2.2573333333333334,3.0
5,600,25,weak,0.7,weak_tail,equal,feasible,3000,297,0.099,0.08882006331037884,0.11020557336733258,0.7273333333333334,0.17366666666666666,2.558666666666667,3.0
5,600,25,weak,0.7,weak_tail,hj,oracle,3000,337,0.11233333333333333,0.10152575495684299,0.12413244575485971,0.8876666666666667,0.0,1.856,3.0
5,600,25,weak,0.7,weak_tail,hj,feasible,3000,445,0.14833333333333334,0.13606457424868373,0.16150154935479555,0.7576666666666667,0.094,2.1683333333333334,3.0
5,600,74,strong,0.0,full,equal,oracle,3000,2980,0.9933333333333333,0.9897247083783173,0.995680160879361,0.006666666666666667,0.0,0.007,5.0
5,600,74,strong,0.0,full,equal,feasible,3000,1986,0.662,0.6448755868900454,0.6787100661229489,0.133,0.205,0.794,5.0
5,600,74,strong,0.0,full,hj,oracle,3000,2980,0.9933333333333333,0.9897247083783173,0.995680160879361,0.006666666666666667,0.0,0.007,5.0
5,600,74,strong,0.0,full,hj,feasible,3000,1979,0.6596666666666666,0.642516928600678,0.6764080257063678,0.14233333333333334,0.198,0.795,5.0
5,600,74,strong,0.0,weak_tail,equal,oracle,3000,2731,0.9103333333333333,0.8995780666929761,0.9200390914531064,0.08966666666666667,0.0,0.113,5.0
5,600,74,strong,0.0,weak_tail,equal,feasible,3000,1463,0.4876666666666667,0.4698073754140661,0.505557502854492,0.2916666666666667,0.22066666666666668,1.1746666666666667,5.0
5,600,74,strong,0.0,weak_tail,hj,oracle,3000,2732,0.9106666666666666,0.8999280707857793,0.920354901461153,0.08933333333333333,0.0,0.111,5.0
5,600,74,strong,0.0,weak_tail,hj,feasible,3000,1526,0.5086666666666667,0.490777768891394,0.5265333977307004,0.31633333333333336,0.175,1.0223333333333333,5.0
5,600,74,strong,0.7,full,equal,oracle,3000,2978,0.9926666666666667,0.9889211095779166,0.9951521314780624,0.007333333333333333,0.0,0.007666666666666666,5.0
5,600,74,strong,0.7,full,equal,feasible,3000,1912,0.6373333333333333,0.6199640032717396,0.6543514062783707,0.11166666666666666,0.251,0.8816666666666667,5.0
5,600,74,strong,0.7,full,hj,oracle,3000,2997,0.999,0.9970638561911638,0.9996598527809608,0.001,0.0,0.001,5.0
5,600,74,strong,0.7,full,hj,feasible,3000,2228,0.7426666666666667,0.7267198119481669,0.7579928534704748,0.04566666666666667,0.21166666666666667,0.6806666666666666,5.0
5,600,74,strong,0.7,weak_tail,equal,oracle,3000,2725,0.9083333333333333,0.8974789246442586,0.9181433488967251,0.09166666666666666,0.0,0.116,5.0
5,600,74,strong,0.7,weak_tail,equal,feasible,3000,1438,0.47933333333333333,0.4614945265373505,0.49722499920996294,0.263,0.25766666666666665,1.2263333333333333,5.0
5,600,74,strong,0.7,weak_tail,hj,oracle,3000,2846,0.9486666666666667,0.9401804389731785,0.956005340770629,0.051333333333333335,0.0,0.057,5.0
5,600,74,strong,0.7,weak_tail,hj,feasible,3000,1742,0.5806666666666667,0.562916942439224,0.5982100699664235,0.23366666666666666,0.18566666666666667,0.879,5.0
5,600,74,weak,0.0,full,equal,oracle,3000,1151,0.38366666666666666,0.3664250085134015,0.40120587029002436,0.6163333333333333,0.0,1.374,4.0
5,600,74,weak,0.0,full,equal,feasible,3000,678,0.226,0.2113896519701337,0.24131115713134493,0.6353333333333333,0.13866666666666666,2.011,4.0
5,600,74,weak,0.0,full,hj,oracle,3000,1077,0.359,0.3420245634086391,0.3763360719319027,0.641,0.0,1.489,4.0
5,600,74,weak,0.0,full,hj,feasible,3000,622,0.20733333333333334,0.19320540163231922,0.2222098178215716,0.6816666666666666,0.111,2.103666666666667,3.0
5,600,74,weak,0.0,weak_tail,equal,oracle,3000,488,0.16266666666666665,0.14989301827692775,0.17630311166309215,0.8373333333333334,0.0,2.053,3.0
5,600,74,weak,0.0,weak_tail,equal,feasible,3000,330,0.11,0.09929839195629818,0.12169911004945606,0.735,0.155,2.5603333333333333,3.0
5,600,74,weak,0.0,weak_tail,hj,oracle,3000,530,0.17666666666666667,0.16343513893872877,0.19072518323698204,0.8233333333333334,0.0,1.9963333333333333,3.0
5,600,74,weak,0.0,weak_tail,hj,feasible,3000,467,0.15566666666666668,0.14313478417443903,0.16907924964773546,0.755,0.08933333333333333,2.300666666666667,3.0
5,600,74,weak,0.7,full,equal,oracle,3000,1450,0.48333333333333334,0.4654840739046574,0.5012252210528535,0.5166666666666667,0.0,1.2203333333333333,4.0
5,600,74,weak,0.7,full,equal,feasible,3000,723,0.241,0.22603300499952866,0.25662943864019017,0.5703333333333334,0.18866666666666668,1.944,4.0
5,600,74,weak,0.7,full,hj,oracle,3000,2238,0.746,0.730115549553124,0.7612552568740156,0.254,0.0,0.2806666666666667,5.0
5,600,74,weak,0.7,full,hj,feasible,3000,1182,0.394,0.37666096460722465,0.4116101513225445,0.45966666666666667,0.14633333333333334,1.1836666666666666,5.0
5,600,74,weak,0.7,weak_tail,equal,oracle,3000,592,0.19733333333333333,0.18348275924988117,0.21195803717851613,0.8026666666666666,0.0,1.9326666666666668,3.0
5,600,74,weak,0.7,weak_tail,equal,feasible,3000,346,0.11533333333333333,0.10439176389237965,0.12725876372697112,0.671,0.21366666666666667,2.5246666666666666,3.0
5,600,74,weak,0.7,weak_tail,hj,oracle,3000,860,0.2866666666666667,0.2707659047536503,0.3031130707024888,0.7133333333333334,0.0,1.322,4.0
5,600,74,weak,0.7,weak_tail,hj,feasible,3000,576,0.192,0.17830308622614985,0.20648468458865096,0.708,0.1,1.9303333333333332,3.0
