true_dimension,months,asset_count,signal,rho,spanning,geometry,evaluation,family_divergence_rate,family_unanimity_rate,mean_unique_dimensions
1,72,25,strong,0.0,full,equal,oracle,0.0,1.0,1.0
1,72,25,strong,0.0,full,equal,feasible,0.986,0.014,3.432
1,72,25,strong,0.0,full,hj,oracle,0.0,1.0,1.0
1,72,25,strong,0.0,full,hj,feasible,0.972,0.028,3.262
1,72,25,strong,0.0,full,equal_vs_hj,oracle,0.0,nan,nan
1,72,25,strong,0.0,full,equal_vs_hj,feasible,0.056,nan,nan
1,72,25,strong,0.0,weak_tail,equal,oracle,0.0,1.0,1.0
1,72,25,strong,0.0,weak_tail,equal,feasible,0.99,0.01,3.424
1,72,25,strong,0.0,weak_tail,hj,oracle,0.0,1.0,1.0
1,72,25,strong,0.0,weak_tail,hj,feasible,0.986,0.014,3.248
1,72,25,strong,0.0,weak_tail,equal_vs_hj,oracle,0.0,nan,nan
1,72,25,strong,0.0,weak_tail,equal_vs_hj,feasible,0.055,nan,nan
1,72,25,strong,0.7,full,equal,oracle,0.0,1.0,1.0
1,72,25,strong,0.7,full,equal,feasible,0.99,0.01,3.424
1,72,25,strong,0.7,full,hj,oracle,0.0,1.0,1.0
1,72,25,strong,0.7,full,hj,feasible,0.988,0.012,3.248
1,72,25,strong,0.7,full,equal_vs_hj,oracle,0.0,nan,nan
1,72,25,strong,0.7,full,equal_vs_hj,feasible,0.5213333333333333,nan,nan
1,72,25,strong,0.7,weak_tail,equal,oracle,0.0,1.0,1.0
1,72,25,strong,0.7,weak_tail,equal,feasible,0.99,0.01,3.402
1,72,25,strong,0.7,weak_tail,hj,oracle,0.0,1.0,1.0
1,72,25,strong,0.7,weak_tail,hj,feasible,0.99,0.01,3.226
1,72,25,strong,0.7,weak_tail,equal_vs_hj,oracle,0.0,nan,nan
1,72,25,strong,0.7,weak_tail,equal_vs_hj,feasible,0.52,nan,nan
1,72,25,weak,0.0,full,equal,oracle,0.0,1.0,1.0
1,72,25,weak,0.0,full,equal,feasible,0.996,0.004,3.328
1,72,25,weak,0.0,full,hj,oracle,0.0,1.0,1.0
1,72,25,weak,0.0,full,hj,feasible,0.988,0.012,3.164
1,72,25,weak,0.0,full,equal_vs_hj,oracle,0.0,nan,nan
1,72,25,weak,0.0,full,equal_vs_hj,feasible,0.05,nan,nan
1,72,25,weak,0.0,weak_tail,equal,oracle,0.0,1.0,1.0
1,72,25,weak,0.0,weak_tail,equal,feasible,0.996,0.004,3.372
1,72,25,weak,0.0,weak_tail,hj,oracle,0.0,1.0,1.0
1,72,25,weak,0.0,weak_tail,hj,feasible,0.992,0.008,3.2
1,72,25,weak,0.0,weak_tail,equal_vs_hj,oracle,0.0,nan,nan
1,72,25,weak,0.0,weak_tail,equal_vs_hj,feasible,0.058666666666666666,nan,nan
1,72,25,weak,0.7,full,equal,oracle,0.0,1.0,1.0
1,72,25,weak,0.7,full,equal,feasible,0.994,0.006,3.426
1,72,25,weak,0.7,full,hj,oracle,0.0,1.0,1.0
1,72,25,weak,0.7,full,hj,feasible,0.984,0.016,3.264
1,72,25,weak,0.7,full,equal_vs_hj,oracle,0.0,nan,nan
1,72,25,weak,0.7,full,equal_vs_hj,feasible,0.5063333333333333,nan,nan
1,72,25,weak,0.7,weak_tail,equal,oracle,0.0,1.0,1.0
1,72,25,weak,0.7,weak_tail,equal,feasible,0.994,0.006,3.414
1,72,25,weak,0.7,weak_tail,hj,oracle,0.0,1.0,1.0
1,72,25,weak,0.7,weak_tail,hj,feasible,0.972,0.028,3.238
1,72,25,weak,0.7,weak_tail,equal_vs_hj,oracle,0.0,nan,nan
1,72,25,weak,0.7,weak_tail,equal_vs_hj,feasible,0.5136666666666667,nan,nan
1,72,74,strong,0.0,full,equal,oracle,0.0,1.0,1.0
1,72,74,strong,0.0,full,equal,feasible,0.994,0.006,3.414
1,72,74,strong,0.0,full,hj,oracle,0.0,1.0,1.0
1,72,74,strong,0.0,full,hj,feasible,0.986,0.014,3.246
1,72,74,strong,0.0,full,equal_vs_hj,oracle,0.0,nan,nan
1,72,74,strong,0.0,full,equal_vs_hj,feasible,0.06066666666666667,nan,nan
1,72,74,strong,0.0,weak_tail,equal,oracle,0.0,1.0,1.0
1,72,74,strong,0.0,weak_tail,equal,feasible,0.988,0.012,3.354
1,72,74,strong,0.0,weak_tail,hj,oracle,0.0,1.0,1.0
1,72,74,strong,0.0,weak_tail,hj,feasible,0.984,0.016,3.158
1,72,74,strong,0.0,weak_tail,equal_vs_hj,oracle,0.0,nan,nan
1,72,74,strong,0.0,weak_tail,equal_vs_hj,feasible,0.058,nan,nan
1,72,74,strong,0.7,full,equal,oracle,0.0,1.0,1.0
1,72,74,strong,0.7,full,equal,feasible,0.996,0.004,3.41
1,72,74,strong,0.7,full,hj,oracle,0.0,1.0,1.0
1,72,74,strong,0.7,full,hj,feasible,0.984,0.016,3.226
1,72,74,strong,0.7,full,equal_vs_hj,oracle,0.0,nan,nan
1,72,74,strong,0.7,full,equal_vs_hj,feasible,0.5213333333333333,nan,nan
1,72,74,strong,0.7,weak_tail,equal,oracle,0.0,1.0,1.0
1,72,74,strong,0.7,weak_tail,equal,feasible,0.984,0.016,3.406
1,72,74,strong,0.7,weak_tail,hj,oracle,0.0,1.0,1.0
1,72,74,strong,0.7,weak_tail,hj,feasible,0.986,0.014,3.236
1,72,74,strong,0.7,weak_tail,equal_vs_hj,oracle,0.0,nan,nan
1,72,74,strong,0.7,weak_tail,equal_vs_hj,feasible,0.546,nan,nan
1,72,74,weak,0.0,full,equal,oracle,0.0,1.0,1.0
1,72,74,weak,0.0,full,equal,feasible,0.992,0.008,3.364
1,72,74,weak,0.0,full,hj,oracle,0.0,1.0,1.0
1,72,74,weak,0.0,full,hj,feasible,0.984,0.016,3.18
1,72,74,weak,0.0,full,equal_vs_hj,oracle,0.0,nan,nan
1,72,74,weak,0.0,full,equal_vs_hj,feasible,0.06233333333333333,nan,nan
1,72,74,weak,0.0,weak_tail,equal,oracle,0.0,1.0,1.0
1,72,74,weak,0.0,weak_tail,equal,feasible,0.99,0.01,3.39
1,72,74,weak,0.0,weak_tail,hj,oracle,0.0,1.0,1.0
1,72,74,weak,0.0,weak_tail,hj,feasible,0.98,0.02,3.196
1,72,74,weak,0.0,weak_tail,equal_vs_hj,oracle,0.0,nan,nan
1,72,74,weak,0.0,weak_tail,equal_vs_hj,feasible,0.062,nan,nan
1,72,74,weak,0.7,full,equal,oracle,0.0,1.0,1.0
1,72,74,weak,0.7,full,equal,feasible,0.99,0.01,3.464
1,72,74,weak,0.7,full,hj,oracle,0.0,1.0,1.0
1,72,74,weak,0.7,full,hj,feasible,0.988,0.012,3.202
1,72,74,weak,0.7,full,equal_vs_hj,oracle,0.0,nan,nan
1,72,74,weak,0.7,full,equal_vs_hj,feasible,0.5463333333333333,nan,nan
1,72,74,weak,0.7,weak_tail,equal,oracle,0.0,1.0,1.0
1,72,74,weak,0.7,weak_tail,equal,feasible,0.992,0.008,3.44
1,72,74,weak,0.7,weak_tail,hj,oracle,0.0,1.0,1.0
1,72,74,weak,0.7,weak_tail,hj,feasible,0.988,0.012,3.176
1,72,74,weak,0.7,weak_tail,equal_vs_hj,oracle,0.0,nan,nan
1,72,74,weak,0.7,weak_tail,equal_vs_hj,feasible,0.5153333333333333,nan,nan
1,240,25,strong,0.0,full,equal,oracle,0.0,1.0,1.0
1,240,25,strong,0.0,full,equal,feasible,0.986,0.014,3.36
1,240,25,strong,0.0,full,hj,oracle,0.0,1.0,1.0
1,240,25,strong,0.0,full,hj,feasible,0.976,0.024,3.174
1,240,25,strong,0.0,full,equal_vs_hj,oracle,0.0,nan,nan
1,240,25,strong,0.0,full,equal_vs_hj,feasible,0.056,nan,nan
1,240,25,strong,0.0,weak_tail,equal,oracle,0.0,1.0,1.0
1,240,25,strong,0.0,weak_tail,equal,feasible,0.978,0.022,3.364
1,240,25,strong,0.0,weak_tail,hj,oracle,0.0,1.0,1.0
1,240,25,strong,0.0,weak_tail,hj,feasible,0.976,0.024,3.226
1,240,25,strong,0.0,weak_tail,equal_vs_hj,oracle,0.0,nan,nan
1,240,25,strong,0.0,weak_tail,equal_vs_hj,feasible,0.053,nan,nan
1,240,25,strong,0.7,full,equal,oracle,0.0,1.0,1.0
1,240,25,strong,0.7,full,equal,feasible,0.988,0.012,3.396
1,240,25,strong,0.7,full,hj,oracle,0.0,1.0,1.0
1,240,25,strong,0.7,full,hj,feasible,0.994,0.006,3.264
1,240,25,strong,0.7,full,equal_vs_hj,oracle,0.0,nan,nan
1,240,25,strong,0.7,full,equal_vs_hj,feasible,0.5236666666666666,nan,nan
1,240,25,strong,0.7,weak_tail,equal,oracle,0.0,1.0,1.0
1,240,25,strong,0.7,weak_tail,equal,feasible,0.982,0.018,3.43
1,240,25,strong,0.7,weak_tail,hj,oracle,0.0,1.0,1.0
1,240,25,strong,0.7,weak_tail,hj,feasible,0.984,0.016,3.204
1,240,25,strong,0.7,weak_tail,equal_vs_hj,oracle,0.0,nan,nan
1,240,25,strong,0.7,weak_tail,equal_vs_hj,feasible,0.5163333333333333,nan,nan
1,240,25,weak,0.0,full,equal,oracle,0.0,1.0,1.0
1,240,25,weak,0.0,full,equal,feasible,0.994,0.006,3.41
1,240,25,weak,0.0,full,hj,oracle,0.0,1.0,1.0
1,240,25,weak,0.0,full,hj,feasible,0.99,0.01,3.246
1,240,25,weak,0.0,full,equal_vs_hj,oracle,0.0,nan,nan
1,240,25,weak,0.0,full,equal_vs_hj,feasible,0.06366666666666666,nan,nan
1,240,25,weak,0.0,weak_tail,equal,oracle,0.0,1.0,1.0
1,240,25,weak,0.0,weak_tail,equal,feasible,0.99,0.01,3.396
1,240,25,weak,0.0,weak_tail,hj,oracle,0.0,1.0,1.0
1,240,25,weak,0.0,weak_tail,hj,feasible,0.984,0.016,3.2
1,240,25,weak,0.0,weak_tail,equal_vs_hj,oracle,0.0,nan,nan
1,240,25,weak,0.0,weak_tail,equal_vs_hj,feasible,0.056666666666666664,nan,nan
1,240,25,weak,0.7,full,equal,oracle,0.0,1.0,1.0
1,240,25,weak,0.7,full,equal,feasible,0.99,0.01,3.448
1,240,25,weak,0.7,full,hj,oracle,0.0,1.0,1.0
1,240,25,weak,0.7,full,hj,feasible,0.982,0.018,3.21
1,240,25,weak,0.7,full,equal_vs_hj,oracle,0.0,nan,nan
1,240,25,weak,0.7,full,equal_vs_hj,feasible,0.5226666666666666,nan,nan
1,240,25,weak,0.7,weak_tail,equal,oracle,0.0,1.0,1.0
1,240,25,weak,0.7,weak_tail,equal,feasible,0.984,0.016,3.43
1,240,25,weak,0.7,weak_tail,hj,oracle,0.0,1.0,1.0
1,240,25,weak,0.7,weak_tail,hj,feasible,0.976,0.024,3.2
1,240,25,weak,0.7,weak_tail,equal_vs_hj,oracle,0.0,nan,nan
1,240,25,weak,0.7,weak_tail,equal_vs_hj,feasible,0.5106666666666667,nan,nan
1,240,74,strong,0.0,full,equal,oracle,0.0,1.0,1.0
1,240,74,strong,0.0,full,equal,feasible,0.996,0.004,3.434
1,240,74,strong,0.0,full,hj,oracle,0.0,1.0,1.0
1,240,74,strong,0.0,full,hj,feasible,0.994,0.006,3.246
1,240,74,strong,0.0,full,equal_vs_hj,oracle,0.0,nan,nan
1,240,74,strong,0.0,full,equal_vs_hj,feasible,0.05733333333333333,nan,nan
1,240,74,strong,0.0,weak_tail,equal,oracle,0.0,1.0,1.0
1,240,74,strong,0.0,weak_tail,equal,feasible,0.994,0.006,3.448
1,240,74,strong,0.0,weak_tail,hj,oracle,0.0,1.0,1.0
1,240,74,strong,0.0,weak_tail,hj,feasible,0.99,0.01,3.284
1,240,74,strong,0.0,weak_tail,equal_vs_hj,oracle,0.0,nan,nan
1,240,74,strong,0.0,weak_tail,equal_vs_hj,feasible,0.06333333333333334,nan,nan
1,240,74,strong,0.7,full,equal,oracle,0.0,1.0,1.0
1,240,74,strong,0.7,full,equal,feasible,0.988,0.012,3.426
1,240,74,strong,0.7,full,hj,oracle,0.0,1.0,1.0
1,240,74,strong,0.7,full,hj,feasible,0.98,0.02,3.224
1,240,74,strong,0.7,full,equal_vs_hj,oracle,0.0,nan,nan
1,240,74,strong,0.7,full,equal_vs_hj,feasible,0.536,nan,nan
1,240,74,strong,0.7,weak_tail,equal,oracle,0.0,1.0,1.0
1,240,74,strong,0.7,weak_tail,equal,feasible,0.99,0.01,3.422
1,240,74,strong,0.7,weak_tail,hj,oracle,0.0,1.0,1.0
1,240,74,strong,0.7,weak_tail,hj,feasible,0.982,0.018,3.232
1,240,74,strong,0.7,weak_tail,equal_vs_hj,oracle,0.0,nan,nan
1,240,74,strong,0.7,weak_tail,equal_vs_hj,feasible,0.5386666666666666,nan,nan
1,240,74,weak,0.0,full,equal,oracle,0.0,1.0,1.0
1,240,74,weak,0.0,full,equal,feasible,0.982,0.018,3.454
1,240,74,weak,0.0,full,hj,oracle,0.0,1.0,1.0
1,240,74,weak,0.0,full,hj,feasible,0.978,0.022,3.28
1,240,74,weak,0.0,full,equal_vs_hj,oracle,0.0,nan,nan
1,240,74,weak,0.0,full,equal_vs_hj,feasible,0.07066666666666667,nan,nan
1,240,74,weak,0.0,weak_tail,equal,oracle,0.0,1.0,1.0
1,240,74,weak,0.0,weak_tail,equal,feasible,0.988,0.012,3.424
1,240,74,weak,0.0,weak_tail,hj,oracle,0.0,1.0,1.0
1,240,74,weak,0.0,weak_tail,hj,feasible,0.98,0.02,3.226
1,240,74,weak,0.0,weak_tail,equal_vs_hj,oracle,0.0,nan,nan
1,240,74,weak,0.0,weak_tail,equal_vs_hj,feasible,0.063,nan,nan
1,240,74,weak,0.7,full,equal,oracle,0.0,1.0,1.0
1,240,74,weak,0.7,full,equal,feasible,0.992,0.008,3.352
1,240,74,weak,0.7,full,hj,oracle,0.0,1.0,1.0
1,240,74,weak,0.7,full,hj,feasible,0.988,0.012,3.218
1,240,74,weak,0.7,full,equal_vs_hj,oracle,0.0,nan,nan
1,240,74,weak,0.7,full,equal_vs_hj,feasible,0.5373333333333333,nan,nan
1,240,74,weak,0.7,weak_tail,equal,oracle,0.0,1.0,1.0
1,240,74,weak,0.7,weak_tail,equal,feasible,0.994,0.006,3.45
1,240,74,weak,0.7,weak_tail,hj,oracle,0.0,1.0,1.0
1,240,74,weak,0.7,weak_tail,hj,feasible,0.98,0.02,3.252
1,240,74,weak,0.7,weak_tail,equal_vs_hj,oracle,0.0,nan,nan
1,240,74,weak,0.7,weak_tail,equal_vs_hj,feasible,0.546,nan,nan
1,600,25,strong,0.0,full,equal,oracle,0.0,1.0,1.0
1,600,25,strong,0.0,full,equal,feasible,0.992,0.008,3.356
1,600,25,strong,0.0,full,hj,oracle,0.0,1.0,1.0
1,600,25,strong,0.0,full,hj,feasible,0.99,0.01,3.18
1,600,25,strong,0.0,full,equal_vs_hj,oracle,0.0,nan,nan
1,600,25,strong,0.0,full,equal_vs_hj,feasible,0.056666666666666664,nan,nan
1,600,25,strong,0.0,weak_tail,equal,oracle,0.0,1.0,1.0
1,600,25,strong,0.0,weak_tail,equal,feasible,0.994,0.006,3.41
1,600,25,strong,0.0,weak_tail,hj,oracle,0.0,1.0,1.0
1,600,25,strong,0.0,weak_tail,hj,feasible,0.984,0.016,3.19
1,600,25,strong,0.0,weak_tail,equal_vs_hj,oracle,0.0,nan,nan
1,600,25,strong,0.0,weak_tail,equal_vs_hj,feasible,0.06266666666666666,nan,nan
1,600,25,strong,0.7,full,equal,oracle,0.0,1.0,1.0
1,600,25,strong,0.7,full,equal,feasible,0.998,0.002,3.46
1,600,25,strong,0.7,full,hj,oracle,0.0,1.0,1.0
1,600,25,strong,0.7,full,hj,feasible,0.982,0.018,3.296
1,600,25,strong,0.7,full,equal_vs_hj,oracle,0.0,nan,nan
1,600,25,strong,0.7,full,equal_vs_hj,feasible,0.501,nan,nan
1,600,25,strong,0.7,weak_tail,equal,oracle,0.0,1.0,1.0
1,600,25,strong,0.7,weak_tail,equal,feasible,0.994,0.006,3.422
1,600,25,strong,0.7,weak_tail,hj,oracle,0.0,1.0,1.0
1,600,25,strong,0.7,weak_tail,hj,feasible,0.986,0.014,3.29
1,600,25,strong,0.7,weak_tail,equal_vs_hj,oracle,0.0,nan,nan
1,600,25,strong,0.7,weak_tail,equal_vs_hj,feasible,0.5106666666666667,nan,nan
1,600,25,weak,0.0,full,equal,oracle,0.0,1.0,1.0
1,600,25,weak,0.0,full,equal,feasible,0.998,0.002,3.49
1,600,25,weak,0.0,full,hj,oracle,0.0,1.0,1.0
1,600,25,weak,0.0,full,hj,feasible,0.994,0.006,3.338
1,600,25,weak,0.0,full,equal_vs_hj,oracle,0.0,nan,nan
1,600,25,weak,0.0,full,equal_vs_hj,feasible,0.059666666666666666,nan,nan
1,600,25,weak,0.0,weak_tail,equal,oracle,0.0,1.0,1.0
1,600,25,weak,0.0,weak_tail,equal,feasible,0.992,0.008,3.394
1,600,25,weak,0.0,weak_tail,hj,oracle,0.0,1.0,1.0
1,600,25,weak,0.0,weak_tail,hj,feasible,0.986,0.014,3.236
1,600,25,weak,0.0,weak_tail,equal_vs_hj,oracle,0.0,nan,nan
1,600,25,weak,0.0,weak_tail,equal_vs_hj,feasible,0.058,nan,nan
1,600,25,weak,0.7,full,equal,oracle,0.0,1.0,1.0
1,600,25,weak,0.7,full,equal,feasible,0.992,0.008,3.428
1,600,25,weak,0.7,full,hj,oracle,0.0,1.0,1.0
1,600,25,weak,0.7,full,hj,feasible,0.984,0.016,3.338
1,600,25,weak,0.7,full,equal_vs_hj,oracle,0.0,nan,nan
1,600,25,weak,0.7,full,equal_vs_hj,feasible,0.5183333333333333,nan,nan
1,600,25,weak,0.7,weak_tail,equal,oracle,0.0,1.0,1.0
1,600,25,weak,0.7,weak_tail,equal,feasible,0.994,0.006,3.476
1,600,25,weak,0.7,weak_tail,hj,oracle,0.0,1.0,1.0
1,600,25,weak,0.7,weak_tail,hj,feasible,0.982,0.018,3.242
1,600,25,weak,0.7,weak_tail,equal_vs_hj,oracle,0.0,nan,nan
1,600,25,weak,0.7,weak_tail,equal_vs_hj,feasible,0.524,nan,nan
1,600,74,strong,0.0,full,equal,oracle,0.0,1.0,1.0
1,600,74,strong,0.0,full,equal,feasible,0.992,0.008,3.424
1,600,74,strong,0.0,full,hj,oracle,0.0,1.0,1.0
1,600,74,strong,0.0,full,hj,feasible,0.99,0.01,3.26
1,600,74,strong,0.0,full,equal_vs_hj,oracle,0.0,nan,nan
1,600,74,strong,0.0,full,equal_vs_hj,feasible,0.05366666666666667,nan,nan
1,600,74,strong,0.0,weak_tail,equal,oracle,0.0,1.0,1.0
1,600,74,strong,0.0,weak_tail,equal,feasible,0.99,0.01,3.414
1,600,74,strong,0.0,weak_tail,hj,oracle,0.0,1.0,1.0
1,600,74,strong,0.0,weak_tail,hj,feasible,0.982,0.018,3.272
1,600,74,strong,0.0,weak_tail,equal_vs_hj,oracle,0.0,nan,nan
1,600,74,strong,0.0,weak_tail,equal_vs_hj,feasible,0.058333333333333334,nan,nan
1,600,74,strong,0.7,full,equal,oracle,0.0,1.0,1.0
1,600,74,strong,0.7,full,equal,feasible,0.988,0.012,3.36
1,600,74,strong,0.7,full,hj,oracle,0.0,1.0,1.0
1,600,74,strong,0.7,full,hj,feasible,0.972,0.028,3.27
1,600,74,strong,0.7,full,equal_vs_hj,oracle,0.0,nan,nan
1,600,74,strong,0.7,full,equal_vs_hj,feasible,0.5423333333333333,nan,nan
1,600,74,strong,0.7,weak_tail,equal,oracle,0.0,1.0,1.0
1,600,74,strong,0.7,weak_tail,equal,feasible,0.994,0.006,3.368
1,600,74,strong,0.7,weak_tail,hj,oracle,0.0,1.0,1.0
1,600,74,strong,0.7,weak_tail,hj,feasible,0.984,0.016,3.268
1,600,74,strong,0.7,weak_tail,equal_vs_hj,oracle,0.0,nan,nan
1,600,74,strong,0.7,weak_tail,equal_vs_hj,feasible,0.5456666666666666,nan,nan
1,600,74,weak,0.0,full,equal,oracle,0.0,1.0,1.0
1,600,74,weak,0.0,full,equal,feasible,0.982,0.018,3.368
1,600,74,weak,0.0,full,hj,oracle,0.0,1.0,1.0
1,600,74,weak,0.0,full,hj,feasible,0.976,0.024,3.194
1,600,74,weak,0.0,full,equal_vs_hj,oracle,0.0,nan,nan
1,600,74,weak,0.0,full,equal_vs_hj,feasible,0.061,nan,nan
1,600,74,weak,0.0,weak_tail,equal,oracle,0.0,1.0,1.0
1,600,74,weak,0.0,weak_tail,equal,feasible,0.988,0.012,3.414
1,600,74,weak,0.0,weak_tail,hj,oracle,0.0,1.0,1.0
1,600,74,weak,0.0,weak_tail,hj,feasible,0.982,0.018,3.228
1,600,74,weak,0.0,weak_tail,equal_vs_hj,oracle,0.0,nan,nan
1,600,74,weak,0.0,weak_tail,equal_vs_hj,feasible,0.060333333333333336,nan,nan
1,600,74,weak,0.7,full,equal,oracle,0.0,1.0,1.0
1,600,74,weak,0.7,full,equal,feasible,0.984,0.016,3.414
1,600,74,weak,0.7,full,hj,oracle,0.0,1.0,1.0
1,600,74,weak,0.7,full,hj,feasible,0.992,0.008,3.232
1,600,74,weak,0.7,full,equal_vs_hj,oracle,0.0,nan,nan
1,600,74,weak,0.7,full,equal_vs_hj,feasible,0.5373333333333333,nan,nan
1,600,74,weak,0.7,weak_tail,equal,oracle,0.0,1.0,1.0
1,600,74,weak,0.7,weak_tail,equal,feasible,0.988,0.012,3.356
1,600,74,weak,0.7,weak_tail,hj,oracle,0.0,1.0,1.0
1,600,74,weak,0.7,weak_tail,hj,feasible,0.982,0.018,3.244
1,600,74,weak,0.7,weak_tail,equal_vs_hj,oracle,0.0,nan,nan
1,600,74,weak,0.7,weak_tail,equal_vs_hj,feasible,0.5286666666666666,nan,nan
3,72,25,strong,0.0,full,equal,oracle,0.922,0.078,2.434
3,72,25,strong,0.0,full,equal,feasible,1.0,0.0,3.86
3,72,25,strong,0.0,full,hj,oracle,0.934,0.066,2.466
3,72,25,strong,0.0,full,hj,feasible,1.0,0.0,3.778
3,72,25,strong,0.0,full,equal_vs_hj,oracle,0.010666666666666666,nan,nan
3,72,25,strong,0.0,full,equal_vs_hj,feasible,0.05533333333333333,nan,nan
3,72,25,strong,0.0,weak_tail,equal,oracle,0.982,0.018,2.64
3,72,25,strong,0.0,weak_tail,equal,feasible,0.998,0.002,3.794
3,72,25,strong,0.0,weak_tail,hj,oracle,0.98,0.02,2.636
3,72,25,strong,0.0,weak_tail,hj,feasible,0.996,0.004,3.596
3,72,25,strong,0.0,weak_tail,equal_vs_hj,oracle,0.005333333333333333,nan,nan
3,72,25,strong,0.0,weak_tail,equal_vs_hj,feasible,0.152,nan,nan
3,72,25,strong,0.7,full,equal,oracle,0.896,0.104,2.32
3,72,25,strong,0.7,full,equal,feasible,1.0,0.0,3.978
3,72,25,strong,0.7,full,hj,oracle,0.706,0.294,1.766
3,72,25,strong,0.7,full,hj,feasible,0.998,0.002,3.674
3,72,25,strong,0.7,full,equal_vs_hj,oracle,0.31266666666666665,nan,nan
3,72,25,strong,0.7,full,equal_vs_hj,feasible,0.5676666666666667,nan,nan
3,72,25,strong,0.7,weak_tail,equal,oracle,0.984,0.016,2.644
3,72,25,strong,0.7,weak_tail,equal,feasible,0.998,0.002,3.792
3,72,25,strong,0.7,weak_tail,hj,oracle,0.978,0.022,2.562
3,72,25,strong,0.7,weak_tail,hj,feasible,1.0,0.0,3.686
3,72,25,strong,0.7,weak_tail,equal_vs_hj,oracle,0.24333333333333335,nan,nan
3,72,25,strong,0.7,weak_tail,equal_vs_hj,feasible,0.486,nan,nan
3,72,25,weak,0.0,full,equal,oracle,0.906,0.094,2.236
3,72,25,weak,0.0,full,equal,feasible,0.99,0.01,3.462
3,72,25,weak,0.0,full,hj,oracle,0.904,0.096,2.222
3,72,25,weak,0.0,full,hj,feasible,0.988,0.012,3.318
3,72,25,weak,0.0,full,equal_vs_hj,oracle,0.0033333333333333335,nan,nan
3,72,25,weak,0.0,full,equal_vs_hj,feasible,0.05366666666666667,nan,nan
3,72,25,weak,0.0,weak_tail,equal,oracle,0.914,0.086,2.082
3,72,25,weak,0.0,weak_tail,equal,feasible,0.992,0.008,3.5
3,72,25,weak,0.0,weak_tail,hj,oracle,0.916,0.084,2.098
3,72,25,weak,0.0,weak_tail,hj,feasible,0.992,0.008,3.294
3,72,25,weak,0.0,weak_tail,equal_vs_hj,oracle,0.004,nan,nan
3,72,25,weak,0.0,weak_tail,equal_vs_hj,feasible,0.13733333333333334,nan,nan
3,72,25,weak,0.7,full,equal,oracle,0.9,0.1,2.29
3,72,25,weak,0.7,full,equal,feasible,0.998,0.002,3.614
3,72,25,weak,0.7,full,hj,oracle,0.994,0.006,2.666
3,72,25,weak,0.7,full,hj,feasible,0.996,0.004,3.556
3,72,25,weak,0.7,full,equal_vs_hj,oracle,0.484,nan,nan
3,72,25,weak,0.7,full,equal_vs_hj,feasible,0.5416666666666666,nan,nan
3,72,25,weak,0.7,weak_tail,equal,oracle,0.902,0.098,2.08
3,72,25,weak,0.7,weak_tail,equal,feasible,0.996,0.004,3.46
3,72,25,weak,0.7,weak_tail,hj,oracle,0.936,0.064,2.176
3,72,25,weak,0.7,weak_tail,hj,feasible,0.988,0.012,3.324
3,72,25,weak,0.7,weak_tail,equal_vs_hj,oracle,0.286,nan,nan
3,72,25,weak,0.7,weak_tail,equal_vs_hj,feasible,0.473,nan,nan
3,72,74,strong,0.0,full,equal,oracle,0.928,0.072,2.344
3,72,74,strong,0.0,full,equal,feasible,1.0,0.0,3.82
3,72,74,strong,0.0,full,hj,oracle,0.934,0.066,2.378
3,72,74,strong,0.0,full,hj,feasible,1.0,0.0,3.742
3,72,74,strong,0.0,full,equal_vs_hj,oracle,0.011333333333333334,nan,nan
3,72,74,strong,0.0,full,equal_vs_hj,feasible,0.049666666666666665,nan,nan
3,72,74,strong,0.0,weak_tail,equal,oracle,0.992,0.008,2.668
3,72,74,strong,0.0,weak_tail,equal,feasible,1.0,0.0,3.876
3,72,74,strong,0.0,weak_tail,hj,oracle,0.99,0.01,2.648
3,72,74,strong,0.0,weak_tail,hj,feasible,1.0,0.0,3.654
3,72,74,strong,0.0,weak_tail,equal_vs_hj,oracle,0.017666666666666667,nan,nan
3,72,74,strong,0.0,weak_tail,equal_vs_hj,feasible,0.179,nan,nan
3,72,74,strong,0.7,full,equal,oracle,0.882,0.118,2.286
3,72,74,strong,0.7,full,equal,feasible,1.0,0.0,3.952
3,72,74,strong,0.7,full,hj,oracle,0.552,0.448,1.564
3,72,74,strong,0.7,full,hj,feasible,0.994,0.006,3.608
3,72,74,strong,0.7,full,equal_vs_hj,oracle,0.288,nan,nan
3,72,74,strong,0.7,full,equal_vs_hj,feasible,0.5996666666666667,nan,nan
3,72,74,strong,0.7,weak_tail,equal,oracle,0.988,0.012,2.676
3,72,74,strong,0.7,weak_tail,equal,feasible,1.0,0.0,3.862
3,72,74,strong,0.7,weak_tail,hj,oracle,0.99,0.01,2.412
3,72,74,strong,0.7,weak_tail,hj,feasible,1.0,0.0,3.776
3,72,74,strong,0.7,weak_tail,equal_vs_hj,oracle,0.30966666666666665,nan,nan
3,72,74,strong,0.7,weak_tail,equal_vs_hj,feasible,0.5526666666666666,nan,nan
3,72,74,weak,0.0,full,equal,oracle,0.946,0.054,2.346
3,72,74,weak,0.0,full,equal,feasible,0.994,0.006,3.536
3,72,74,weak,0.0,full,hj,oracle,0.944,0.056,2.332
3,72,74,weak,0.0,full,hj,feasible,0.992,0.008,3.39
3,72,74,weak,0.0,full,equal_vs_hj,oracle,0.005,nan,nan
3,72,74,weak,0.0,full,equal_vs_hj,feasible,0.051333333333333335,nan,nan
3,72,74,weak,0.0,weak_tail,equal,oracle,0.902,0.098,2.142
3,72,74,weak,0.0,weak_tail,equal,feasible,0.988,0.012,3.542
3,72,74,weak,0.0,weak_tail,hj,oracle,0.902,0.098,2.156
3,72,74,weak,0.0,weak_tail,hj,feasible,0.992,0.008,3.372
3,72,74,weak,0.0,weak_tail,equal_vs_hj,oracle,0.0036666666666666666,nan,nan
3,72,74,weak,0.0,weak_tail,equal_vs_hj,feasible,0.173,nan,nan
3,72,74,weak,0.7,full,equal,oracle,0.942,0.058,2.378
3,72,74,weak,0.7,full,equal,feasible,0.992,0.008,3.59
3,72,74,weak,0.7,full,hj,oracle,0.996,0.004,2.736
3,72,74,weak,0.7,full,hj,feasible,0.996,0.004,3.558
3,72,74,weak,0.7,full,equal_vs_hj,oracle,0.537,nan,nan
3,72,74,weak,0.7,full,equal_vs_hj,feasible,0.5726666666666667,nan,nan
3,72,74,weak,0.7,weak_tail,equal,oracle,0.884,0.116,2.096
3,72,74,weak,0.7,weak_tail,equal,feasible,0.99,0.01,3.486
3,72,74,weak,0.7,weak_tail,hj,oracle,0.966,0.034,2.312
3,72,74,weak,0.7,weak_tail,hj,feasible,0.996,0.004,3.3
3,72,74,weak,0.7,weak_tail,equal_vs_hj,oracle,0.3413333333333333,nan,nan
3,72,74,weak,0.7,weak_tail,equal_vs_hj,feasible,0.5256666666666666,nan,nan
3,240,25,strong,0.0,full,equal,oracle,0.302,0.698,1.306
3,240,25,strong,0.0,full,equal,feasible,0.996,0.004,3.624
3,240,25,strong,0.0,full,hj,oracle,0.304,0.696,1.312
3,240,25,strong,0.0,full,hj,feasible,0.996,0.004,3.62
3,240,25,strong,0.0,full,equal_vs_hj,oracle,0.001,nan,nan
3,240,25,strong,0.0,full,equal_vs_hj,feasible,0.036,nan,nan
3,240,25,strong,0.0,weak_tail,equal,oracle,0.97,0.03,2.136
3,240,25,strong,0.0,weak_tail,equal,feasible,1.0,0.0,3.894
3,240,25,strong,0.0,weak_tail,hj,oracle,0.97,0.03,2.118
3,240,25,strong,0.0,weak_tail,hj,feasible,1.0,0.0,3.632
3,240,25,strong,0.0,weak_tail,equal_vs_hj,oracle,0.004,nan,nan
3,240,25,strong,0.0,weak_tail,equal_vs_hj,feasible,0.13433333333333333,nan,nan
3,240,25,strong,0.7,full,equal,oracle,0.294,0.706,1.318
3,240,25,strong,0.7,full,equal,feasible,1.0,0.0,3.664
3,240,25,strong,0.7,full,hj,oracle,0.072,0.928,1.072
3,240,25,strong,0.7,full,hj,feasible,0.99,0.01,3.332
3,240,25,strong,0.7,full,equal_vs_hj,oracle,0.058,nan,nan
3,240,25,strong,0.7,full,equal_vs_hj,feasible,0.5116666666666667,nan,nan
3,240,25,strong,0.7,weak_tail,equal,oracle,0.966,0.034,2.12
3,240,25,strong,0.7,weak_tail,equal,feasible,1.0,0.0,3.84
3,240,25,strong,0.7,weak_tail,hj,oracle,0.948,0.052,1.984
3,240,25,strong,0.7,weak_tail,hj,feasible,0.994,0.006,3.586
3,240,25,strong,0.7,weak_tail,equal_vs_hj,oracle,0.14066666666666666,nan,nan
3,240,25,strong,0.7,weak_tail,equal_vs_hj,feasible,0.4796666666666667,nan,nan
3,240,25,weak,0.0,full,equal,oracle,0.996,0.004,2.688
3,240,25,weak,0.0,full,equal,feasible,0.996,0.004,3.554
3,240,25,weak,0.0,full,hj,oracle,0.996,0.004,2.686
3,240,25,weak,0.0,full,hj,feasible,0.996,0.004,3.45
3,240,25,weak,0.0,full,equal_vs_hj,oracle,0.008,nan,nan
3,240,25,weak,0.0,full,equal_vs_hj,feasible,0.048,nan,nan
3,240,25,weak,0.0,weak_tail,equal,oracle,0.988,0.012,2.468
3,240,25,weak,0.0,weak_tail,equal,feasible,0.998,0.002,3.566
3,240,25,weak,0.0,weak_tail,hj,oracle,0.988,0.012,2.47
3,240,25,weak,0.0,weak_tail,hj,feasible,0.992,0.008,3.386
3,240,25,weak,0.0,weak_tail,equal_vs_hj,oracle,0.002,nan,nan
3,240,25,weak,0.0,weak_tail,equal_vs_hj,feasible,0.149,nan,nan
3,240,25,weak,0.7,full,equal,oracle,0.994,0.006,2.67
3,240,25,weak,0.7,full,equal,feasible,1.0,0.0,3.82
3,240,25,weak,0.7,full,hj,oracle,0.984,0.016,2.524
3,240,25,weak,0.7,full,hj,feasible,1.0,0.0,3.7
3,240,25,weak,0.7,full,equal_vs_hj,oracle,0.48833333333333334,nan,nan
3,240,25,weak,0.7,full,equal_vs_hj,feasible,0.5716666666666667,nan,nan
3,240,25,weak,0.7,weak_tail,equal,oracle,0.994,0.006,2.436
3,240,25,weak,0.7,weak_tail,equal,feasible,0.994,0.006,3.568
3,240,25,weak,0.7,weak_tail,hj,oracle,0.978,0.022,2.462
3,240,25,weak,0.7,weak_tail,hj,feasible,0.994,0.006,3.458
3,240,25,weak,0.7,weak_tail,equal_vs_hj,oracle,0.2846666666666667,nan,nan
3,240,25,weak,0.7,weak_tail,equal_vs_hj,feasible,0.46,nan,nan
3,240,74,strong,0.0,full,equal,oracle,0.26,0.74,1.26
3,240,74,strong,0.0,full,equal,feasible,1.0,0.0,3.632
3,240,74,strong,0.0,full,hj,oracle,0.264,0.736,1.264
3,240,74,strong,0.0,full,hj,feasible,1.0,0.0,3.638
3,240,74,strong,0.0,full,equal_vs_hj,oracle,0.0006666666666666666,nan,nan
3,240,74,strong,0.0,full,equal_vs_hj,feasible,0.043666666666666666,nan,nan
3,240,74,strong,0.0,weak_tail,equal,oracle,0.84,0.16,1.924
3,240,74,strong,0.0,weak_tail,equal,feasible,1.0,0.0,3.878
3,240,74,strong,0.0,weak_tail,hj,oracle,0.836,0.164,1.89
3,240,74,strong,0.0,weak_tail,hj,feasible,1.0,0.0,3.72
3,240,74,strong,0.0,weak_tail,equal_vs_hj,oracle,0.006,nan,nan
3,240,74,strong,0.0,weak_tail,equal_vs_hj,feasible,0.14,nan,nan
3,240,74,strong,0.7,full,equal,oracle,0.228,0.772,1.23
3,240,74,strong,0.7,full,equal,feasible,0.998,0.002,3.582
3,240,74,strong,0.7,full,hj,oracle,0.03,0.97,1.03
3,240,74,strong,0.7,full,hj,feasible,0.996,0.004,3.256
3,240,74,strong,0.7,full,equal_vs_hj,oracle,0.042,nan,nan
3,240,74,strong,0.7,full,equal_vs_hj,feasible,0.5326666666666666,nan,nan
3,240,74,strong,0.7,weak_tail,equal,oracle,0.8,0.2,1.866
3,240,74,strong,0.7,weak_tail,equal,feasible,1.0,0.0,3.918
3,240,74,strong,0.7,weak_tail,hj,oracle,0.696,0.304,1.696
3,240,74,strong,0.7,weak_tail,hj,feasible,1.0,0.0,3.674
3,240,74,strong,0.7,weak_tail,equal_vs_hj,oracle,0.13633333333333333,nan,nan
3,240,74,strong,0.7,weak_tail,equal_vs_hj,feasible,0.557,nan,nan
3,240,74,weak,0.0,full,equal,oracle,0.996,0.004,2.744
3,240,74,weak,0.0,full,equal,feasible,0.996,0.004,3.724
3,240,74,weak,0.0,full,hj,oracle,0.994,0.006,2.742
3,240,74,weak,0.0,full,hj,feasible,0.996,0.004,3.602
3,240,74,weak,0.0,full,equal_vs_hj,oracle,0.010666666666666666,nan,nan
3,240,74,weak,0.0,full,equal_vs_hj,feasible,0.063,nan,nan
3,240,74,weak,0.0,weak_tail,equal,oracle,0.988,0.012,2.614
3,240,74,weak,0.0,weak_tail,equal,feasible,0.998,0.002,3.724
3,240,74,weak,0.0,weak_tail,hj,oracle,0.988,0.012,2.63
3,240,74,weak,0.0,weak_tail,hj,feasible,0.996,0.004,3.51
3,240,74,weak,0.0,weak_tail,equal_vs_hj,oracle,0.011333333333333334,nan,nan
3,240,74,weak,0.0,weak_tail,equal_vs_hj,feasible,0.17666666666666667,nan,nan
3,240,74,weak,0.7,full,equal,oracle,0.994,0.006,2.694
3,240,74,weak,0.7,full,equal,feasible,1.0,0.0,3.816
3,240,74,weak,0.7,full,hj,oracle,0.972,0.028,2.332
3,240,74,weak,0.7,full,hj,feasible,1.0,0.0,3.812
3,240,74,weak,0.7,full,equal_vs_hj,oracle,0.5183333333333333,nan,nan
3,240,74,weak,0.7,full,equal_vs_hj,feasible,0.6066666666666667,nan,nan
3,240,74,weak,0.7,weak_tail,equal,oracle,0.996,0.004,2.612
3,240,74,weak,0.7,weak_tail,equal,feasible,0.998,0.002,3.678
3,240,74,weak,0.7,weak_tail,hj,oracle,0.992,0.008,2.652
3,240,74,weak,0.7,weak_tail,hj,feasible,0.998,0.002,3.582
3,240,74,weak,0.7,weak_tail,equal_vs_hj,oracle,0.35833333333333334,nan,nan
3,240,74,weak,0.7,weak_tail,equal_vs_hj,feasible,0.5326666666666666,nan,nan
3,600,25,strong,0.0,full,equal,oracle,0.02,0.98,1.02
3,600,25,strong,0.0,full,equal,feasible,0.994,0.006,3.31
3,600,25,strong,0.0,full,hj,oracle,0.02,0.98,1.02
3,600,25,strong,0.0,full,hj,feasible,0.99,0.01,3.262
3,600,25,strong,0.0,full,equal_vs_hj,oracle,0.0,nan,nan
3,600,25,strong,0.0,full,equal_vs_hj,feasible,0.03333333333333333,nan,nan
3,600,25,strong,0.0,weak_tail,equal,oracle,0.754,0.246,1.754
3,600,25,strong,0.0,weak_tail,equal,feasible,1.0,0.0,3.694
3,600,25,strong,0.0,weak_tail,hj,oracle,0.752,0.248,1.752
3,600,25,strong,0.0,weak_tail,hj,feasible,1.0,0.0,3.514
3,600,25,strong,0.0,weak_tail,equal_vs_hj,oracle,0.0003333333333333333,nan,nan
3,600,25,strong,0.0,weak_tail,equal_vs_hj,feasible,0.10866666666666666,nan,nan
3,600,25,strong,0.7,full,equal,oracle,0.016,0.984,1.016
3,600,25,strong,0.7,full,equal,feasible,0.99,0.01,3.258
3,600,25,strong,0.7,full,hj,oracle,0.0,1.0,1.0
3,600,25,strong,0.7,full,hj,feasible,0.972,0.028,3.062
3,600,25,strong,0.7,full,equal_vs_hj,oracle,0.0026666666666666666,nan,nan
3,600,25,strong,0.7,full,equal_vs_hj,feasible,0.472,nan,nan
3,600,25,strong,0.7,weak_tail,equal,oracle,0.722,0.278,1.724
3,600,25,strong,0.7,weak_tail,equal,feasible,0.998,0.002,3.734
3,600,25,strong,0.7,weak_tail,hj,oracle,0.68,0.32,1.682
3,600,25,strong,0.7,weak_tail,hj,feasible,0.996,0.004,3.466
3,600,25,strong,0.7,weak_tail,equal_vs_hj,oracle,0.06766666666666667,nan,nan
3,600,25,strong,0.7,weak_tail,equal_vs_hj,feasible,0.48033333333333333,nan,nan
3,600,25,weak,0.0,full,equal,oracle,0.952,0.048,2.45
3,600,25,weak,0.0,full,equal,feasible,0.998,0.002,3.776
3,600,25,weak,0.0,full,hj,oracle,0.954,0.046,2.47
3,600,25,weak,0.0,full,hj,feasible,0.998,0.002,3.716
3,600,25,weak,0.0,full,equal_vs_hj,oracle,0.008,nan,nan
3,600,25,weak,0.0,full,equal_vs_hj,feasible,0.048,nan,nan
3,600,25,weak,0.0,weak_tail,equal,oracle,0.992,0.008,2.666
3,600,25,weak,0.0,weak_tail,equal,feasible,0.996,0.004,3.788
3,600,25,weak,0.0,weak_tail,hj,oracle,0.992,0.008,2.668
3,600,25,weak,0.0,weak_tail,hj,feasible,0.996,0.004,3.612
3,600,25,weak,0.0,weak_tail,equal_vs_hj,oracle,0.007333333333333333,nan,nan
3,600,25,weak,0.0,weak_tail,equal_vs_hj,feasible,0.15066666666666667,nan,nan
3,600,25,weak,0.7,full,equal,oracle,0.944,0.056,2.424
3,600,25,weak,0.7,full,equal,feasible,1.0,0.0,3.898
3,600,25,weak,0.7,full,hj,oracle,0.736,0.264,1.798
3,600,25,weak,0.7,full,hj,feasible,0.996,0.004,3.69
3,600,25,weak,0.7,full,equal_vs_hj,oracle,0.322,nan,nan
3,600,25,weak,0.7,full,equal_vs_hj,feasible,0.5496666666666666,nan,nan
3,600,25,weak,0.7,weak_tail,equal,oracle,0.976,0.024,2.598
3,600,25,weak,0.7,weak_tail,equal,feasible,0.998,0.002,3.862
3,600,25,weak,0.7,weak_tail,hj,oracle,0.966,0.034,2.5
3,600,25,weak,0.7,weak_tail,hj,feasible,0.998,0.002,3.674
3,600,25,weak,0.7,weak_tail,equal_vs_hj,oracle,0.247,nan,nan
3,600,25,weak,0.7,weak_tail,equal_vs_hj,feasible,0.493,nan,nan
3,600,74,strong,0.0,full,equal,oracle,0.002,0.998,1.002
3,600,74,strong,0.0,full,equal,feasible,0.992,0.008,3.236
3,600,74,strong,0.0,full,hj,oracle,0.002,0.998,1.002
3,600,74,strong,0.0,full,hj,feasible,0.992,0.008,3.196
3,600,74,strong,0.0,full,equal_vs_hj,oracle,0.0,nan,nan
3,600,74,strong,0.0,full,equal_vs_hj,feasible,0.037,nan,nan
3,600,74,strong,0.0,weak_tail,equal,oracle,0.316,0.684,1.316
3,600,74,strong,0.0,weak_tail,equal,feasible,0.994,0.006,3.53
3,600,74,strong,0.0,weak_tail,hj,oracle,0.314,0.686,1.314
3,600,74,strong,0.0,weak_tail,hj,feasible,0.99,0.01,3.426
3,600,74,strong,0.0,weak_tail,equal_vs_hj,oracle,0.0003333333333333333,nan,nan
3,600,74,strong,0.0,weak_tail,equal_vs_hj,feasible,0.099,nan,nan
3,600,74,strong,0.7,full,equal,oracle,0.012,0.988,1.012
3,600,74,strong,0.7,full,equal,feasible,0.996,0.004,3.204
3,600,74,strong,0.7,full,hj,oracle,0.0,1.0,1.0
3,600,74,strong,0.7,full,hj,feasible,0.984,0.016,2.96
3,600,74,strong,0.7,full,equal_vs_hj,oracle,0.002,nan,nan
3,600,74,strong,0.7,full,equal_vs_hj,feasible,0.49133333333333334,nan,nan
3,600,74,strong,0.7,weak_tail,equal,oracle,0.296,0.704,1.296
3,600,74,strong,0.7,weak_tail,equal,feasible,0.996,0.004,3.666
3,600,74,strong,0.7,weak_tail,hj,oracle,0.196,0.804,1.196
3,600,74,strong,0.7,weak_tail,hj,feasible,0.994,0.006,3.442
3,600,74,strong,0.7,weak_tail,equal_vs_hj,oracle,0.03666666666666667,nan,nan
3,600,74,strong,0.7,weak_tail,equal_vs_hj,feasible,0.527,nan,nan
3,600,74,weak,0.0,full,equal,oracle,0.932,0.068,2.4
3,600,74,weak,0.0,full,equal,feasible,1.0,0.0,3.846
3,600,74,weak,0.0,full,hj,oracle,0.944,0.056,2.43
3,600,74,weak,0.0,full,hj,feasible,0.998,0.002,3.772
3,600,74,weak,0.0,full,equal_vs_hj,oracle,0.012666666666666666,nan,nan
3,600,74,weak,0.0,full,equal_vs_hj,feasible,0.05566666666666667,nan,nan
3,600,74,weak,0.0,weak_tail,equal,oracle,0.998,0.002,2.71
3,600,74,weak,0.0,weak_tail,equal,feasible,1.0,0.0,3.814
3,600,74,weak,0.0,weak_tail,hj,oracle,0.998,0.002,2.694
3,600,74,weak,0.0,weak_tail,hj,feasible,1.0,0.0,3.674
3,600,74,weak,0.0,weak_tail,equal_vs_hj,oracle,0.020666666666666667,nan,nan
3,600,74,weak,0.0,weak_tail,equal_vs_hj,feasible,0.166,nan,nan
3,600,74,weak,0.7,full,equal,oracle,0.922,0.078,2.344
3,600,74,weak,0.7,full,equal,feasible,1.0,0.0,3.952
3,600,74,weak,0.7,full,hj,oracle,0.634,0.366,1.66
3,600,74,weak,0.7,full,hj,feasible,0.998,0.002,3.71
3,600,74,weak,0.7,full,equal_vs_hj,oracle,0.3323333333333333,nan,nan
3,600,74,weak,0.7,full,equal_vs_hj,feasible,0.5996666666666667,nan,nan
3,600,74,weak,0.7,weak_tail,equal,oracle,0.99,0.01,2.676
3,600,74,weak,0.7,weak_tail,equal,feasible,1.0,0.0,3.862
3,600,74,weak,0.7,weak_tail,hj,oracle,0.978,0.022,2.416
3,600,74,weak,0.7,weak_tail,hj,feasible,1.0,0.0,3.774
3,600,74,weak,0.7,weak_tail,equal_vs_hj,oracle,0.31333333333333335,nan,nan
3,600,74,weak,0.7,weak_tail,equal_vs_hj,feasible,0.542,nan,nan
5,72,25,strong,0.0,full,equal,oracle,0.996,0.004,3.402
5,72,25,strong,0.0,full,equal,feasible,0.998,0.002,3.874
5,72,25,strong,0.0,full,hj,oracle,0.994,0.006,3.476
5,72,25,strong,0.0,full,hj,feasible,0.998,0.002,3.868
5,72,25,strong,0.0,full,equal_vs_hj,oracle,0.03333333333333333,nan,nan
5,72,25,strong,0.0,full,equal_vs_hj,feasible,0.05366666666666667,nan,nan
5,72,25,strong,0.0,weak_tail,equal,oracle,0.992,0.008,3.358
5,72,25,strong,0.0,weak_tail,equal,feasible,1.0,0.0,3.89
5,72,25,strong,0.0,weak_tail,hj,oracle,0.992,0.008,3.38
5,72,25,strong,0.0,weak_tail,hj,feasible,1.0,0.0,3.876
5,72,25,strong,0.0,weak_tail,equal_vs_hj,oracle,0.018333333333333333,nan,nan
5,72,25,strong,0.0,weak_tail,equal_vs_hj,feasible,0.127,nan,nan
5,72,25,strong,0.7,full,equal,oracle,0.982,0.018,3.272
5,72,25,strong,0.7,full,equal,feasible,1.0,0.0,3.996
5,72,25,strong,0.7,full,hj,oracle,0.85,0.15,2.002
5,72,25,strong,0.7,full,hj,feasible,0.998,0.002,3.41
5,72,25,strong,0.7,full,equal_vs_hj,oracle,0.49633333333333335,nan,nan
5,72,25,strong,0.7,full,equal_vs_hj,feasible,0.527,nan,nan
5,72,25,strong,0.7,weak_tail,equal,oracle,0.996,0.004,3.342
5,72,25,strong,0.7,weak_tail,equal,feasible,0.998,0.002,3.89
5,72,25,strong,0.7,weak_tail,hj,oracle,0.98,0.02,3.014
5,72,25,strong,0.7,weak_tail,hj,feasible,0.996,0.004,3.822
5,72,25,strong,0.7,weak_tail,equal_vs_hj,oracle,0.36033333333333334,nan,nan
5,72,25,strong,0.7,weak_tail,equal_vs_hj,feasible,0.44733333333333336,nan,nan
5,72,25,weak,0.0,full,equal,oracle,0.928,0.072,2.404
5,72,25,weak,0.0,full,equal,feasible,1.0,0.0,3.588
5,72,25,weak,0.0,full,hj,oracle,0.924,0.076,2.376
5,72,25,weak,0.0,full,hj,feasible,0.998,0.002,3.464
5,72,25,weak,0.0,full,equal_vs_hj,oracle,0.007,nan,nan
5,72,25,weak,0.0,full,equal_vs_hj,feasible,0.05633333333333333,nan,nan
5,72,25,weak,0.0,weak_tail,equal,oracle,0.926,0.074,2.312
5,72,25,weak,0.0,weak_tail,equal,feasible,0.996,0.004,3.328
5,72,25,weak,0.0,weak_tail,hj,oracle,0.924,0.076,2.306
5,72,25,weak,0.0,weak_tail,hj,feasible,0.99,0.01,3.378
5,72,25,weak,0.0,weak_tail,equal_vs_hj,oracle,0.0026666666666666666,nan,nan
5,72,25,weak,0.0,weak_tail,equal_vs_hj,feasible,0.12933333333333333,nan,nan
5,72,25,weak,0.7,full,equal,oracle,0.916,0.084,2.488
5,72,25,weak,0.7,full,equal,feasible,0.998,0.002,3.612
5,72,25,weak,0.7,full,hj,oracle,0.994,0.006,3.368
5,72,25,weak,0.7,full,hj,feasible,0.996,0.004,3.71
5,72,25,weak,0.7,full,equal_vs_hj,oracle,0.5653333333333334,nan,nan
5,72,25,weak,0.7,full,equal_vs_hj,feasible,0.5516666666666666,nan,nan
5,72,25,weak,0.7,weak_tail,equal,oracle,0.884,0.116,2.308
5,72,25,weak,0.7,weak_tail,equal,feasible,0.998,0.002,3.39
5,72,25,weak,0.7,weak_tail,hj,oracle,0.988,0.012,2.682
5,72,25,weak,0.7,weak_tail,hj,feasible,0.998,0.002,3.566
5,72,25,weak,0.7,weak_tail,equal_vs_hj,oracle,0.469,nan,nan
5,72,25,weak,0.7,weak_tail,equal_vs_hj,feasible,0.468,nan,nan
5,72,74,strong,0.0,full,equal,oracle,0.992,0.008,3.326
5,72,74,strong,0.0,full,equal,feasible,0.998,0.002,3.96
5,72,74,strong,0.0,full,hj,oracle,0.994,0.006,3.402
5,72,74,strong,0.0,full,hj,feasible,1.0,0.0,3.976
5,72,74,strong,0.0,full,equal_vs_hj,oracle,0.035333333333333335,nan,nan
5,72,74,strong,0.0,full,equal_vs_hj,feasible,0.06833333333333333,nan,nan
5,72,74,strong,0.0,weak_tail,equal,oracle,0.998,0.002,3.622
5,72,74,strong,0.0,weak_tail,equal,feasible,1.0,0.0,3.908
5,72,74,strong,0.0,weak_tail,hj,oracle,0.998,0.002,3.606
5,72,74,strong,0.0,weak_tail,hj,feasible,1.0,0.0,3.912
5,72,74,strong,0.0,weak_tail,equal_vs_hj,oracle,0.031,nan,nan
5,72,74,strong,0.0,weak_tail,equal_vs_hj,feasible,0.17,nan,nan
5,72,74,strong,0.7,full,equal,oracle,0.978,0.022,3.136
5,72,74,strong,0.7,full,equal,feasible,1.0,0.0,3.828
5,72,74,strong,0.7,full,hj,oracle,0.776,0.224,1.866
5,72,74,strong,0.7,full,hj,feasible,0.994,0.006,3.266
5,72,74,strong,0.7,full,equal_vs_hj,oracle,0.4726666666666667,nan,nan
5,72,74,strong,0.7,full,equal_vs_hj,feasible,0.5396666666666666,nan,nan
5,72,74,strong,0.7,weak_tail,equal,oracle,1.0,0.0,3.568
5,72,74,strong,0.7,weak_tail,equal,feasible,1.0,0.0,3.902
5,72,74,strong,0.7,weak_tail,hj,oracle,0.998,0.002,3.204
5,72,74,strong,0.7,weak_tail,hj,feasible,1.0,0.0,3.842
5,72,74,strong,0.7,weak_tail,equal_vs_hj,oracle,0.4656666666666667,nan,nan
5,72,74,strong,0.7,weak_tail,equal_vs_hj,feasible,0.527,nan,nan
5,72,74,weak,0.0,full,equal,oracle,0.932,0.068,2.466
5,72,74,weak,0.0,full,equal,feasible,1.0,0.0,3.566
5,72,74,weak,0.0,full,hj,oracle,0.924,0.076,2.426
5,72,74,weak,0.0,full,hj,feasible,0.992,0.008,3.394
5,72,74,weak,0.0,full,equal_vs_hj,oracle,0.008333333333333333,nan,nan
5,72,74,weak,0.0,full,equal_vs_hj,feasible,0.065,nan,nan
5,72,74,weak,0.0,weak_tail,equal,oracle,0.928,0.072,2.38
5,72,74,weak,0.0,weak_tail,equal,feasible,0.988,0.012,3.348
5,72,74,weak,0.0,weak_tail,hj,oracle,0.92,0.08,2.372
5,72,74,weak,0.0,weak_tail,hj,feasible,0.994,0.006,3.374
5,72,74,weak,0.0,weak_tail,equal_vs_hj,oracle,0.006,nan,nan
5,72,74,weak,0.0,weak_tail,equal_vs_hj,feasible,0.159,nan,nan
5,72,74,weak,0.7,full,equal,oracle,0.932,0.068,2.546
5,72,74,weak,0.7,full,equal,feasible,0.998,0.002,3.628
5,72,74,weak,0.7,full,hj,oracle,0.998,0.002,3.498
5,72,74,weak,0.7,full,hj,feasible,0.998,0.002,3.718
5,72,74,weak,0.7,full,equal_vs_hj,oracle,0.645,nan,nan
5,72,74,weak,0.7,full,equal_vs_hj,feasible,0.5843333333333334,nan,nan
5,72,74,weak,0.7,weak_tail,equal,oracle,0.922,0.078,2.436
5,72,74,weak,0.7,weak_tail,equal,feasible,0.996,0.004,3.454
5,72,74,weak,0.7,weak_tail,hj,oracle,0.998,0.002,2.906
5,72,74,weak,0.7,weak_tail,hj,feasible,1.0,0.0,3.614
5,72,74,weak,0.7,weak_tail,equal_vs_hj,oracle,0.5383333333333333,nan,nan
5,72,74,weak,0.7,weak_tail,equal_vs_hj,feasible,0.5203333333333333,nan,nan
5,240,25,strong,0.0,full,equal,oracle,0.56,0.44,1.646
5,240,25,strong,0.0,full,equal,feasible,0.988,0.012,3.278
5,240,25,strong,0.0,full,hj,oracle,0.568,0.432,1.668
5,240,25,strong,0.0,full,hj,feasible,0.988,0.012,3.38
5,240,25,strong,0.0,full,equal_vs_hj,oracle,0.004333333333333333,nan,nan
5,240,25,strong,0.0,full,equal_vs_hj,feasible,0.03933333333333333,nan,nan
5,240,25,strong,0.0,weak_tail,equal,oracle,0.992,0.008,2.944
5,240,25,strong,0.0,weak_tail,equal,feasible,1.0,0.0,3.846
5,240,25,strong,0.0,weak_tail,hj,oracle,0.992,0.008,2.926
5,240,25,strong,0.0,weak_tail,hj,feasible,1.0,0.0,3.748
5,240,25,strong,0.0,weak_tail,equal_vs_hj,oracle,0.01,nan,nan
5,240,25,strong,0.0,weak_tail,equal_vs_hj,feasible,0.12366666666666666,nan,nan
5,240,25,strong,0.7,full,equal,oracle,0.544,0.456,1.672
5,240,25,strong,0.7,full,equal,feasible,0.988,0.012,3.112
5,240,25,strong,0.7,full,hj,oracle,0.178,0.822,1.178
5,240,25,strong,0.7,full,hj,feasible,0.936,0.064,2.512
5,240,25,strong,0.7,full,equal_vs_hj,oracle,0.12666666666666668,nan,nan
5,240,25,strong,0.7,full,equal_vs_hj,feasible,0.3636666666666667,nan,nan
5,240,25,strong,0.7,weak_tail,equal,oracle,0.998,0.002,2.918
5,240,25,strong,0.7,weak_tail,equal,feasible,1.0,0.0,3.842
5,240,25,strong,0.7,weak_tail,hj,oracle,0.996,0.004,2.774
5,240,25,strong,0.7,weak_tail,hj,feasible,1.0,0.0,3.636
5,240,25,strong,0.7,weak_tail,equal_vs_hj,oracle,0.212,nan,nan
5,240,25,strong,0.7,weak_tail,equal_vs_hj,feasible,0.35433333333333333,nan,nan
5,240,25,weak,0.0,full,equal,oracle,0.992,0.008,3.37
5,240,25,weak,0.0,full,equal,feasible,1.0,0.0,3.76
5,240,25,weak,0.0,full,hj,oracle,0.99,0.01,3.288
5,240,25,weak,0.0,full,hj,feasible,0.998,0.002,3.652
5,240,25,weak,0.0,full,equal_vs_hj,oracle,0.026,nan,nan
5,240,25,weak,0.0,full,equal_vs_hj,feasible,0.06466666666666666,nan,nan
5,240,25,weak,0.0,weak_tail,equal,oracle,0.998,0.002,2.976
5,240,25,weak,0.0,weak_tail,equal,feasible,0.998,0.002,3.568
5,240,25,weak,0.0,weak_tail,hj,oracle,0.998,0.002,2.976
5,240,25,weak,0.0,weak_tail,hj,feasible,0.996,0.004,3.564
5,240,25,weak,0.0,weak_tail,equal_vs_hj,oracle,0.01,nan,nan
5,240,25,weak,0.0,weak_tail,equal_vs_hj,feasible,0.133,nan,nan
5,240,25,weak,0.7,full,equal,oracle,0.992,0.008,3.494
5,240,25,weak,0.7,full,equal,feasible,1.0,0.0,3.862
5,240,25,weak,0.7,full,hj,oracle,0.994,0.006,3.294
5,240,25,weak,0.7,full,hj,feasible,0.998,0.002,3.906
5,240,25,weak,0.7,full,equal_vs_hj,oracle,0.7006666666666667,nan,nan
5,240,25,weak,0.7,full,equal_vs_hj,feasible,0.561,nan,nan
5,240,25,weak,0.7,weak_tail,equal,oracle,0.994,0.006,3.068
5,240,25,weak,0.7,weak_tail,equal,feasible,1.0,0.0,3.614
5,240,25,weak,0.7,weak_tail,hj,oracle,0.994,0.006,3.1
5,240,25,weak,0.7,weak_tail,hj,feasible,1.0,0.0,3.786
5,240,25,weak,0.7,weak_tail,equal_vs_hj,oracle,0.4673333333333333,nan,nan
5,240,25,weak,0.7,weak_tail,equal_vs_hj,feasible,0.4856666666666667,nan,nan
5,240,74,strong,0.0,full,equal,oracle,0.494,0.506,1.542
5,240,74,strong,0.0,full,equal,feasible,0.984,0.016,3.164
5,240,74,strong,0.0,full,hj,oracle,0.52,0.48,1.578
5,240,74,strong,0.0,full,hj,feasible,0.988,0.012,3.276
5,240,74,strong,0.0,full,equal_vs_hj,oracle,0.006,nan,nan
5,240,74,strong,0.0,full,equal_vs_hj,feasible,0.049,nan,nan
5,240,74,strong,0.0,weak_tail,equal,oracle,0.954,0.046,2.612
5,240,74,strong,0.0,weak_tail,equal,feasible,1.0,0.0,3.766
5,240,74,strong,0.0,weak_tail,hj,oracle,0.942,0.058,2.534
5,240,74,strong,0.0,weak_tail,hj,feasible,1.0,0.0,3.668
5,240,74,strong,0.0,weak_tail,equal_vs_hj,oracle,0.024666666666666667,nan,nan
5,240,74,strong,0.0,weak_tail,equal_vs_hj,feasible,0.14666666666666667,nan,nan
5,240,74,strong,0.7,full,equal,oracle,0.528,0.472,1.634
5,240,74,strong,0.7,full,equal,feasible,0.984,0.016,3.08
5,240,74,strong,0.7,full,hj,oracle,0.14,0.86,1.142
5,240,74,strong,0.7,full,hj,feasible,0.932,0.068,2.448
5,240,74,strong,0.7,full,equal_vs_hj,oracle,0.122,nan,nan
5,240,74,strong,0.7,full,equal_vs_hj,feasible,0.384,nan,nan
5,240,74,strong,0.7,weak_tail,equal,oracle,0.948,0.052,2.578
5,240,74,strong,0.7,weak_tail,equal,feasible,1.0,0.0,3.698
5,240,74,strong,0.7,weak_tail,hj,oracle,0.842,0.158,2.102
5,240,74,strong,0.7,weak_tail,hj,feasible,0.998,0.002,3.384
5,240,74,strong,0.7,weak_tail,equal_vs_hj,oracle,0.24066666666666667,nan,nan
5,240,74,strong,0.7,weak_tail,equal_vs_hj,feasible,0.439,nan,nan
5,240,74,weak,0.0,full,equal,oracle,1.0,0.0,3.464
5,240,74,weak,0.0,full,equal,feasible,1.0,0.0,3.874
5,240,74,weak,0.0,full,hj,oracle,1.0,0.0,3.388
5,240,74,weak,0.0,full,hj,feasible,1.0,0.0,3.74
5,240,74,weak,0.0,full,equal_vs_hj,oracle,0.029333333333333333,nan,nan
5,240,74,weak,0.0,full,equal_vs_hj,feasible,0.06133333333333333,nan,nan
5,240,74,weak,0.0,weak_tail,equal,oracle,0.998,0.002,3.134
5,240,74,weak,0.0,weak_tail,equal,feasible,0.998,0.002,3.51
5,240,74,weak,0.0,weak_tail,hj,oracle,0.998,0.002,3.188
5,240,74,weak,0.0,weak_tail,hj,feasible,0.996,0.004,3.622
5,240,74,weak,0.0,weak_tail,equal_vs_hj,oracle,0.020666666666666667,nan,nan
5,240,74,weak,0.0,weak_tail,equal_vs_hj,feasible,0.16266666666666665,nan,nan
5,240,74,weak,0.7,full,equal,oracle,0.998,0.002,3.562
5,240,74,weak,0.7,full,equal,feasible,0.998,0.002,3.84
5,240,74,weak,0.7,full,hj,oracle,0.994,0.006,2.976
5,240,74,weak,0.7,full,hj,feasible,1.0,0.0,3.844
5,240,74,weak,0.7,full,equal_vs_hj,oracle,0.7393333333333333,nan,nan
5,240,74,weak,0.7,full,equal_vs_hj,feasible,0.6073333333333333,nan,nan
5,240,74,weak,0.7,weak_tail,equal,oracle,0.994,0.006,3.252
5,240,74,weak,0.7,weak_tail,equal,feasible,0.998,0.002,3.682
5,240,74,weak,0.7,weak_tail,hj,oracle,0.998,0.002,3.306
5,240,74,weak,0.7,weak_tail,hj,feasible,1.0,0.0,3.874
5,240,74,weak,0.7,weak_tail,equal_vs_hj,oracle,0.5703333333333334,nan,nan
5,240,74,weak,0.7,weak_tail,equal_vs_hj,feasible,0.5503333333333333,nan,nan
5,600,25,strong,0.0,full,equal,oracle,0.058,0.942,1.058
5,600,25,strong,0.0,full,equal,feasible,0.922,0.078,2.438
5,600,25,strong,0.0,full,hj,oracle,0.058,0.942,1.058
5,600,25,strong,0.0,full,hj,feasible,0.922,0.078,2.478
5,600,25,strong,0.0,full,equal_vs_hj,oracle,0.0,nan,nan
5,600,25,strong,0.0,full,equal_vs_hj,feasible,0.024666666666666667,nan,nan
5,600,25,strong,0.0,weak_tail,equal,oracle,0.864,0.136,2.206
5,600,25,strong,0.0,weak_tail,equal,feasible,1.0,0.0,3.494
5,600,25,strong,0.0,weak_tail,hj,oracle,0.864,0.136,2.208
5,600,25,strong,0.0,weak_tail,hj,feasible,0.998,0.002,3.4
5,600,25,strong,0.0,weak_tail,equal_vs_hj,oracle,0.0013333333333333333,nan,nan
5,600,25,strong,0.0,weak_tail,equal_vs_hj,feasible,0.09166666666666666,nan,nan
5,600,25,strong,0.7,full,equal,oracle,0.064,0.936,1.068
5,600,25,strong,0.7,full,equal,feasible,0.944,0.056,2.448
5,600,25,strong,0.7,full,hj,oracle,0.006,0.994,1.006
5,600,25,strong,0.7,full,hj,feasible,0.864,0.136,2.07
5,600,25,strong,0.7,full,equal_vs_hj,oracle,0.010666666666666666,nan,nan
5,600,25,strong,0.7,full,equal_vs_hj,feasible,0.24266666666666667,nan,nan
5,600,25,strong,0.7,weak_tail,equal,oracle,0.896,0.104,2.248
5,600,25,strong,0.7,weak_tail,equal,feasible,1.0,0.0,3.452
5,600,25,strong,0.7,weak_tail,hj,oracle,0.856,0.144,2.16
5,600,25,strong,0.7,weak_tail,hj,feasible,0.998,0.002,3.256
5,600,25,strong,0.7,weak_tail,equal_vs_hj,oracle,0.125,nan,nan
5,600,25,strong,0.7,weak_tail,equal_vs_hj,feasible,0.30566666666666664,nan,nan
5,600,25,weak,0.0,full,equal,oracle,1.0,0.0,3.458
5,600,25,weak,0.0,full,equal,feasible,1.0,0.0,3.936
5,600,25,weak,0.0,full,hj,oracle,1.0,0.0,3.53
5,600,25,weak,0.0,full,hj,feasible,1.0,0.0,3.93
5,600,25,weak,0.0,full,equal_vs_hj,oracle,0.034666666666666665,nan,nan
5,600,25,weak,0.0,full,equal_vs_hj,feasible,0.058666666666666666,nan,nan
5,600,25,weak,0.0,weak_tail,equal,oracle,0.994,0.006,3.374
5,600,25,weak,0.0,weak_tail,equal,feasible,1.0,0.0,3.85
5,600,25,weak,0.0,weak_tail,hj,oracle,0.996,0.004,3.39
5,600,25,weak,0.0,weak_tail,hj,feasible,1.0,0.0,3.798
5,600,25,weak,0.0,weak_tail,equal_vs_hj,oracle,0.013666666666666667,nan,nan
5,600,25,weak,0.0,weak_tail,equal_vs_hj,feasible,0.134,nan,nan
5,600,25,weak,0.7,full,equal,oracle,0.996,0.004,3.334
5,600,25,weak,0.7,full,equal,feasible,1.0,0.0,3.928
5,600,25,weak,0.7,full,hj,oracle,0.864,0.136,2.09
5,600,25,weak,0.7,full,hj,feasible,0.996,0.004,3.464
5,600,25,weak,0.7,full,equal_vs_hj,oracle,0.515,nan,nan
5,600,25,weak,0.7,full,equal_vs_hj,feasible,0.535,nan,nan
5,600,25,weak,0.7,weak_tail,equal,oracle,0.998,0.002,3.394
5,600,25,weak,0.7,weak_tail,equal,feasible,0.998,0.002,3.8
5,600,25,weak,0.7,weak_tail,hj,oracle,0.992,0.008,3.08
5,600,25,weak,0.7,weak_tail,hj,feasible,0.998,0.002,3.804
5,600,25,weak,0.7,weak_tail,equal_vs_hj,oracle,0.374,nan,nan
5,600,25,weak,0.7,weak_tail,equal_vs_hj,feasible,0.44433333333333336,nan,nan
5,600,74,strong,0.0,full,equal,oracle,0.04,0.96,1.04
5,600,74,strong,0.0,full,equal,feasible,0.94,0.06,2.456
5,600,74,strong,0.0,full,hj,oracle,0.04,0.96,1.04
5,600,74,strong,0.0,full,hj,feasible,0.93,0.07,2.486
5,600,74,strong,0.0,full,equal_vs_hj,oracle,0.0,nan,nan
5,600,74,strong,0.0,full,equal_vs_hj,feasible,0.029333333333333333,nan,nan
5,600,74,strong,0.0,weak_tail,equal,oracle,0.436,0.564,1.47
5,600,74,strong,0.0,weak_tail,equal,feasible,0.986,0.014,3.112
5,600,74,strong,0.0,weak_tail,hj,oracle,0.434,0.566,1.468
5,600,74,strong,0.0,weak_tail,hj,feasible,0.974,0.026,2.994
5,600,74,strong,0.0,weak_tail,equal_vs_hj,oracle,0.0023333333333333335,nan,nan
5,600,74,strong,0.0,weak_tail,equal_vs_hj,feasible,0.096,nan,nan
5,600,74,strong,0.7,full,equal,oracle,0.044,0.956,1.044
5,600,74,strong,0.7,full,equal,feasible,0.936,0.064,2.38
5,600,74,strong,0.7,full,hj,oracle,0.006,0.994,1.006
5,600,74,strong,0.7,full,hj,feasible,0.838,0.162,2.02
5,600,74,strong,0.7,full,equal_vs_hj,oracle,0.007,nan,nan
5,600,74,strong,0.7,full,equal_vs_hj,feasible,0.22633333333333333,nan,nan
5,600,74,strong,0.7,weak_tail,equal,oracle,0.452,0.548,1.49
5,600,74,strong,0.7,weak_tail,equal,feasible,0.994,0.006,3.052
5,600,74,strong,0.7,weak_tail,hj,oracle,0.282,0.718,1.286
5,600,74,strong,0.7,weak_tail,hj,feasible,0.962,0.038,2.744
5,600,74,strong,0.7,weak_tail,equal_vs_hj,oracle,0.06266666666666666,nan,nan
5,600,74,strong,0.7,weak_tail,equal_vs_hj,feasible,0.31733333333333336,nan,nan
5,600,74,weak,0.0,full,equal,oracle,0.998,0.002,3.442
5,600,74,weak,0.0,full,equal,feasible,1.0,0.0,3.916
5,600,74,weak,0.0,full,hj,oracle,0.998,0.002,3.498
5,600,74,weak,0.0,full,hj,feasible,1.0,0.0,3.9
5,600,74,weak,0.0,full,equal_vs_hj,oracle,0.039,nan,nan
5,600,74,weak,0.0,full,equal_vs_hj,feasible,0.06566666666666666,nan,nan
5,600,74,weak,0.0,weak_tail,equal,oracle,1.0,0.0,3.562
5,600,74,weak,0.0,weak_tail,equal,feasible,1.0,0.0,3.864
5,600,74,weak,0.0,weak_tail,hj,oracle,1.0,0.0,3.536
5,600,74,weak,0.0,weak_tail,hj,feasible,1.0,0.0,3.9
5,600,74,weak,0.0,weak_tail,equal_vs_hj,oracle,0.030666666666666665,nan,nan
5,600,74,weak,0.0,weak_tail,equal_vs_hj,feasible,0.16266666666666665,nan,nan
5,600,74,weak,0.7,full,equal,oracle,0.984,0.016,3.172
5,600,74,weak,0.7,full,equal,feasible,0.998,0.002,3.882
5,600,74,weak,0.7,full,hj,oracle,0.818,0.182,1.922
5,600,74,weak,0.7,full,hj,feasible,0.998,0.002,3.33
5,600,74,weak,0.7,full,equal_vs_hj,oracle,0.5013333333333333,nan,nan
5,600,74,weak,0.7,full,equal_vs_hj,feasible,0.5576666666666666,nan,nan
5,600,74,weak,0.7,weak_tail,equal,oracle,0.998,0.002,3.634
5,600,74,weak,0.7,weak_tail,equal,feasible,1.0,0.0,3.896
5,600,74,weak,0.7,weak_tail,hj,oracle,0.998,0.002,3.218
5,600,74,weak,0.7,weak_tail,hj,feasible,1.0,0.0,3.802
5,600,74,weak,0.7,weak_tail,equal_vs_hj,oracle,0.481,nan,nan
5,600,74,weak,0.7,weak_tail,equal_vs_hj,feasible,0.524,nan,nan
