normalization,layer,width,metric,trained_mean,random_mean,trained_median,random_median,paired_mean_difference,paired_bootstrap_low,paired_bootstrap_high
raw_centered,1,128,participation_rank,20.317591541050845,20.434853165091514,20.250616346134592,20.344124771538215,-0.11726162404066748,-0.2736124425981035,0.08030272982966699
raw_centered,1,128,rank_fraction,0.15873118391445973,0.15964729035227745,0.1582079402041765,0.1589384747776423,-0.0009161064378177147,-0.0021375972077976838,0.0006273650767942734
raw_centered,1,128,top_eigenvalue_share,0.13527733206574014,0.13504380121933537,0.1345060029957305,0.1348115951103647,0.00023353084640474118,-0.0016382354057895,0.0018602638020653597
raw_centered,2,64,participation_rank,14.114031608874818,15.253304415915018,14.668585877146644,15.719419811470352,-1.139272807040197,-1.6612641923673919,-0.6778131963374533
raw_centered,2,64,rank_fraction,0.22053174388866903,0.23833288149867216,0.2291966543304163,0.24561593455422426,-0.017801137610003077,-0.025957253005740498,-0.010590831192772708
raw_centered,2,64,top_eigenvalue_share,0.17367470411458485,0.15850068288377173,0.16359264439987586,0.15331721533435327,0.015174021230813132,0.008874320402458313,0.02224051595186576
raw_centered,3,32,participation_rank,8.690697640743267,10.399393415133549,9.048326309123219,10.584633981610304,-1.7086957743902806,-2.4757281546159113,-1.0747714117920755
raw_centered,3,32,rank_fraction,0.2715843012732271,0.3249810442229234,0.2827601971601006,0.330769811925322,-0.05339674294969627,-0.07736650483174723,-0.03358660661850236
raw_centered,3,32,top_eigenvalue_share,0.24893006390387123,0.20298696569443508,0.23194957563941032,0.201366934894033,0.04594309820943614,0.023733945315206968,0.07102239141856861
feature_zscore,1,128,participation_rank,23.0565562517644,23.138195473684856,22.98918175271922,23.016729263888756,-0.08163922192045804,-0.2240162160203666,0.11734024890568026
feature_zscore,1,128,rank_fraction,0.18012934571690936,0.18076715213816294,0.1796029824431189,0.1798181973741309,-0.0006378064212535784,-0.001750126687659114,0.000916720694575627
feature_zscore,1,128,top_eigenvalue_share,0.11669672111556093,0.11672828617250708,0.11590633989209631,0.11566577387874785,-3.156505694616698e-05,-0.001795855392174878,0.0013437878516433608
feature_zscore,2,64,participation_rank,16.203963851624735,17.219491941161348,16.53827390936089,17.47606945965312,-1.0155280895366132,-1.426283851706251,-0.6492590403850751
feature_zscore,2,64,rank_fraction,0.2531869351816365,0.26905456158064606,0.2584105298337639,0.27306358530708,-0.01586762639900958,-0.022285685182910173,-0.010144672506016798
feature_zscore,2,64,top_eigenvalue_share,0.14792208799119577,0.13671201314124634,0.1413438371157814,0.13279376114806324,0.011210074849949434,0.0071097860884968165,0.015970299974283345
feature_zscore,3,32,participation_rank,10.241471794855757,11.754784157665307,10.47563202561416,11.750410102716394,-1.5133123628095497,-2.133353506316379,-0.9732091890710519
feature_zscore,3,32,rank_fraction,0.3200459935892424,0.36733700492704086,0.3273635008004425,0.3672003157098873,-0.04729101133779843,-0.06666729707238685,-0.030412787158470372
feature_zscore,3,32,top_eigenvalue_share,0.2071476763789613,0.17419420653275278,0.1969881160283828,0.1712712147247464,0.03295346984620851,0.015352763157329127,0.051953987902312086
row_l2_centered,1,128,participation_rank,21.131185589511475,21.269574668032607,21.167698019103447,21.296600791160152,-0.1383890785211354,-0.2772861182073085,0.03609164566917126
row_l2_centered,1,128,rank_fraction,0.1650873874180584,0.16616855209400475,0.16537264077424568,0.1663796936809387,-0.0010811646759463704,-0.0021662977984945975,0.00028196598179040046
row_l2_centered,1,128,top_eigenvalue_share,0.13081942444961975,0.13038726496911146,0.1296562017089687,0.12949218031041843,0.00043215948050828057,-0.0012785845017161345,0.002007791402071435
row_l2_centered,2,64,participation_rank,14.925745029037838,15.94996169704466,15.478564867511862,16.34372628392605,-1.0242166680068228,-1.5439642094206447,-0.5537149585726538
row_l2_centered,2,64,rank_fraction,0.23321476607871622,0.24921815151632282,0.24185257605487284,0.2553707231863445,-0.016003385437606606,-0.024124440772197574,-0.008651796227697716
row_l2_centered,2,64,top_eigenvalue_share,0.16327701062834837,0.15110864860963363,0.15414657199453358,0.14506838874971745,0.012168362018714766,0.006264621526940464,0.018563076402936855
row_l2_centered,3,32,participation_rank,8.793482532386463,10.447785910231588,9.10531456438395,10.65129931234863,-1.6543033778451253,-2.3717943460464723,-1.0625384203646977
row_l2_centered,3,32,rank_fraction,0.27479632913707697,0.3264933096947371,0.2845410801369984,0.3328531035108947,-0.051696980557660165,-0.07411857331395226,-0.0332043256363968
row_l2_centered,3,32,top_eigenvalue_share,0.24470320262063847,0.19996515331847722,0.22956972561596994,0.19885387139850574,0.044738049302161235,0.02357045482106702,0.06874066934535733
