normalization,layer,metric,seed,factor_count,paired_month_mean_difference
raw_centered,1,participation_rank,20260924,1,1.4981215294281436
raw_centered,1,participation_rank,20260924,2,0.29360936541038335
raw_centered,1,participation_rank,20260924,3,0.13343978387510447
raw_centered,1,participation_rank,20260924,4,-0.20612628204268071
raw_centered,1,participation_rank,20260924,5,-0.09996918074663093
raw_centered,1,participation_rank,20260924,8,0.053878944967082364
raw_centered,1,participation_rank,20260925,1,0.9488117700239294
raw_centered,1,participation_rank,20260925,2,0.4099287614344333
raw_centered,1,participation_rank,20260925,3,0.31473958428331533
raw_centered,1,participation_rank,20260925,4,-1.4050800990771257
raw_centered,1,participation_rank,20260925,5,-0.30578057830112504
raw_centered,1,participation_rank,20260925,8,-0.7872107862400984
raw_centered,1,participation_rank,20260926,1,0.47450510246640654
raw_centered,1,participation_rank,20260926,2,-0.754349903516678
raw_centered,1,participation_rank,20260926,3,-0.5894632615984331
raw_centered,1,participation_rank,20260926,4,-0.6912205951367631
raw_centered,1,participation_rank,20260926,5,-0.33509290759784827
raw_centered,1,participation_rank,20260926,8,0.0447989659032524
raw_centered,1,participation_rank,20260927,1,0.5219039700528294
raw_centered,1,participation_rank,20260927,2,-0.6693362974856644
raw_centered,1,participation_rank,20260927,3,0.20002942851029035
raw_centered,1,participation_rank,20260927,4,-0.10155768971666272
raw_centered,1,participation_rank,20260927,5,-0.8338091458713197
raw_centered,1,participation_rank,20260927,8,-0.6650182109461117
raw_centered,1,participation_rank,20260928,1,0.20505935570745534
raw_centered,1,participation_rank,20260928,2,0.175581232663363
raw_centered,1,participation_rank,20260928,3,-0.0012996012402414435
raw_centered,1,participation_rank,20260928,4,-0.0969940741299676
raw_centered,1,participation_rank,20260928,5,-0.8215487218778897
raw_centered,1,participation_rank,20260928,8,-0.42839918042077263
raw_centered,1,rank_fraction,20260924,1,0.011704074448657372
raw_centered,1,rank_fraction,20260924,2,0.00229382316726862
raw_centered,1,rank_fraction,20260924,3,0.0010424983115242537
raw_centered,1,rank_fraction,20260924,4,-0.001610361578458443
raw_centered,1,rank_fraction,20260924,5,-0.0007810092245830541
raw_centered,1,rank_fraction,20260924,8,0.00042092925755533097
raw_centered,1,rank_fraction,20260925,1,0.007412591953311948
raw_centered,1,rank_fraction,20260925,2,0.00320256844870651
raw_centered,1,rank_fraction,20260925,3,0.002458903002213401
raw_centered,1,rank_fraction,20260925,4,-0.010977188274040045
raw_centered,1,rank_fraction,20260925,5,-0.0023889107679775394
raw_centered,1,rank_fraction,20260925,8,-0.006150084267500769
raw_centered,1,rank_fraction,20260926,1,0.003707071113018801
raw_centered,1,rank_fraction,20260926,2,-0.005893358621224047
raw_centered,1,rank_fraction,20260926,3,-0.004605181731237759
raw_centered,1,rank_fraction,20260926,4,-0.005400160899505962
raw_centered,1,rank_fraction,20260926,5,-0.0026179133406081896
raw_centered,1,rank_fraction,20260926,8,0.00034999192111915937
raw_centered,1,rank_fraction,20260927,1,0.00407737476603773
raw_centered,1,rank_fraction,20260927,2,-0.005229189824106753
raw_centered,1,rank_fraction,20260927,3,0.0015627299102366433
raw_centered,1,rank_fraction,20260927,4,-0.0007934194509114275
raw_centered,1,rank_fraction,20260927,5,-0.006514133952119685
raw_centered,1,rank_fraction,20260927,8,-0.0051954547730164976
raw_centered,1,rank_fraction,20260928,1,0.0016020262164644949
raw_centered,1,rank_fraction,20260928,2,0.0013717283801825235
raw_centered,1,rank_fraction,20260928,3,-1.0153134689386278e-05
raw_centered,1,rank_fraction,20260928,4,-0.0007577662041403719
raw_centered,1,rank_fraction,20260928,5,-0.006418349389671014
raw_centered,1,rank_fraction,20260928,8,-0.003346868597037286
raw_centered,1,top_eigenvalue_share,20260924,1,-0.01501876980513595
raw_centered,1,top_eigenvalue_share,20260924,2,-0.0034390491792614737
raw_centered,1,top_eigenvalue_share,20260924,3,-0.002469596133705397
raw_centered,1,top_eigenvalue_share,20260924,4,0.0004001310285598657
raw_centered,1,top_eigenvalue_share,20260924,5,-0.0004052109429724171
raw_centered,1,top_eigenvalue_share,20260924,8,-0.0008921827068318061
raw_centered,1,top_eigenvalue_share,20260925,1,-0.008360309135308164
raw_centered,1,top_eigenvalue_share,20260925,2,-0.00560911089027595
raw_centered,1,top_eigenvalue_share,20260925,3,-0.002891855566536781
raw_centered,1,top_eigenvalue_share,20260925,4,0.01357292790898046
raw_centered,1,top_eigenvalue_share,20260925,5,0.0013688383058408523
raw_centered,1,top_eigenvalue_share,20260925,8,0.007760596980345446
raw_centered,1,top_eigenvalue_share,20260926,1,-0.004069452332301602
raw_centered,1,top_eigenvalue_share,20260926,2,0.006910731732068031
raw_centered,1,top_eigenvalue_share,20260926,3,0.0035023600226868055
raw_centered,1,top_eigenvalue_share,20260926,4,0.00305695175213669
raw_centered,1,top_eigenvalue_share,20260926,5,-0.00016355559647810529
raw_centered,1,top_eigenvalue_share,20260926,8,-0.0006677116643920256
raw_centered,1,top_eigenvalue_share,20260927,1,-0.006099823435505982
raw_centered,1,top_eigenvalue_share,20260927,2,0.006816533618783119
raw_centered,1,top_eigenvalue_share,20260927,3,-0.0012996294171710022
raw_centered,1,top_eigenvalue_share,20260927,4,0.0011020825550549082
raw_centered,1,top_eigenvalue_share,20260927,5,0.007115763327935398
raw_centered,1,top_eigenvalue_share,20260927,8,0.005342104639436007
raw_centered,1,top_eigenvalue_share,20260928,1,-0.0015324166597241748
raw_centered,1,top_eigenvalue_share,20260928,2,-0.0023416653137103955
raw_centered,1,top_eigenvalue_share,20260928,3,0.0006597081921855271
raw_centered,1,top_eigenvalue_share,20260928,4,0.0017059813352910925
raw_centered,1,top_eigenvalue_share,20260928,5,0.0059463420669002166
raw_centered,1,top_eigenvalue_share,20260928,8,-0.002994789294750958
raw_centered,2,participation_rank,20260924,1,-0.6300506825450729
raw_centered,2,participation_rank,20260924,2,0.21188088657826926
raw_centered,2,participation_rank,20260924,3,-0.7011611304330384
raw_centered,2,participation_rank,20260924,4,-0.581642009265589
raw_centered,2,participation_rank,20260924,5,0.07286889462932404
raw_centered,2,participation_rank,20260924,8,-0.36544729689234273
raw_centered,2,participation_rank,20260925,1,-0.08954068883125738
raw_centered,2,participation_rank,20260925,2,-0.8269420280153741
raw_centered,2,participation_rank,20260925,3,-0.6624224610557882
raw_centered,2,participation_rank,20260925,4,-5.259260754006663
raw_centered,2,participation_rank,20260925,5,-1.7293299007141911
raw_centered,2,participation_rank,20260925,8,-1.4314769112572772
raw_centered,2,participation_rank,20260926,1,0.6167299688889097
raw_centered,2,participation_rank,20260926,2,-2.799940665443316
raw_centered,2,participation_rank,20260926,3,-1.7168859299138315
raw_centered,2,participation_rank,20260926,4,-1.6155506854104733
raw_centered,2,participation_rank,20260926,5,-0.38157743269427896
raw_centered,2,participation_rank,20260926,8,0.07614818610951415
raw_centered,2,participation_rank,20260927,1,-1.0071333923699437
raw_centered,2,participation_rank,20260927,2,-3.1109637775170613
raw_centered,2,participation_rank,20260927,3,-0.6417819859879604
raw_centered,2,participation_rank,20260927,4,-1.0156642212452451
raw_centered,2,participation_rank,20260927,5,-3.1698112839120864
raw_centered,2,participation_rank,20260927,8,-2.461792646511506
raw_centered,2,participation_rank,20260928,1,0.2070768823052926
raw_centered,2,participation_rank,20260928,2,0.09293510388294436
raw_centered,2,participation_rank,20260928,3,-0.38545828285327954
raw_centered,2,participation_rank,20260928,4,-0.21799643983003206
raw_centered,2,participation_rank,20260928,5,-2.388390597882946
raw_centered,2,participation_rank,20260928,8,-2.2656029290116098
raw_centered,2,rank_fraction,20260924,1,-0.009844541914766764
raw_centered,2,rank_fraction,20260924,2,0.003310638852785457
raw_centered,2,rank_fraction,20260924,3,-0.010955642663016225
raw_centered,2,rank_fraction,20260924,4,-0.009088156394774827
raw_centered,2,rank_fraction,20260924,5,0.0011385764785831881
raw_centered,2,rank_fraction,20260924,8,-0.005710114013942855
raw_centered,2,rank_fraction,20260925,1,-0.0013990732629883965
raw_centered,2,rank_fraction,20260925,2,-0.01292096918774022
raw_centered,2,rank_fraction,20260925,3,-0.01035035095399669
raw_centered,2,rank_fraction,20260925,4,-0.0821759492813541
raw_centered,2,rank_fraction,20260925,5,-0.027020779698659236
raw_centered,2,rank_fraction,20260925,8,-0.022366826738394956
raw_centered,2,rank_fraction,20260926,1,0.009636405763889215
raw_centered,2,rank_fraction,20260926,2,-0.04374907289755181
raw_centered,2,rank_fraction,20260926,3,-0.026826342654903617
raw_centered,2,rank_fraction,20260926,4,-0.025242979459538645
raw_centered,2,rank_fraction,20260926,5,-0.005962147385848109
raw_centered,2,rank_fraction,20260926,8,0.0011898154079611587
raw_centered,2,rank_fraction,20260927,1,-0.01573645925578037
raw_centered,2,rank_fraction,20260927,2,-0.04860880902370408
raw_centered,2,rank_fraction,20260927,3,-0.010027843531061882
raw_centered,2,rank_fraction,20260927,4,-0.015869753456956955
raw_centered,2,rank_fraction,20260927,5,-0.04952830131112635
raw_centered,2,rank_fraction,20260927,8,-0.03846551010174228
raw_centered,2,rank_fraction,20260928,1,0.0032355762860201967
raw_centered,2,rank_fraction,20260928,2,0.0014521109981710056
raw_centered,2,rank_fraction,20260928,3,-0.006022785669582493
raw_centered,2,rank_fraction,20260928,4,-0.003406194372344251
raw_centered,2,rank_fraction,20260928,5,-0.03731860309192103
raw_centered,2,rank_fraction,20260928,8,-0.0354000457658064
raw_centered,2,top_eigenvalue_share,20260924,1,0.009628217984501971
raw_centered,2,top_eigenvalue_share,20260924,2,-0.0046505138605475865
raw_centered,2,top_eigenvalue_share,20260924,3,0.010270798281383992
raw_centered,2,top_eigenvalue_share,20260924,4,0.005149055378634091
raw_centered,2,top_eigenvalue_share,20260924,5,-0.0005204845217559283
raw_centered,2,top_eigenvalue_share,20260924,8,0.0035297791545903104
raw_centered,2,top_eigenvalue_share,20260925,1,-0.008032763074806533
raw_centered,2,top_eigenvalue_share,20260925,2,0.0027942925832492543
raw_centered,2,top_eigenvalue_share,20260925,3,0.0024590627675987213
raw_centered,2,top_eigenvalue_share,20260925,4,0.08591185098883394
raw_centered,2,top_eigenvalue_share,20260925,5,0.022092069929712303
raw_centered,2,top_eigenvalue_share,20260925,8,0.012850119547208626
raw_centered,2,top_eigenvalue_share,20260926,1,-0.01593372527413761
raw_centered,2,top_eigenvalue_share,20260926,2,0.06742381906330376
raw_centered,2,top_eigenvalue_share,20260926,3,0.034345547639428424
raw_centered,2,top_eigenvalue_share,20260926,4,0.029672633466110914
raw_centered,2,top_eigenvalue_share,20260926,5,-0.0017754933948159308
raw_centered,2,top_eigenvalue_share,20260926,8,-0.0015188104562820072
raw_centered,2,top_eigenvalue_share,20260927,1,0.008480926685537548
raw_centered,2,top_eigenvalue_share,20260927,2,0.05229911492118745
raw_centered,2,top_eigenvalue_share,20260927,3,0.0016828011436289725
raw_centered,2,top_eigenvalue_share,20260927,4,0.004742001977442575
raw_centered,2,top_eigenvalue_share,20260927,5,0.044633739126120724
raw_centered,2,top_eigenvalue_share,20260927,8,0.03459886006461247
raw_centered,2,top_eigenvalue_share,20260928,1,-0.004838092470852577
raw_centered,2,top_eigenvalue_share,20260928,2,-0.001989249774666094
raw_centered,2,top_eigenvalue_share,20260928,3,0.0013055676373861127
raw_centered,2,top_eigenvalue_share,20260928,4,-0.00014766863532128502
raw_centered,2,top_eigenvalue_share,20260928,5,0.02603877032545802
raw_centered,2,top_eigenvalue_share,20260928,8,0.034718409721649364
raw_centered,3,participation_rank,20260924,1,-2.4236207631440303
raw_centered,3,participation_rank,20260924,2,-0.08544893367434443
raw_centered,3,participation_rank,20260924,3,-0.9217138474590653
raw_centered,3,participation_rank,20260924,4,-0.7749859862539193
raw_centered,3,participation_rank,20260924,5,0.14908982451873712
raw_centered,3,participation_rank,20260924,8,-0.23681218124631337
raw_centered,3,participation_rank,20260925,1,-1.30578230758777
raw_centered,3,participation_rank,20260925,2,-1.8625847506558253
raw_centered,3,participation_rank,20260925,3,-1.3017821133497738
raw_centered,3,participation_rank,20260925,4,-5.531420206683017
raw_centered,3,participation_rank,20260925,5,-2.2164955205097328
raw_centered,3,participation_rank,20260925,8,-1.0909838939179386
raw_centered,3,participation_rank,20260926,1,0.1193291310764479
raw_centered,3,participation_rank,20260926,2,-3.8903815150244836
raw_centered,3,participation_rank,20260926,3,-3.5277975621686246
raw_centered,3,participation_rank,20260926,4,-2.0388701220839627
raw_centered,3,participation_rank,20260926,5,-0.8417907010728671
raw_centered,3,participation_rank,20260926,8,0.31111024079643645
raw_centered,3,participation_rank,20260927,1,-2.5116860710993705
raw_centered,3,participation_rank,20260927,2,-4.7011295358219725
raw_centered,3,participation_rank,20260927,3,-1.7792544803517019
raw_centered,3,participation_rank,20260927,4,-2.101633540566003
raw_centered,3,participation_rank,20260927,5,-3.542751957328782
raw_centered,3,participation_rank,20260927,8,-2.7699311152152455
raw_centered,3,participation_rank,20260928,1,1.6291667381551634e-05
raw_centered,3,participation_rank,20260928,2,0.34132185597929154
raw_centered,3,participation_rank,20260928,3,-0.6587339520598806
raw_centered,3,participation_rank,20260928,4,-0.3817894628379099
raw_centered,3,participation_rank,20260928,5,-2.90475807112376
raw_centered,3,participation_rank,20260928,8,-2.7796019845104167
raw_centered,3,rank_fraction,20260924,1,-0.07573814884825095
raw_centered,3,rank_fraction,20260924,2,-0.0026702791773232635
raw_centered,3,rank_fraction,20260924,3,-0.02880355773309579
raw_centered,3,rank_fraction,20260924,4,-0.02421831207043498
raw_centered,3,rank_fraction,20260924,5,0.004659057016210535
raw_centered,3,rank_fraction,20260924,8,-0.007400380663947293
raw_centered,3,rank_fraction,20260925,1,-0.04080569711211781
raw_centered,3,rank_fraction,20260925,2,-0.05820577345799454
raw_centered,3,rank_fraction,20260925,3,-0.04068069104218043
raw_centered,3,rank_fraction,20260925,4,-0.17285688145884429
raw_centered,3,rank_fraction,20260925,5,-0.06926548501592915
raw_centered,3,rank_fraction,20260925,8,-0.03409324668493558
raw_centered,3,rank_fraction,20260926,1,0.0037290353461389967
raw_centered,3,rank_fraction,20260926,2,-0.12157442234451511
raw_centered,3,rank_fraction,20260926,3,-0.11024367381776952
raw_centered,3,rank_fraction,20260926,4,-0.06371469131512383
raw_centered,3,rank_fraction,20260926,5,-0.026305959408527098
raw_centered,3,rank_fraction,20260926,8,0.00972219502488864
raw_centered,3,rank_fraction,20260927,1,-0.07849018972185533
raw_centered,3,rank_fraction,20260927,2,-0.14691029799443664
raw_centered,3,rank_fraction,20260927,3,-0.05560170251099068
raw_centered,3,rank_fraction,20260927,4,-0.0656760481426876
raw_centered,3,rank_fraction,20260927,5,-0.11071099866652444
raw_centered,3,rank_fraction,20260927,8,-0.08656034735047642
raw_centered,3,rank_fraction,20260928,1,5.091146056734886e-07
raw_centered,3,rank_fraction,20260928,2,0.01066630799935286
raw_centered,3,rank_fraction,20260928,3,-0.02058543600187127
raw_centered,3,rank_fraction,20260928,4,-0.011930920713684684
raw_centered,3,rank_fraction,20260928,5,-0.0907736897226175
raw_centered,3,rank_fraction,20260928,8,-0.08686256201595052
raw_centered,3,top_eigenvalue_share,20260924,1,0.07642385285433888
raw_centered,3,top_eigenvalue_share,20260924,2,0.012296658415322896
raw_centered,3,top_eigenvalue_share,20260924,3,0.019146786234487557
raw_centered,3,top_eigenvalue_share,20260924,4,0.009448756900602791
raw_centered,3,top_eigenvalue_share,20260924,5,-0.011668957406703043
raw_centered,3,top_eigenvalue_share,20260924,8,-0.0034727452438761317
raw_centered,3,top_eigenvalue_share,20260925,1,0.03054156455260685
raw_centered,3,top_eigenvalue_share,20260925,2,0.0382396395152155
raw_centered,3,top_eigenvalue_share,20260925,3,0.01349537302240081
raw_centered,3,top_eigenvalue_share,20260925,4,0.18289424669895854
raw_centered,3,top_eigenvalue_share,20260925,5,0.0471628450416715
raw_centered,3,top_eigenvalue_share,20260925,8,0.00610697925140022
raw_centered,3,top_eigenvalue_share,20260926,1,-0.021930652623423693
raw_centered,3,top_eigenvalue_share,20260926,2,0.16725365581772952
raw_centered,3,top_eigenvalue_share,20260926,3,0.14158641040194994
raw_centered,3,top_eigenvalue_share,20260926,4,0.06952714927821059
raw_centered,3,top_eigenvalue_share,20260926,5,0.008431016711090806
raw_centered,3,top_eigenvalue_share,20260926,8,-0.008790068157542843
raw_centered,3,top_eigenvalue_share,20260927,1,0.07807302376096294
raw_centered,3,top_eigenvalue_share,20260927,2,0.16567833696704387
raw_centered,3,top_eigenvalue_share,20260927,3,0.03622865363031894
raw_centered,3,top_eigenvalue_share,20260927,4,0.04109143057335389
raw_centered,3,top_eigenvalue_share,20260927,5,0.1071091871051311
raw_centered,3,top_eigenvalue_share,20260927,8,0.07724372135903365
raw_centered,3,top_eigenvalue_share,20260928,1,-0.00750915300116187
raw_centered,3,top_eigenvalue_share,20260928,2,-0.015979244605022803
raw_centered,3,top_eigenvalue_share,20260928,3,-0.005115372596681315
raw_centered,3,top_eigenvalue_share,20260928,4,-0.018392766933435965
raw_centered,3,top_eigenvalue_share,20260928,5,0.05830694672278382
raw_centered,3,top_eigenvalue_share,20260928,8,0.08486567203631737
feature_zscore,1,participation_rank,20260924,1,1.3566415046919194
feature_zscore,1,participation_rank,20260924,2,0.3777848573550214
feature_zscore,1,participation_rank,20260924,3,0.02687063765439488
feature_zscore,1,participation_rank,20260924,4,-0.04297536446741557
feature_zscore,1,participation_rank,20260924,5,0.06363371430958274
feature_zscore,1,participation_rank,20260924,8,0.12709688581882453
feature_zscore,1,participation_rank,20260925,1,0.7464794735642732
feature_zscore,1,participation_rank,20260925,2,0.23851798796202528
feature_zscore,1,participation_rank,20260925,3,0.1863017737074333
feature_zscore,1,participation_rank,20260925,4,-1.2843629165927992
feature_zscore,1,participation_rank,20260925,5,-0.060212974872241025
feature_zscore,1,participation_rank,20260925,8,-0.6603189261426269
feature_zscore,1,participation_rank,20260926,1,0.3450727733474258
feature_zscore,1,participation_rank,20260926,2,-0.46674911840864935
feature_zscore,1,participation_rank,20260926,3,-0.3759172927726172
feature_zscore,1,participation_rank,20260926,4,-0.5122765315048919
feature_zscore,1,participation_rank,20260926,5,-0.5682637632651113
feature_zscore,1,participation_rank,20260926,8,0.0274818936696704
feature_zscore,1,participation_rank,20260927,1,0.5024951752200665
feature_zscore,1,participation_rank,20260927,2,-0.6353076867641944
feature_zscore,1,participation_rank,20260927,3,0.2858241960417485
feature_zscore,1,participation_rank,20260927,4,0.1085257820184531
feature_zscore,1,participation_rank,20260927,5,-0.5598714172702236
feature_zscore,1,participation_rank,20260927,8,-0.6210517107712452
feature_zscore,1,participation_rank,20260928,1,0.20690036062603587
feature_zscore,1,participation_rank,20260928,2,0.1076143489974827
feature_zscore,1,participation_rank,20260928,3,-0.04822108817022593
feature_zscore,1,participation_rank,20260928,4,-0.06040805159432526
feature_zscore,1,participation_rank,20260928,5,-0.8783699430442325
feature_zscore,1,participation_rank,20260928,8,-0.38211123695729926
feature_zscore,1,rank_fraction,20260924,1,0.01059876175540562
feature_zscore,1,rank_fraction,20260924,2,0.0029514441980861045
feature_zscore,1,rank_fraction,20260924,3,0.00020992685667496
feature_zscore,1,rank_fraction,20260924,4,-0.0003357450349016841
feature_zscore,1,rank_fraction,20260924,5,0.0004971383930436152
feature_zscore,1,rank_fraction,20260924,8,0.0009929444204595666
feature_zscore,1,rank_fraction,20260925,1,0.005831870887220885
feature_zscore,1,rank_fraction,20260925,2,0.0018634217809533225
feature_zscore,1,rank_fraction,20260925,3,0.0014554826070893227
feature_zscore,1,rank_fraction,20260925,4,-0.010034085285881244
feature_zscore,1,rank_fraction,20260925,5,-0.000470413866189383
feature_zscore,1,rank_fraction,20260925,8,-0.0051587416104892725
feature_zscore,1,rank_fraction,20260926,1,0.002695881041776764
feature_zscore,1,rank_fraction,20260926,2,-0.003646477487567573
feature_zscore,1,rank_fraction,20260926,3,-0.002936853849786072
feature_zscore,1,rank_fraction,20260926,4,-0.004002160402381968
feature_zscore,1,rank_fraction,20260926,5,-0.004439560650508682
feature_zscore,1,rank_fraction,20260926,8,0.0002147022942943
feature_zscore,1,rank_fraction,20260927,1,0.003925743556406769
feature_zscore,1,rank_fraction,20260927,2,-0.004963341302845268
feature_zscore,1,rank_fraction,20260927,3,0.0022330015315761603
feature_zscore,1,rank_fraction,20260927,4,0.0008478576720191649
feature_zscore,1,rank_fraction,20260927,5,-0.004373995447423622
feature_zscore,1,rank_fraction,20260927,8,-0.004851966490400353
feature_zscore,1,rank_fraction,20260928,1,0.0016164090673909052
feature_zscore,1,rank_fraction,20260928,2,0.0008407371015428336
feature_zscore,1,rank_fraction,20260928,3,-0.0003767272513298901
feature_zscore,1,rank_fraction,20260928,4,-0.0004719379030806661
feature_zscore,1,rank_fraction,20260928,5,-0.006862265180033067
feature_zscore,1,rank_fraction,20260928,8,-0.0029852440387289005
feature_zscore,1,top_eigenvalue_share,20260924,1,-0.011842907261346392
feature_zscore,1,top_eigenvalue_share,20260924,2,-0.003918746467131769
feature_zscore,1,top_eigenvalue_share,20260924,3,-0.0019071244545646596
feature_zscore,1,top_eigenvalue_share,20260924,4,-0.0006778619926577929
feature_zscore,1,top_eigenvalue_share,20260924,5,-0.001510470901986325
feature_zscore,1,top_eigenvalue_share,20260924,8,-0.001643536413471039
feature_zscore,1,top_eigenvalue_share,20260925,1,-0.00729834781629944
feature_zscore,1,top_eigenvalue_share,20260925,2,-0.004281532789062666
feature_zscore,1,top_eigenvalue_share,20260925,3,-0.001592052900948321
feature_zscore,1,top_eigenvalue_share,20260925,4,0.010532103791209401
feature_zscore,1,top_eigenvalue_share,20260925,5,-0.0011429234784802172
feature_zscore,1,top_eigenvalue_share,20260925,8,0.006051698851448341
feature_zscore,1,top_eigenvalue_share,20260926,1,-0.0034280563986127605
feature_zscore,1,top_eigenvalue_share,20260926,2,0.002793095996734234
feature_zscore,1,top_eigenvalue_share,20260926,3,0.0018550674134390475
feature_zscore,1,top_eigenvalue_share,20260926,4,0.0018350273822111869
feature_zscore,1,top_eigenvalue_share,20260926,5,0.0026581239505174934
feature_zscore,1,top_eigenvalue_share,20260926,8,-0.00022536645486768216
feature_zscore,1,top_eigenvalue_share,20260927,1,-0.0051375029848735225
feature_zscore,1,top_eigenvalue_share,20260927,2,0.006804033201553112
feature_zscore,1,top_eigenvalue_share,20260927,3,-0.0016798649382822166
feature_zscore,1,top_eigenvalue_share,20260927,4,-0.0009110518369349972
feature_zscore,1,top_eigenvalue_share,20260927,5,0.005211413103685859
feature_zscore,1,top_eigenvalue_share,20260927,8,0.00522029346197476
feature_zscore,1,top_eigenvalue_share,20260928,1,-0.0014302279198267803
feature_zscore,1,top_eigenvalue_share,20260928,2,-0.0011955673333505464
feature_zscore,1,top_eigenvalue_share,20260928,3,0.0007173877794130495
feature_zscore,1,top_eigenvalue_share,20260928,4,0.0006824003247158732
feature_zscore,1,top_eigenvalue_share,20260928,5,0.004993493088725322
feature_zscore,1,top_eigenvalue_share,20260928,8,-0.0004779477113155599
feature_zscore,2,participation_rank,20260924,1,-0.7830084388230868
feature_zscore,2,participation_rank,20260924,2,-0.031234874538290082
feature_zscore,2,participation_rank,20260924,3,-0.8594120358322817
feature_zscore,2,participation_rank,20260924,4,-0.6086413072416741
feature_zscore,2,participation_rank,20260924,5,0.048312563786854744
feature_zscore,2,participation_rank,20260924,8,-0.288933767772847
feature_zscore,2,participation_rank,20260925,1,-0.4764826104930021
feature_zscore,2,participation_rank,20260925,2,-1.080194933007255
feature_zscore,2,participation_rank,20260925,3,-0.6160245056292178
feature_zscore,2,participation_rank,20260925,4,-4.6491742614240685
feature_zscore,2,participation_rank,20260925,5,-1.6924424769600948
feature_zscore,2,participation_rank,20260925,8,-1.5343481764861975
feature_zscore,2,participation_rank,20260926,1,0.4878044146463156
feature_zscore,2,participation_rank,20260926,2,-2.1885385839508626
feature_zscore,2,participation_rank,20260926,3,-2.0801309447774523
feature_zscore,2,participation_rank,20260926,4,-1.3264383926467962
feature_zscore,2,participation_rank,20260926,5,-0.28165671777805673
feature_zscore,2,participation_rank,20260926,8,0.11312543304640467
feature_zscore,2,participation_rank,20260927,1,-0.4808462938396438
feature_zscore,2,participation_rank,20260927,2,-2.4763316280138317
feature_zscore,2,participation_rank,20260927,3,-0.5169624106260128
feature_zscore,2,participation_rank,20260927,4,-0.6630110422512293
feature_zscore,2,participation_rank,20260927,5,-2.45035649411127
feature_zscore,2,participation_rank,20260927,8,-1.903209439232849
feature_zscore,2,participation_rank,20260928,1,0.1572640956372698
feature_zscore,2,participation_rank,20260928,2,0.021636590914893776
feature_zscore,2,participation_rank,20260928,3,-0.4984002404209505
feature_zscore,2,participation_rank,20260928,4,-0.15711385761644953
feature_zscore,2,participation_rank,20260928,5,-1.656338538622909
feature_zscore,2,participation_rank,20260928,8,-1.9947538120338077
feature_zscore,2,rank_fraction,20260924,1,-0.012234506856610731
feature_zscore,2,rank_fraction,20260924,2,-0.00048804491466078253
feature_zscore,2,rank_fraction,20260924,3,-0.0134283130598794
feature_zscore,2,rank_fraction,20260924,4,-0.009510020425651158
feature_zscore,2,rank_fraction,20260924,5,0.0007548838091696054
feature_zscore,2,rank_fraction,20260924,8,-0.004514590121450735
feature_zscore,2,rank_fraction,20260925,1,-0.007445040788953158
feature_zscore,2,rank_fraction,20260925,2,-0.01687804582823836
feature_zscore,2,rank_fraction,20260925,3,-0.009625382900456529
feature_zscore,2,rank_fraction,20260925,4,-0.07264334783475107
feature_zscore,2,rank_fraction,20260925,5,-0.02644441370250148
feature_zscore,2,rank_fraction,20260925,8,-0.023974190257596836
feature_zscore,2,rank_fraction,20260926,1,0.007621943978848681
feature_zscore,2,rank_fraction,20260926,2,-0.03419591537423223
feature_zscore,2,rank_fraction,20260926,3,-0.03250204601214769
feature_zscore,2,rank_fraction,20260926,4,-0.02072559988510619
feature_zscore,2,rank_fraction,20260926,5,-0.004400886215282136
feature_zscore,2,rank_fraction,20260926,8,0.001767584891350073
feature_zscore,2,rank_fraction,20260927,1,-0.007513223341244434
feature_zscore,2,rank_fraction,20260927,2,-0.03869268168771612
feature_zscore,2,rank_fraction,20260927,3,-0.00807753766603145
feature_zscore,2,rank_fraction,20260927,4,-0.010359547535175458
feature_zscore,2,rank_fraction,20260927,5,-0.03828682022048859
feature_zscore,2,rank_fraction,20260927,8,-0.029737647488013264
feature_zscore,2,rank_fraction,20260928,1,0.002457251494332341
feature_zscore,2,rank_fraction,20260928,2,0.00033807173304521525
feature_zscore,2,rank_fraction,20260928,3,-0.007787503756577351
feature_zscore,2,rank_fraction,20260928,4,-0.002454904025257024
feature_zscore,2,rank_fraction,20260928,5,-0.025880289665982954
feature_zscore,2,rank_fraction,20260928,8,-0.031168028313028246
feature_zscore,2,top_eigenvalue_share,20260924,1,0.01030319111778842
feature_zscore,2,top_eigenvalue_share,20260924,2,0.00019445938359880419
feature_zscore,2,top_eigenvalue_share,20260924,3,0.012080790535274487
feature_zscore,2,top_eigenvalue_share,20260924,4,0.004934757867211057
feature_zscore,2,top_eigenvalue_share,20260924,5,8.132974756698713e-05
feature_zscore,2,top_eigenvalue_share,20260924,8,0.0016922015930521427
feature_zscore,2,top_eigenvalue_share,20260925,1,-0.0027431247479877048
feature_zscore,2,top_eigenvalue_share,20260925,2,0.0048955433320098185
feature_zscore,2,top_eigenvalue_share,20260925,3,0.0001344191398787908
feature_zscore,2,top_eigenvalue_share,20260925,4,0.06714856351554348
feature_zscore,2,top_eigenvalue_share,20260925,5,0.019643150806059332
feature_zscore,2,top_eigenvalue_share,20260925,8,0.012955938373677197
feature_zscore,2,top_eigenvalue_share,20260926,1,-0.01409955509057694
feature_zscore,2,top_eigenvalue_share,20260926,2,0.04073869379342739
feature_zscore,2,top_eigenvalue_share,20260926,3,0.032840745731956854
feature_zscore,2,top_eigenvalue_share,20260926,4,0.0187958502162357
feature_zscore,2,top_eigenvalue_share,20260926,5,-0.005202900331439444
feature_zscore,2,top_eigenvalue_share,20260926,8,-0.0014614531313877166
feature_zscore,2,top_eigenvalue_share,20260927,1,0.0028323001468430393
feature_zscore,2,top_eigenvalue_share,20260927,2,0.038598830232933846
feature_zscore,2,top_eigenvalue_share,20260927,3,0.0005432873978540867
feature_zscore,2,top_eigenvalue_share,20260927,4,0.0007498097727149745
feature_zscore,2,top_eigenvalue_share,20260927,5,0.02879111626808153
feature_zscore,2,top_eigenvalue_share,20260927,8,0.025076485338141
feature_zscore,2,top_eigenvalue_share,20260928,1,-0.0029967688823336652
feature_zscore,2,top_eigenvalue_share,20260928,2,-0.0017471677512131694
feature_zscore,2,top_eigenvalue_share,20260928,3,0.003705024031336767
feature_zscore,2,top_eigenvalue_share,20260928,4,-0.00019675885536562116
feature_zscore,2,top_eigenvalue_share,20260928,5,0.014007221357730535
feature_zscore,2,top_eigenvalue_share,20260928,8,0.02400626458987103
feature_zscore,3,participation_rank,20260924,1,-1.926644258441606
feature_zscore,3,participation_rank,20260924,2,0.005603944468583944
feature_zscore,3,participation_rank,20260924,3,-0.8630773355158179
feature_zscore,3,participation_rank,20260924,4,-0.7401869716528862
feature_zscore,3,participation_rank,20260924,5,-0.15591330025121383
feature_zscore,3,participation_rank,20260924,8,-0.3308785765854806
feature_zscore,3,participation_rank,20260925,1,-1.238719877389794
feature_zscore,3,participation_rank,20260925,2,-1.613564094227866
feature_zscore,3,participation_rank,20260925,3,-1.0789838649970307
feature_zscore,3,participation_rank,20260925,4,-4.270289133559364
feature_zscore,3,participation_rank,20260925,5,-2.453817172066668
feature_zscore,3,participation_rank,20260925,8,-1.4199880032709253
feature_zscore,3,participation_rank,20260926,1,-0.3860385613730949
feature_zscore,3,participation_rank,20260926,2,-3.1075309678671506
feature_zscore,3,participation_rank,20260926,3,-3.2605093252543624
feature_zscore,3,participation_rank,20260926,4,-2.0993963975730683
feature_zscore,3,participation_rank,20260926,5,-0.9078864587884297
feature_zscore,3,participation_rank,20260926,8,0.21093784977340374
feature_zscore,3,participation_rank,20260927,1,-1.9137115230721444
feature_zscore,3,participation_rank,20260927,2,-3.578109769552293
feature_zscore,3,participation_rank,20260927,3,-1.7723980307700486
feature_zscore,3,participation_rank,20260927,4,-1.9275192117922026
feature_zscore,3,participation_rank,20260927,5,-2.5988149148342243
feature_zscore,3,participation_rank,20260927,8,-2.657845885750214
feature_zscore,3,participation_rank,20260928,1,-0.11246397578571744
feature_zscore,3,participation_rank,20260928,2,0.3521711440712868
feature_zscore,3,participation_rank,20260928,3,-0.19921256396731374
feature_zscore,3,participation_rank,20260928,4,-0.22349620808829535
feature_zscore,3,participation_rank,20260928,5,-2.663350403919269
feature_zscore,3,participation_rank,20260928,8,-2.4677370362532876
feature_zscore,3,rank_fraction,20260924,1,-0.060207633076300185
feature_zscore,3,rank_fraction,20260924,2,0.00017512326464324824
feature_zscore,3,rank_fraction,20260924,3,-0.02697116673486931
feature_zscore,3,rank_fraction,20260924,4,-0.023130842864152693
feature_zscore,3,rank_fraction,20260924,5,-0.004872290632850432
feature_zscore,3,rank_fraction,20260924,8,-0.010339955518296268
feature_zscore,3,rank_fraction,20260925,1,-0.038709996168431064
feature_zscore,3,rank_fraction,20260925,2,-0.05042387794462081
feature_zscore,3,rank_fraction,20260925,3,-0.03371824578115721
feature_zscore,3,rank_fraction,20260925,4,-0.1334465354237301
feature_zscore,3,rank_fraction,20260925,5,-0.07668178662708337
feature_zscore,3,rank_fraction,20260925,8,-0.04437462510221642
feature_zscore,3,rank_fraction,20260926,1,-0.012063705042909215
feature_zscore,3,rank_fraction,20260926,2,-0.09711034274584845
feature_zscore,3,rank_fraction,20260926,3,-0.10189091641419883
feature_zscore,3,rank_fraction,20260926,4,-0.06560613742415838
feature_zscore,3,rank_fraction,20260926,5,-0.028371451837138427
feature_zscore,3,rank_fraction,20260926,8,0.006591807805418867
feature_zscore,3,rank_fraction,20260927,1,-0.05980348509600451
feature_zscore,3,rank_fraction,20260927,2,-0.11181593029850916
feature_zscore,3,rank_fraction,20260927,3,-0.05538743846156402
feature_zscore,3,rank_fraction,20260927,4,-0.06023497536850633
feature_zscore,3,rank_fraction,20260927,5,-0.08121296608856951
feature_zscore,3,rank_fraction,20260927,8,-0.08305768392969419
feature_zscore,3,rank_fraction,20260928,1,-0.00351449924330367
feature_zscore,3,rank_fraction,20260928,2,0.011005348252227713
feature_zscore,3,rank_fraction,20260928,3,-0.006225392623978554
feature_zscore,3,rank_fraction,20260928,4,-0.0069842565027592295
feature_zscore,3,rank_fraction,20260928,5,-0.08322970012247716
feature_zscore,3,rank_fraction,20260928,8,-0.07711678238291524
feature_zscore,3,top_eigenvalue_share,20260924,1,0.04936296554550206
feature_zscore,3,top_eigenvalue_share,20260924,2,-0.004206342828780224
feature_zscore,3,top_eigenvalue_share,20260924,3,0.012277677923730062
feature_zscore,3,top_eigenvalue_share,20260924,4,0.005261047421919455
feature_zscore,3,top_eigenvalue_share,20260924,5,-0.0054609512547364935
feature_zscore,3,top_eigenvalue_share,20260924,8,-0.0028821021550111516
feature_zscore,3,top_eigenvalue_share,20260925,1,0.024326791292151474
feature_zscore,3,top_eigenvalue_share,20260925,2,0.02676658911500996
feature_zscore,3,top_eigenvalue_share,20260925,3,0.011309803332922464
feature_zscore,3,top_eigenvalue_share,20260925,4,0.11002424227239249
feature_zscore,3,top_eigenvalue_share,20260925,5,0.046559346545411655
feature_zscore,3,top_eigenvalue_share,20260925,8,0.01486445334073334
feature_zscore,3,top_eigenvalue_share,20260926,1,-0.00934063265107357
feature_zscore,3,top_eigenvalue_share,20260926,2,0.09639227389536072
feature_zscore,3,top_eigenvalue_share,20260926,3,0.09661829665093992
feature_zscore,3,top_eigenvalue_share,20260926,4,0.05128481390805015
feature_zscore,3,top_eigenvalue_share,20260926,5,0.006544701095549168
feature_zscore,3,top_eigenvalue_share,20260926,8,-0.004399159596414043
feature_zscore,3,top_eigenvalue_share,20260927,1,0.0614944408757774
feature_zscore,3,top_eigenvalue_share,20260927,2,0.11517657282997158
feature_zscore,3,top_eigenvalue_share,20260927,3,0.04779830504410994
feature_zscore,3,top_eigenvalue_share,20260927,4,0.03889558513394107
feature_zscore,3,top_eigenvalue_share,20260927,5,0.06655355381192266
feature_zscore,3,top_eigenvalue_share,20260927,8,0.06898299449898454
feature_zscore,3,top_eigenvalue_share,20260928,1,-0.0064703963785125666
feature_zscore,3,top_eigenvalue_share,20260928,2,-0.018091815166372364
feature_zscore,3,top_eigenvalue_share,20260928,3,-0.011048923879309891
feature_zscore,3,top_eigenvalue_share,20260928,4,-0.01638667610748818
feature_zscore,3,top_eigenvalue_share,20260928,5,0.05265146886183411
feature_zscore,3,top_eigenvalue_share,20260928,8,0.06374517200773967
row_l2_centered,1,participation_rank,20260924,1,1.1746193472257553
row_l2_centered,1,participation_rank,20260924,2,0.20757926835053714
row_l2_centered,1,participation_rank,20260924,3,0.06727356449874643
row_l2_centered,1,participation_rank,20260924,4,-0.14957360592957186
row_l2_centered,1,participation_rank,20260924,5,-0.06775239347386813
row_l2_centered,1,participation_rank,20260924,8,0.010840714164713697
row_l2_centered,1,participation_rank,20260925,1,0.7511754165637616
row_l2_centered,1,participation_rank,20260925,2,0.24213959133549187
row_l2_centered,1,participation_rank,20260925,3,0.15052677243955867
row_l2_centered,1,participation_rank,20260925,4,-1.3021673356253345
row_l2_centered,1,participation_rank,20260925,5,-0.21059050496175194
row_l2_centered,1,participation_rank,20260925,8,-0.6559062828375786
row_l2_centered,1,participation_rank,20260926,1,0.341936140233427
row_l2_centered,1,participation_rank,20260926,2,-0.5855289370012596
row_l2_centered,1,participation_rank,20260926,3,-0.5663394407427533
row_l2_centered,1,participation_rank,20260926,4,-0.5992886505387032
row_l2_centered,1,participation_rank,20260926,5,-0.3502548433700318
row_l2_centered,1,participation_rank,20260926,8,0.02618913655438222
row_l2_centered,1,participation_rank,20260927,1,0.4084591401445973
row_l2_centered,1,participation_rank,20260927,2,-0.6314591384738409
row_l2_centered,1,participation_rank,20260927,3,0.09736376780706876
row_l2_centered,1,participation_rank,20260927,4,-0.1905155668504484
row_l2_centered,1,participation_rank,20260927,5,-0.7831596242753759
row_l2_centered,1,participation_rank,20260927,8,-0.5885371449708472
row_l2_centered,1,participation_rank,20260928,1,0.20149659940537032
row_l2_centered,1,participation_rank,20260928,2,0.1475569175748479
row_l2_centered,1,participation_rank,20260928,3,-0.031867319031289504
row_l2_centered,1,participation_rank,20260928,4,-0.0595547803627641
row_l2_centered,1,participation_rank,20260928,5,-0.7884765210384026
row_l2_centered,1,participation_rank,20260928,8,-0.4178566424484988
row_l2_centered,1,rank_fraction,20260924,1,0.009176713650201214
row_l2_centered,1,rank_fraction,20260924,2,0.0016217130339885714
row_l2_centered,1,rank_fraction,20260924,3,0.0005255747226464565
row_l2_centered,1,rank_fraction,20260924,4,-0.0011685437963247802
row_l2_centered,1,rank_fraction,20260924,5,-0.0005293155740145948
row_l2_centered,1,rank_fraction,20260924,8,8.469307941182576e-05
row_l2_centered,1,rank_fraction,20260925,1,0.005868557941904388
row_l2_centered,1,rank_fraction,20260925,2,0.0018917155573085302
row_l2_centered,1,rank_fraction,20260925,3,0.0011759904096840521
row_l2_centered,1,rank_fraction,20260925,4,-0.010173182309572926
row_l2_centered,1,rank_fraction,20260925,5,-0.001645238320013687
row_l2_centered,1,rank_fraction,20260925,8,-0.005124267834668583
row_l2_centered,1,rank_fraction,20260926,1,0.0026713760955736484
row_l2_centered,1,rank_fraction,20260926,2,-0.004574444820322341
row_l2_centered,1,rank_fraction,20260926,3,-0.00442452688080276
row_l2_centered,1,rank_fraction,20260926,4,-0.0046819425823336185
row_l2_centered,1,rank_fraction,20260926,5,-0.0027363659638283736
row_l2_centered,1,rank_fraction,20260926,8,0.00020460262933111109
row_l2_centered,1,rank_fraction,20260927,1,0.0031910870323796662
row_l2_centered,1,rank_fraction,20260927,2,-0.004933274519326882
row_l2_centered,1,rank_fraction,20260927,3,0.0007606544359927247
row_l2_centered,1,rank_fraction,20260927,4,-0.0014884028660191282
row_l2_centered,1,rank_fraction,20260927,5,-0.006118434564651374
row_l2_centered,1,rank_fraction,20260927,8,-0.004597946445084744
row_l2_centered,1,rank_fraction,20260928,1,0.0015741921828544556
row_l2_centered,1,rank_fraction,20260928,2,0.0011527884185534992
row_l2_centered,1,rank_fraction,20260928,3,-0.00024896342993194925
row_l2_centered,1,rank_fraction,20260928,4,-0.0004652717215840945
row_l2_centered,1,rank_fraction,20260928,5,-0.00615997282061252
row_l2_centered,1,rank_fraction,20260928,8,-0.003264505019128897
row_l2_centered,1,top_eigenvalue_share,20260924,1,-0.012725590306171814
row_l2_centered,1,top_eigenvalue_share,20260924,2,-0.0026999629062362755
row_l2_centered,1,top_eigenvalue_share,20260924,3,-0.001818181606207355
row_l2_centered,1,top_eigenvalue_share,20260924,4,3.742354427229214e-06
row_l2_centered,1,top_eigenvalue_share,20260924,5,-0.0005179886505507328
row_l2_centered,1,top_eigenvalue_share,20260924,8,-0.00038489035886681136
row_l2_centered,1,top_eigenvalue_share,20260925,1,-0.006754499154076146
row_l2_centered,1,top_eigenvalue_share,20260925,2,-0.0038944847947159724
row_l2_centered,1,top_eigenvalue_share,20260925,3,-0.0010255714686992505
row_l2_centered,1,top_eigenvalue_share,20260925,4,0.012556686574263003
row_l2_centered,1,top_eigenvalue_share,20260925,5,-5.964374741678098e-05
row_l2_centered,1,top_eigenvalue_share,20260925,8,0.006336876437495396
row_l2_centered,1,top_eigenvalue_share,20260926,1,-0.0035608169349091107
row_l2_centered,1,top_eigenvalue_share,20260926,2,0.004409309360953963
row_l2_centered,1,top_eigenvalue_share,20260926,3,0.002941282280381366
row_l2_centered,1,top_eigenvalue_share,20260926,4,0.002994208493715501
row_l2_centered,1,top_eigenvalue_share,20260926,5,0.0008877151830073699
row_l2_centered,1,top_eigenvalue_share,20260926,8,-0.0004327354627893546
row_l2_centered,1,top_eigenvalue_share,20260927,1,-0.004647444693873116
row_l2_centered,1,top_eigenvalue_share,20260927,2,0.006077100999389749
row_l2_centered,1,top_eigenvalue_share,20260927,3,-0.00041445827810227556
row_l2_centered,1,top_eigenvalue_share,20260927,4,0.0016522034982419589
row_l2_centered,1,top_eigenvalue_share,20260927,5,0.006177949269143393
row_l2_centered,1,top_eigenvalue_share,20260927,8,0.004509648605872735
row_l2_centered,1,top_eigenvalue_share,20260928,1,-0.001977102846741568
row_l2_centered,1,top_eigenvalue_share,20260928,2,-0.002130355585421962
row_l2_centered,1,top_eigenvalue_share,20260928,3,0.0008132010531608925
row_l2_centered,1,top_eigenvalue_share,20260928,4,0.0011151835279068453
row_l2_centered,1,top_eigenvalue_share,20260928,5,0.006370899605175877
row_l2_centered,1,top_eigenvalue_share,20260928,8,-0.0008374960331083349
row_l2_centered,2,participation_rank,20260924,1,-0.37230535749336213
row_l2_centered,2,participation_rank,20260924,2,0.2146571029843308
row_l2_centered,2,participation_rank,20260924,3,-0.406866009933573
row_l2_centered,2,participation_rank,20260924,4,-0.36028523107833016
row_l2_centered,2,participation_rank,20260924,5,0.14901619575546157
row_l2_centered,2,participation_rank,20260924,8,-0.21878164455874016
row_l2_centered,2,participation_rank,20260925,1,-0.24680395198169638
row_l2_centered,2,participation_rank,20260925,2,-0.9063068270799299
row_l2_centered,2,participation_rank,20260925,3,-0.738936164725282
row_l2_centered,2,participation_rank,20260925,4,-4.941419115446825
row_l2_centered,2,participation_rank,20260925,5,-1.7472926585377733
row_l2_centered,2,participation_rank,20260925,8,-1.3726417061222638
row_l2_centered,2,participation_rank,20260926,1,0.462775933692577
row_l2_centered,2,participation_rank,20260926,2,-2.0129773380092275
row_l2_centered,2,participation_rank,20260926,3,-1.326663731854084
row_l2_centered,2,participation_rank,20260926,4,-1.4069756217249998
row_l2_centered,2,participation_rank,20260926,5,-0.4735702410880175
row_l2_centered,2,participation_rank,20260926,8,0.055064396962567055
row_l2_centered,2,participation_rank,20260927,1,-0.6856792361560837
row_l2_centered,2,participation_rank,20260927,2,-2.6877725698553925
row_l2_centered,2,participation_rank,20260927,3,-0.6349711435880043
row_l2_centered,2,participation_rank,20260927,4,-1.0305123753796868
row_l2_centered,2,participation_rank,20260927,5,-2.869279033013269
row_l2_centered,2,participation_rank,20260927,8,-2.218969786220988
row_l2_centered,2,participation_rank,20260928,1,0.1531069104137064
row_l2_centered,2,participation_rank,20260928,2,0.09057717601035686
row_l2_centered,2,participation_rank,20260928,3,-0.5111376519912006
row_l2_centered,2,participation_rank,20260928,4,-0.2735720274923536
row_l2_centered,2,participation_rank,20260928,5,-2.4507189846948125
row_l2_centered,2,participation_rank,20260928,8,-1.9572593479977884
row_l2_centered,2,rank_fraction,20260924,1,-0.005817271210833783
row_l2_centered,2,rank_fraction,20260924,2,0.0033540172341301687
row_l2_centered,2,rank_fraction,20260924,3,-0.0063572814052120785
row_l2_centered,2,rank_fraction,20260924,4,-0.005629456735598909
row_l2_centered,2,rank_fraction,20260924,5,0.002328378058679087
row_l2_centered,2,rank_fraction,20260924,8,-0.003418463196230315
row_l2_centered,2,rank_fraction,20260925,1,-0.003856311749714006
row_l2_centered,2,rank_fraction,20260925,2,-0.014161044173123905
row_l2_centered,2,rank_fraction,20260925,3,-0.011545877573832531
row_l2_centered,2,rank_fraction,20260925,4,-0.07720967367885664
row_l2_centered,2,rank_fraction,20260925,5,-0.027301447789652707
row_l2_centered,2,rank_fraction,20260925,8,-0.02144752665816037
row_l2_centered,2,rank_fraction,20260926,1,0.007230873963946516
row_l2_centered,2,rank_fraction,20260926,2,-0.03145277090639418
row_l2_centered,2,rank_fraction,20260926,3,-0.02072912081022006
row_l2_centered,2,rank_fraction,20260926,4,-0.021983994089453122
row_l2_centered,2,rank_fraction,20260926,5,-0.007399535017000273
row_l2_centered,2,rank_fraction,20260926,8,0.0008603812025401102
row_l2_centered,2,rank_fraction,20260927,1,-0.010713738064938808
row_l2_centered,2,rank_fraction,20260927,2,-0.04199644640399051
row_l2_centered,2,rank_fraction,20260927,3,-0.009921424118562568
row_l2_centered,2,rank_fraction,20260927,4,-0.016101755865307606
row_l2_centered,2,rank_fraction,20260927,5,-0.04483248489083233
row_l2_centered,2,rank_fraction,20260927,8,-0.034671402909702935
row_l2_centered,2,rank_fraction,20260928,1,0.0023922954752141623
row_l2_centered,2,rank_fraction,20260928,2,0.001415268375161826
row_l2_centered,2,rank_fraction,20260928,3,-0.00798652581236251
row_l2_centered,2,rank_fraction,20260928,4,-0.004274562929568025
row_l2_centered,2,rank_fraction,20260928,5,-0.038292484135856446
row_l2_centered,2,rank_fraction,20260928,8,-0.030582177312465444
row_l2_centered,2,top_eigenvalue_share,20260924,1,0.0024668950559399707
row_l2_centered,2,top_eigenvalue_share,20260924,2,-0.006972309784101612
row_l2_centered,2,top_eigenvalue_share,20260924,3,0.003986116141226612
row_l2_centered,2,top_eigenvalue_share,20260924,4,0.0017003721779117564
row_l2_centered,2,top_eigenvalue_share,20260924,5,-0.0019995529768815417
row_l2_centered,2,top_eigenvalue_share,20260924,8,0.001312567237335495
row_l2_centered,2,top_eigenvalue_share,20260925,1,-0.005859932997544397
row_l2_centered,2,top_eigenvalue_share,20260925,2,0.0025427433244230597
row_l2_centered,2,top_eigenvalue_share,20260925,3,0.004773029755781768
row_l2_centered,2,top_eigenvalue_share,20260925,4,0.07710504205200296
row_l2_centered,2,top_eigenvalue_share,20260925,5,0.020886673833990885
row_l2_centered,2,top_eigenvalue_share,20260925,8,0.011346654465006767
row_l2_centered,2,top_eigenvalue_share,20260926,1,-0.013504664136314518
row_l2_centered,2,top_eigenvalue_share,20260926,2,0.0451310670352053
row_l2_centered,2,top_eigenvalue_share,20260926,3,0.023311894673724836
row_l2_centered,2,top_eigenvalue_share,20260926,4,0.024478651754421633
row_l2_centered,2,top_eigenvalue_share,20260926,5,0.001150408034463683
row_l2_centered,2,top_eigenvalue_share,20260926,8,-0.0011177959229371588
row_l2_centered,2,top_eigenvalue_share,20260927,1,0.0024392377180933247
row_l2_centered,2,top_eigenvalue_share,20260927,2,0.042297958753836365
row_l2_centered,2,top_eigenvalue_share,20260927,3,0.0016866502940364304
row_l2_centered,2,top_eigenvalue_share,20260927,4,0.004826320266909256
row_l2_centered,2,top_eigenvalue_share,20260927,5,0.03686130871326949
row_l2_centered,2,top_eigenvalue_share,20260927,8,0.028337248587953293
row_l2_centered,2,top_eigenvalue_share,20260928,1,-0.0037046853097084534
row_l2_centered,2,top_eigenvalue_share,20260928,2,-0.002470567443872147
row_l2_centered,2,top_eigenvalue_share,20260928,3,0.00532466014576856
row_l2_centered,2,top_eigenvalue_share,20260928,4,0.00040926890931721263
row_l2_centered,2,top_eigenvalue_share,20260928,5,0.03004531825881723
row_l2_centered,2,top_eigenvalue_share,20260928,8,0.028260281943366914
row_l2_centered,3,participation_rank,20260924,1,-2.4497100095003708
row_l2_centered,3,participation_rank,20260924,2,-0.05293041635611941
row_l2_centered,3,participation_rank,20260924,3,-1.1691407965141836
row_l2_centered,3,participation_rank,20260924,4,-0.7600976253587975
row_l2_centered,3,participation_rank,20260924,5,0.0845640631066038
row_l2_centered,3,participation_rank,20260924,8,-0.272720032833181
row_l2_centered,3,participation_rank,20260925,1,-1.3073721475614126
row_l2_centered,3,participation_rank,20260925,2,-1.8592793729376766
row_l2_centered,3,participation_rank,20260925,3,-1.3926578458397028
row_l2_centered,3,participation_rank,20260925,4,-5.326030999253114
row_l2_centered,3,participation_rank,20260925,5,-2.2755978103610355
row_l2_centered,3,participation_rank,20260925,8,-1.1681084329782214
row_l2_centered,3,participation_rank,20260926,1,0.1621622826781369
row_l2_centered,3,participation_rank,20260926,2,-3.720302147264398
row_l2_centered,3,participation_rank,20260926,3,-3.4509612159034075
row_l2_centered,3,participation_rank,20260926,4,-2.018389510004512
row_l2_centered,3,participation_rank,20260926,5,-0.8186068170592549
row_l2_centered,3,participation_rank,20260926,8,0.3136444457594594
row_l2_centered,3,participation_rank,20260927,1,-2.355084057589646
row_l2_centered,3,participation_rank,20260927,2,-4.468165284948051
row_l2_centered,3,participation_rank,20260927,3,-1.6791159760952357
row_l2_centered,3,participation_rank,20260927,4,-1.996003500243304
row_l2_centered,3,participation_rank,20260927,5,-3.333362563989681
row_l2_centered,3,participation_rank,20260927,8,-2.448334615002515
row_l2_centered,3,participation_rank,20260928,1,-0.024515198046871262
row_l2_centered,3,participation_rank,20260928,2,0.30912927017295366
row_l2_centered,3,participation_rank,20260928,3,-0.4770775443433379
row_l2_centered,3,participation_rank,20260928,4,-0.2565213162049814
row_l2_centered,3,participation_rank,20260928,5,-2.6914465722213325
row_l2_centered,3,participation_rank,20260928,8,-2.7270695886605676
row_l2_centered,3,rank_fraction,20260924,1,-0.07655343779688659
row_l2_centered,3,rank_fraction,20260924,2,-0.0016540755111287316
row_l2_centered,3,rank_fraction,20260924,3,-0.036535649891068236
row_l2_centered,3,rank_fraction,20260924,4,-0.023753050792462423
row_l2_centered,3,rank_fraction,20260924,5,0.002642626972081369
row_l2_centered,3,rank_fraction,20260924,8,-0.008522501026036907
row_l2_centered,3,rank_fraction,20260925,1,-0.040855379611294144
row_l2_centered,3,rank_fraction,20260925,2,-0.058102480404302395
row_l2_centered,3,rank_fraction,20260925,3,-0.04352055768249071
row_l2_centered,3,rank_fraction,20260925,4,-0.16643846872665982
row_l2_centered,3,rank_fraction,20260925,5,-0.07111243157378236
row_l2_centered,3,rank_fraction,20260925,8,-0.03650338853056942
row_l2_centered,3,rank_fraction,20260926,1,0.005067571333691778
row_l2_centered,3,rank_fraction,20260926,2,-0.11625944210201243
row_l2_centered,3,rank_fraction,20260926,3,-0.10784253799698149
row_l2_centered,3,rank_fraction,20260926,4,-0.063074672187641
row_l2_centered,3,rank_fraction,20260926,5,-0.025581463033101715
row_l2_centered,3,rank_fraction,20260926,8,0.009801388929983106
row_l2_centered,3,rank_fraction,20260927,1,-0.07359637679967644
row_l2_centered,3,rank_fraction,20260927,2,-0.1396301651546266
row_l2_centered,3,rank_fraction,20260927,3,-0.052472374252976114
row_l2_centered,3,rank_fraction,20260927,4,-0.06237510938260325
row_l2_centered,3,rank_fraction,20260927,5,-0.10416758012467753
row_l2_centered,3,rank_fraction,20260927,8,-0.0765104567188286
row_l2_centered,3,rank_fraction,20260928,1,-0.000766099938964727
row_l2_centered,3,rank_fraction,20260928,2,0.009660289692904802
row_l2_centered,3,rank_fraction,20260928,3,-0.014908673260729309
row_l2_centered,3,rank_fraction,20260928,4,-0.00801629113140567
row_l2_centered,3,rank_fraction,20260928,5,-0.08410770538191664
row_l2_centered,3,rank_fraction,20260928,8,-0.08522092464564274
row_l2_centered,3,top_eigenvalue_share,20260924,1,0.07613777981617487
row_l2_centered,3,top_eigenvalue_share,20260924,2,0.0110137299961332
row_l2_centered,3,top_eigenvalue_share,20260924,3,0.02940305832080355
row_l2_centered,3,top_eigenvalue_share,20260924,4,0.008035443188022887
row_l2_centered,3,top_eigenvalue_share,20260924,5,-0.010964237292275629
row_l2_centered,3,top_eigenvalue_share,20260924,8,-0.003414713320014565
row_l2_centered,3,top_eigenvalue_share,20260925,1,0.03289665228515657
row_l2_centered,3,top_eigenvalue_share,20260925,2,0.03998414209884882
row_l2_centered,3,top_eigenvalue_share,20260925,3,0.019070369834964955
row_l2_centered,3,top_eigenvalue_share,20260925,4,0.1758145424176652
row_l2_centered,3,top_eigenvalue_share,20260925,5,0.049150516204335984
row_l2_centered,3,top_eigenvalue_share,20260925,8,0.009956453390374457
row_l2_centered,3,top_eigenvalue_share,20260926,1,-0.022643909539172734
row_l2_centered,3,top_eigenvalue_share,20260926,2,0.1600586841754304
row_l2_centered,3,top_eigenvalue_share,20260926,3,0.13882633004865194
row_l2_centered,3,top_eigenvalue_share,20260926,4,0.07041894142082071
row_l2_centered,3,top_eigenvalue_share,20260926,5,0.008434634404380836
row_l2_centered,3,top_eigenvalue_share,20260926,8,-0.009084425256157158
row_l2_centered,3,top_eigenvalue_share,20260927,1,0.0740994232898441
row_l2_centered,3,top_eigenvalue_share,20260927,2,0.1584045652203358
row_l2_centered,3,top_eigenvalue_share,20260927,3,0.033350958625967146
row_l2_centered,3,top_eigenvalue_share,20260927,4,0.03961089961582342
row_l2_centered,3,top_eigenvalue_share,20260927,5,0.10174871439594989
row_l2_centered,3,top_eigenvalue_share,20260927,8,0.06742077236419794
row_l2_centered,3,top_eigenvalue_share,20260928,1,-0.006403043721401086
row_l2_centered,3,top_eigenvalue_share,20260928,2,-0.015305293733064032
row_l2_centered,3,top_eigenvalue_share,20260928,3,-0.0104392900571827
row_l2_centered,3,top_eigenvalue_share,20260928,4,-0.020133879617918318
row_l2_centered,3,top_eigenvalue_share,20260928,5,0.052056740660923216
row_l2_centered,3,top_eigenvalue_share,20260928,8,0.08463691982721756
