mechanism,level,exact_rate,under_rate,over_rate,mean_absolute_error
evaluation,feasible,0.32610185185185186,0.33870949074074075,0.3351886574074074,1.6928912037037036
evaluation,oracle,0.6421458333333333,0.35785416666666664,0.0,0.7596840277777778
months,72,0.3813333333333333,0.46194270833333334,0.15672395833333333,1.5257864583333334
months,240,0.48871875000000004,0.3435746527777778,0.16770659722222223,1.1969652777777777
months,600,0.5823194444444444,0.239328125,0.17835243055555552,0.956111111111111
signal,strong,0.5991215277777777,0.22138425925925925,0.17949421296296297,0.9003796296296296
signal,weak,0.3691261574074074,0.47517939814814814,0.15569444444444444,1.552195601851852
spanning,full,0.5442349537037037,0.28633333333333333,0.16943171296296294,1.1054502314814814
spanning,weak_tail,0.42401273148148144,0.41023032407407406,0.16575694444444444,1.347125
true_dimension,1,0.7416649305555555,0.0,0.25833506944444445,0.7754131944444445
true_dimension,3,0.3797413194444444,0.44947569444444446,0.1707829861111111,1.1196180555555555
true_dimension,5,0.3309652777777778,0.5953697916666666,0.07366493055555554,1.783831597222222
asset_count,25,0.4679583333333333,0.36697569444444444,0.1650659722222222,1.257357638888889
asset_count,74,0.5002893518518519,0.329587962962963,0.17012268518518517,1.1952175925925925
rho,0.0,0.47015277777777775,0.36783217592592593,0.1620150462962963,1.2586909722222221
rho,0.7,0.4980949074074074,0.32873148148148146,0.1731736111111111,1.1938842592592591
geometry,equal,0.4665821759259259,0.35120833333333334,0.18220949074074072,1.3369930555555554
geometry,hj,0.5016655092592592,0.3453553240740741,0.15297916666666667,1.115582175925926
