asset_family,asset_label,best_K_gamma0,best_K_gamma1,A_raw,A_low,A_high,attenuation,atten_low,atten_high,completion_raw,raw_low,raw_high,completion_alpha,alpha_low,alpha_high
size_bm_25,25 Size–B/M,1,1,-4.761638148,-18.75724225,1.121405998,3.523634285,-8.14746066,15.29820164,0.04210089838,-0.0280352162,0.07261115023,0.02091503496,-0.1785400731,0.07125067716
industry_49,49 Industries,1,1,-6.615347506,-21.31546188,4.447745905,3.284532691,-5.107511906,16.68110359,0.02805192851,-0.01817890417,0.05462856886,-0.003424118764,-0.1284768388,0.02649254418
size_op_25,25 Size–OP,1,1,-5.41751632,-20.15666303,-1.565980842,1.972450674,-16.46615888,15.77339641,0.03549385719,-0.03056593366,0.07071035924,0.01710838187,-0.1906693539,0.05734863506
size_inv_25,25 Size–Inv,1,1,-5.000386233,-18.7854869,1.109517311,3.541999829,-8.881214133,16.65640926,0.03816897554,-0.03031745293,0.07060550894,0.01073433022,-0.1841297707,0.0626969261
size_mom_25,25 Size–Mom,1,1,-5.11786036,-20.16200964,2.019294988,2.367456504,-5.113415862,17.40140204,0.04622772834,-0.02943676015,0.08101738845,0.02405231613,-0.1758405837,0.0693708069
size_accruals_25,25 Size–Accruals,1,8,-5.902240576,-20.98663904,1.151788618,4.992483449,-14.19420433,18.37189539,0.02985901615,-0.04729814011,0.06891700885,-0.01131350771,-0.2089266945,0.05049725584
size_beta_25,25 Size–Beta,1,1,-4.358872584,-18.31983787,2.13762255,3.974042856,-8.276616015,16.33230675,0.03853223049,-0.03662610484,0.06780532819,0.00593009224,-0.1898849762,0.05861023872
size_resvar_25,25 Size–Residual variance,1,8,-5.844398293,-20.71394453,2.357348177,4.398841333,-6.179609156,18.07932753,0.04073036371,-0.03346690317,0.07590990562,0.02182524287,-0.2025668466,0.06208752324
combined_74,Combined 74,1,1,-12.03714173,-38.51779828,4.114662048,6.476304842,-10.68025385,31.7360518,0.03279820211,-0.02150053955,0.06157934273,0.004798568306,-0.1434112472,0.04098456005
