asset_family,asset_label,gamma,spearman_rho,spearman_p,kendall_tau,kendall_p,best_K_core92,best_K_core86,exact_best_K_agreement
size_bm_25,25 Size–B/M,0,-0.3714285714,0.4684781341,-0.3333333333,0.4694444444,5,2,False
size_bm_25,25 Size–B/M,0.05,-0.3714285714,0.4684781341,-0.3333333333,0.4694444444,5,2,False
size_bm_25,25 Size–B/M,0.1,-0.3714285714,0.4684781341,-0.3333333333,0.4694444444,5,2,False
size_bm_25,25 Size–B/M,0.15,-0.3714285714,0.4684781341,-0.3333333333,0.4694444444,5,2,False
size_bm_25,25 Size–B/M,0.2,-0.3714285714,0.4684781341,-0.3333333333,0.4694444444,5,2,False
size_bm_25,25 Size–B/M,0.25,-0.3714285714,0.4684781341,-0.3333333333,0.4694444444,5,2,False
size_bm_25,25 Size–B/M,0.3,-0.3714285714,0.4684781341,-0.3333333333,0.4694444444,5,2,False
size_bm_25,25 Size–B/M,0.35,-0.3714285714,0.4684781341,-0.3333333333,0.4694444444,5,2,False
size_bm_25,25 Size–B/M,0.4,-0.6,0.208,-0.4666666667,0.2722222222,5,2,False
size_bm_25,25 Size–B/M,0.45,-0.6,0.208,-0.4666666667,0.2722222222,5,2,False
size_bm_25,25 Size–B/M,0.5,-0.6,0.208,-0.4666666667,0.2722222222,5,2,False
size_bm_25,25 Size–B/M,0.55,-0.4857142857,0.3287230321,-0.3333333333,0.4694444444,5,2,False
size_bm_25,25 Size–B/M,0.6,-0.4857142857,0.3287230321,-0.3333333333,0.4694444444,5,2,False
size_bm_25,25 Size–B/M,0.65,-0.4857142857,0.3287230321,-0.3333333333,0.4694444444,5,2,False
size_bm_25,25 Size–B/M,0.7,-0.4857142857,0.3287230321,-0.3333333333,0.4694444444,5,2,False
size_bm_25,25 Size–B/M,0.75,-0.4285714286,0.3965014577,-0.2,0.7194444444,5,8,False
size_bm_25,25 Size–B/M,0.8,-0.3714285714,0.4684781341,-0.06666666667,1,4,8,False
size_bm_25,25 Size–B/M,0.85,0.08571428571,0.8717434402,0.06666666667,1,8,8,True
size_bm_25,25 Size–B/M,0.9,0.08571428571,0.8717434402,0.06666666667,1,8,8,True
size_bm_25,25 Size–B/M,0.95,-0.02857142857,0.957154519,0.06666666667,1,8,2,False
size_bm_25,25 Size–B/M,1,-0.08571428571,0.8717434402,-0.06666666667,1,8,1,False
industry_49,49 Industries,0,-0.3714285714,0.4684781341,-0.3333333333,0.4694444444,5,2,False
industry_49,49 Industries,0.05,-0.3714285714,0.4684781341,-0.3333333333,0.4694444444,5,2,False
industry_49,49 Industries,0.1,-0.3714285714,0.4684781341,-0.3333333333,0.4694444444,5,2,False
industry_49,49 Industries,0.15,-0.2571428571,0.622787172,-0.2,0.7194444444,4,2,False
industry_49,49 Industries,0.2,-0.2571428571,0.622787172,-0.2,0.7194444444,4,2,False
industry_49,49 Industries,0.25,-0.2571428571,0.622787172,-0.2,0.7194444444,4,2,False
industry_49,49 Industries,0.3,-0.2571428571,0.622787172,-0.2,0.7194444444,4,2,False
industry_49,49 Industries,0.35,-0.2571428571,0.622787172,-0.2,0.7194444444,4,2,False
industry_49,49 Industries,0.4,-0.2571428571,0.622787172,-0.2,0.7194444444,4,2,False
industry_49,49 Industries,0.45,-0.2571428571,0.622787172,-0.2,0.7194444444,4,2,False
industry_49,49 Industries,0.5,-0.3142857143,0.5440932945,-0.3333333333,0.4694444444,4,3,False
industry_49,49 Industries,0.55,-0.1428571429,0.7871720117,-0.2,0.7194444444,4,3,False
industry_49,49 Industries,0.6,-0.08571428571,0.8717434402,-0.06666666667,1,4,3,False
industry_49,49 Industries,0.65,0.08571428571,0.8717434402,0.06666666667,1,4,3,False
industry_49,49 Industries,0.7,-0.2,0.704,-0.06666666667,1,4,3,False
industry_49,49 Industries,0.75,-0.2,0.704,-0.06666666667,1,4,3,False
industry_49,49 Industries,0.8,-0.2,0.704,-0.06666666667,1,4,3,False
industry_49,49 Industries,0.85,-0.02857142857,0.957154519,0.06666666667,1,4,3,False
industry_49,49 Industries,0.9,-0.02857142857,0.957154519,0.06666666667,1,4,3,False
industry_49,49 Industries,0.95,0.1428571429,0.7871720117,0.2,0.7194444444,4,1,False
industry_49,49 Industries,1,0.6,0.208,0.4666666667,0.2722222222,4,1,False
combined_74,Combined 74,0,-0.3714285714,0.4684781341,-0.3333333333,0.4694444444,5,2,False
combined_74,Combined 74,0.05,-0.3714285714,0.4684781341,-0.3333333333,0.4694444444,5,2,False
combined_74,Combined 74,0.1,-0.3714285714,0.4684781341,-0.3333333333,0.4694444444,5,2,False
combined_74,Combined 74,0.15,-0.3714285714,0.4684781341,-0.3333333333,0.4694444444,5,2,False
combined_74,Combined 74,0.2,-0.3714285714,0.4684781341,-0.3333333333,0.4694444444,5,2,False
combined_74,Combined 74,0.25,-0.3714285714,0.4684781341,-0.3333333333,0.4694444444,5,2,False
combined_74,Combined 74,0.3,-0.2571428571,0.622787172,-0.2,0.7194444444,4,2,False
combined_74,Combined 74,0.35,-0.2571428571,0.622787172,-0.2,0.7194444444,4,2,False
combined_74,Combined 74,0.4,-0.2571428571,0.622787172,-0.2,0.7194444444,4,2,False
combined_74,Combined 74,0.45,-0.2571428571,0.622787172,-0.2,0.7194444444,4,2,False
combined_74,Combined 74,0.5,-0.2571428571,0.622787172,-0.2,0.7194444444,4,2,False
combined_74,Combined 74,0.55,-0.3142857143,0.5440932945,-0.3333333333,0.4694444444,4,3,False
combined_74,Combined 74,0.6,-0.1428571429,0.7871720117,-0.2,0.7194444444,4,3,False
combined_74,Combined 74,0.65,-0.08571428571,0.8717434402,-0.06666666667,1,4,3,False
combined_74,Combined 74,0.7,-0.1428571429,0.7871720117,-0.06666666667,1,4,3,False
combined_74,Combined 74,0.75,-0.2571428571,0.622787172,-0.2,0.7194444444,4,3,False
combined_74,Combined 74,0.8,-0.02857142857,0.957154519,0.06666666667,1,4,3,False
combined_74,Combined 74,0.85,0.08571428571,0.8717434402,0.2,0.7194444444,4,3,False
combined_74,Combined 74,0.9,0.3714285714,0.4684781341,0.3333333333,0.4694444444,4,3,False
combined_74,Combined 74,0.95,0.6,0.208,0.4666666667,0.2722222222,4,4,True
combined_74,Combined 74,1,0.2571428571,0.622787172,0.2,0.7194444444,1,4,False
