data_definition,asset_family,asset_label,K,gamma,mean_distance,standard_error,lower_2se,upper_2se,rank_within_surface
Core-86,combined_74,Combined 74,1,0,4.207771946,0.168470102,3.870831742,4.54471215,5
Core-86,combined_74,Combined 74,2,0,3.438175787,0.1770562622,3.084063263,3.792288312,1
Core-86,combined_74,Combined 74,3,0,3.735366512,0.1772389414,3.380888629,4.089844394,2
Core-86,combined_74,Combined 74,4,0,4.114922919,0.4208312278,3.273260463,4.956585374,4
Core-86,combined_74,Combined 74,5,0,4.534661531,0.3615937336,3.811474063,5.257848998,6
Core-86,combined_74,Combined 74,8,0,4.058122654,0.3243473035,3.409428047,4.706817261,3
Core-86,combined_74,Combined 74,1,0.05,4.176305802,0.1664068819,3.843492039,4.509119566,5
Core-86,combined_74,Combined 74,2,0.05,3.476676961,0.1673655902,3.141945781,3.811408142,1
Core-86,combined_74,Combined 74,3,0.05,3.739696947,0.1664113202,3.406874306,4.072519587,2
Core-86,combined_74,Combined 74,4,0.05,4.093445466,0.388514325,3.316416816,4.870474116,4
Core-86,combined_74,Combined 74,5,0.05,4.49126304,0.3406000702,3.8100629,5.172463181,6
Core-86,combined_74,Combined 74,8,0.05,4.035167643,0.2975375821,3.440092479,4.630242807,3
Core-86,combined_74,Combined 74,1,0.1,4.136144587,0.1637809374,3.808582712,4.463706461,5
Core-86,combined_74,Combined 74,2,0.1,3.507904576,0.157681555,3.192541466,3.823267686,1
Core-86,combined_74,Combined 74,3,0.1,3.736723168,0.1555811196,3.425560929,4.047885407,2
Core-86,combined_74,Combined 74,4,0.1,4.062875015,0.35536553,3.352143955,4.773606075,4
Core-86,combined_74,Combined 74,5,0.1,4.437734823,0.3191178174,3.799499189,5.075970458,6
Core-86,combined_74,Combined 74,8,0.1,4.00387119,0.27034499,3.46318121,4.54456117,3
Core-86,combined_74,Combined 74,1,0.15,4.086708441,0.1605136976,3.765681045,4.407735836,5
Core-86,combined_74,Combined 74,2,0.15,3.530322343,0.1481081036,3.234106136,3.82653855,1
Core-86,combined_74,Combined 74,3,0.15,3.725385667,0.1449431281,3.435499411,4.015271924,2
Core-86,combined_74,Combined 74,4,0.15,4.022510914,0.3217972421,3.37891643,4.666105398,4
Core-86,combined_74,Combined 74,5,0.15,4.373560983,0.2974873543,3.778586274,4.968535691,6
Core-86,combined_74,Combined 74,8,0.15,3.963720605,0.24311915,3.477482305,4.449958905,3
Core-86,combined_74,Combined 74,1,0.2,4.027760076,0.1565394293,3.714681218,4.340838935,5
Core-86,combined_74,Combined 74,2,0.2,3.542615462,0.1387446193,3.265126223,3.820104701,1
Core-86,combined_74,Combined 74,3,0.2,3.704875155,0.1347015147,3.435472125,3.974278184,2
Core-86,combined_74,Combined 74,4,0.2,3.972006506,0.2882942819,3.395417942,4.548595069,4
Core-86,combined_74,Combined 74,5,0.2,4.298637325,0.2760892106,3.746458904,4.850815746,6
Core-86,combined_74,Combined 74,8,0.2,3.914539453,0.2162673816,3.48200469,4.347074216,3
Core-86,combined_74,Combined 74,1,0.25,3.959482634,0.1518131685,3.655856297,4.263108971,5
Core-86,combined_74,Combined 74,2,0.25,3.543820929,0.1296778843,3.28446516,3.803176697,1
Core-86,combined_74,Combined 74,3,0.25,3.674735509,0.1250527105,3.424630088,3.92484093,2
Core-86,combined_74,Combined 74,4,0.25,3.911454339,0.2553945469,3.400665245,4.422243433,4
Core-86,combined_74,Combined 74,5,0.25,4.213349888,0.2553146342,3.70272062,4.723979157,6
Core-86,combined_74,Combined 74,8,0.25,3.856555505,0.1902424104,3.476070684,4.237040325,3
Core-86,combined_74,Combined 74,1,0.3,3.882521935,0.1463178497,3.589886236,4.175157635,5
Core-86,combined_74,Combined 74,2,0.3,3.533437638,0.1209745059,3.291488626,3.77538665,1
Core-86,combined_74,Combined 74,3,0.3,3.634942254,0.1161648614,3.402612531,3.867271977,2
Core-86,combined_74,Combined 74,4,0.3,3.841434762,0.2236607943,3.394113174,4.288756351,4
Core-86,combined_74,Combined 74,5,0.3,4.118609623,0.2355268062,3.647556011,4.589663235,6
Core-86,combined_74,Combined 74,8,0.3,3.790432423,0.1655246269,3.459383169,4.121481677,3
Core-86,combined_74,Combined 74,1,0.35,3.797980769,0.1400694146,3.51784194,4.078119598,5
Core-86,combined_74,Combined 74,2,0.35,3.511496298,0.1126754073,3.286145483,3.736847112,1
Core-86,combined_74,Combined 74,3,0.35,3.585940534,0.1081571541,3.369626226,3.802254843,2
Core-86,combined_74,Combined 74,4,0.35,3.763014359,0.1936461458,3.375722068,4.150306651,4
Core-86,combined_74,Combined 74,5,0.35,4.015830526,0.2170181175,3.581794291,4.449866761,6
Core-86,combined_74,Combined 74,8,0.35,3.717254178,0.1426003702,3.432053437,4.002454918,3
Core-86,combined_74,Combined 74,1,0.4,3.707361438,0.1331189422,3.441123553,3.973599322,5
Core-86,combined_74,Combined 74,2,0.4,3.478575102,0.1047937991,3.268987503,3.6881627,1
Core-86,combined_74,Combined 74,3,0.4,3.528633154,0.1010837898,3.326465575,3.730800734,2
Core-86,combined_74,Combined 74,4,0.4,3.677689571,0.1658573009,3.345974969,4.009404173,4
Core-86,combined_74,Combined 74,5,0.4,3.906848851,0.1999723501,3.506904151,4.306793551,6
Core-86,combined_74,Combined 74,8,0.4,3.638459808,0.1219372745,3.394585259,3.882334357,3
Core-86,combined_74,Combined 74,1,0.45,3.612463325,0.1255513691,3.361360587,3.863566064,5
Core-86,combined_74,Combined 74,2,0.45,3.435757318,0.0973173264,3.241122665,3.630391971,1
Core-86,combined_74,Combined 74,3,0.45,3.464318958,0.09492753064,3.274463897,3.654174019,2
Core-86,combined_74,Combined 74,4,0.45,3.58728192,0.1407197455,3.305842429,3.868721411,4
Core-86,combined_74,Combined 74,5,0.45,3.793793198,0.1844421799,3.424908838,4.162677557,6
Core-86,combined_74,Combined 74,8,0.45,3.555736551,0.1039549239,3.347826704,3.763646399,3
Core-86,combined_74,Combined 74,1,0.5,3.515251358,0.117481005,3.280289348,3.750213368,5
Core-86,combined_74,Combined 74,2,0.5,3.384538413,0.0902140308,3.204110351,3.564966475,1
Core-86,combined_74,Combined 74,3,0.5,3.394591748,0.08960572524,3.215380298,3.573803199,2
Core-86,combined_74,Combined 74,4,0.5,3.493801096,0.1185481488,3.256704798,3.730897394,4
Core-86,combined_74,Combined 74,5,0.5,3.678925405,0.1703502523,3.338224901,4.01962591,6
Core-86,combined_74,Combined 74,8,0.5,3.470888044,0.0889837802,3.292920483,3.648855604,3
Core-86,combined_74,Combined 74,1,0.55,3.417715987,0.1090446045,3.199626778,3.635805196,5
Core-86,combined_74,Combined 74,2,0.55,3.326699336,0.08344078699,3.159817762,3.49358091,2
Core-86,combined_74,Combined 74,3,0.55,3.321216801,0.08498781656,3.151241168,3.491192434,1
Core-86,combined_74,Combined 74,4,0.55,3.399297549,0.09952306338,3.200251422,3.598343676,4
Core-86,combined_74,Combined 74,5,0.55,3.564477053,0.1575156206,3.249445812,3.879508294,6
Core-86,combined_74,Combined 74,8,0.55,3.385698547,0.07720205044,3.231294446,3.540102647,3
Core-86,combined_74,Combined 74,1,0.6,3.321744559,0.1003930736,3.120958412,3.522530706,5
Core-86,combined_74,Combined 74,2,0.6,3.264166646,0.07695235684,3.110261933,3.41807136,2
Core-86,combined_74,Combined 74,3,0.6,3.246004034,0.080919396,3.084165242,3.407842826,1
Core-86,combined_74,Combined 74,4,0.6,3.305725875,0.08367333827,3.138379199,3.473072552,4
Core-86,combined_74,Combined 74,5,0.6,3.452504764,0.1456988471,3.16110707,3.743902458,6
Core-86,combined_74,Combined 74,8,0.6,3.301812897,0.06855268735,3.164707522,3.438918272,3
Core-86,combined_74,Combined 74,1,0.65,3.229018667,0.09168293371,3.045652799,3.412384534,5
Core-86,combined_74,Combined 74,2,0.65,3.198878798,0.07070931676,3.057460165,3.340297432,2
Core-86,combined_74,Combined 74,3,0.65,3.170694141,0.0772461433,3.016201855,3.325186428,1
Core-86,combined_74,Combined 74,4,0.65,3.214835045,0.07086465262,3.07310574,3.35656435,3
Core-86,combined_74,Combined 74,5,0.65,3.34478083,0.1346528788,3.075475072,3.614086587,6
Core-86,combined_74,Combined 74,8,0.65,3.220646167,0.06268254195,3.095281083,3.346011251,4
Core-86,combined_74,Combined 74,1,0.7,3.14094473,0.08306849528,2.97480774,3.307081721,4
Core-86,combined_74,Combined 74,2,0.7,3.132672723,0.06468371079,3.003305302,3.262040145,3
Core-86,combined_74,Combined 74,3,0.7,3.096868321,0.07383226084,2.9492038,3.244532843,1
Core-86,combined_74,Combined 74,4,0.7,3.128093823,0.06080007249,3.006493678,3.249693968,2
Core-86,combined_74,Combined 74,5,0.7,3.242726578,0.1241662623,2.994394054,3.491059103,6
Core-86,combined_74,Combined 74,8,0.7,3.143329305,0.05897644112,3.025376423,3.261282187,5
Core-86,combined_74,Combined 74,1,0.75,3.058618063,0.07469540829,2.909227246,3.208008879,3
Core-86,combined_74,Combined 74,2,0.75,3.067198155,0.05886205414,2.949474046,3.184922263,4
Core-86,combined_74,Combined 74,3,0.75,3.025885851,0.07057104318,2.884743765,3.167027938,1
Core-86,combined_74,Combined 74,4,0.75,3.04665222,0.05304521767,2.940561784,3.152742655,2
Core-86,combined_74,Combined 74,5,0.75,3.147387421,0.114090034,2.919207353,3.375567489,6
Core-86,combined_74,Combined 74,8,0.75,3.070689792,0.05670492061,2.95727995,3.184099633,5
Core-86,combined_74,Combined 74,1,0.8,2.982815775,0.06669596556,2.849423843,3.116207706,3
Core-86,combined_74,Combined 74,2,0.8,3.003861162,0.05324597519,2.897369211,3.110353112,5
Core-86,combined_74,Combined 74,3,0.8,2.958848628,0.06738808824,2.824072452,3.093624805,1
Core-86,combined_74,Combined 74,4,0.8,2.971334265,0.04708731429,2.877159636,3.065508893,2
Core-86,combined_74,Combined 74,5,0.8,3.059442439,0.1043463684,2.850749702,3.268135176,6
Core-86,combined_74,Combined 74,8,0.8,3.003261226,0.05520013417,2.892860958,3.113661495,4
Core-86,combined_74,Combined 74,1,0.85,2.914011469,0.05918627958,2.795638909,3.032384028,3
Core-86,combined_74,Combined 74,2,0.85,2.943794233,0.04785119989,2.848091834,3.039496633,5
Core-86,combined_74,Combined 74,3,0.85,2.896588595,0.06423922109,2.768110153,3.025067037,1
Core-86,combined_74,Combined 74,4,0.85,2.902654485,0.04241738486,2.817819715,2.987489254,2
Core-86,combined_74,Combined 74,5,0.85,2.979238437,0.09492237705,2.789393683,3.169083191,6
Core-86,combined_74,Combined 74,8,0.85,2.941313324,0.05396168701,2.83338995,3.049236698,4
Core-86,combined_74,Combined 74,1,0.9,2.852404416,0.05226523599,2.747873944,2.956934888,3
Core-86,combined_74,Combined 74,2,0.9,2.887848178,0.0427057557,2.802436667,2.973259689,5
Core-86,combined_74,Combined 74,3,0.9,2.839672785,0.06110545962,2.717461866,2.961883704,1
Core-86,combined_74,Combined 74,4,0.9,2.840849915,0.03860474354,2.763640428,2.918059403,2
Core-86,combined_74,Combined 74,5,0.9,2.906838147,0.08585488025,2.735128387,3.078547908,6
Core-86,combined_74,Combined 74,8,0.9,2.884893594,0.05267409088,2.779545413,2.990241776,4
Core-86,combined_74,Combined 74,1,0.95,2.797956936,0.0460148982,2.70592714,2.889986732,3
Core-86,combined_74,Combined 74,2,0.95,2.83660065,0.03784827394,2.760904103,2.912297198,5
Core-86,combined_74,Combined 74,3,0.95,2.788420876,0.05798686854,2.672447139,2.904394613,2
Core-86,combined_74,Combined 74,4,0.95,2.78592046,0.03533711807,2.715246224,2.856594696,1
Core-86,combined_74,Combined 74,5,0.95,2.842073873,0.0772119177,2.687650037,2.996497708,6
Core-86,combined_74,Combined 74,8,0.95,2.833873314,0.05117394976,2.731525414,2.936221213,4
Core-86,combined_74,Combined 74,1,1,2.750435254,0.04050172619,2.669431801,2.831438706,3
Core-86,combined_74,Combined 74,2,1,2.790376611,0.03332716067,2.72372229,2.857030932,6
Core-86,combined_74,Combined 74,3,1,2.742930999,0.05489647597,2.633138047,2.852723951,2
Core-86,combined_74,Combined 74,4,1,2.737672127,0.03242328697,2.672825553,2.802518701,1
Core-86,combined_74,Combined 74,5,1,2.7846003,0.06907536173,2.646449577,2.922751023,4
Core-86,combined_74,Combined 74,8,1,2.787992346,0.04940467717,2.689182991,2.8868017,5
Core-86,industry_49,49 Industries,1,0,3.464666958,0.1367257695,3.191215419,3.738118497,5
Core-86,industry_49,49 Industries,2,0,2.964004538,0.1302609806,2.703482577,3.224526499,1
Core-86,industry_49,49 Industries,3,0,3.150666903,0.1173797097,2.915907484,3.385426323,2
Core-86,industry_49,49 Industries,4,0,3.394402931,0.2763357798,2.841731372,3.947074491,4
Core-86,industry_49,49 Industries,5,0,3.717743221,0.2513073523,3.215128516,4.220357926,6
Core-86,industry_49,49 Industries,8,0,3.348046354,0.2115981207,2.924850112,3.771242595,3
Core-86,industry_49,49 Industries,1,0.05,3.437546107,0.1349615105,3.167623086,3.707469128,5
Core-86,industry_49,49 Industries,2,0.05,2.984451213,0.1243302559,2.735790701,3.233111725,1
Core-86,industry_49,49 Industries,3,0.05,3.146842256,0.1112787488,2.924284759,3.369399754,2
Core-86,industry_49,49 Industries,4,0.05,3.372285492,0.2552071211,2.86187125,3.882699734,4
Core-86,industry_49,49 Industries,5,0.05,3.68027837,0.2386264862,3.203025398,4.157531342,6
Core-86,industry_49,49 Industries,8,0.05,3.327676911,0.1936508789,2.940375153,3.714978668,3
Core-86,industry_49,49 Industries,1,0.1,3.404159769,0.1328321143,3.138495541,3.669823998,5
Core-86,industry_49,49 Industries,2,0.1,2.998790959,0.1184326447,2.76192567,3.235656249,1
Core-86,industry_49,49 Industries,3,0.1,3.137356774,0.1054607385,2.926435297,3.348278251,2
Core-86,industry_49,49 Industries,4,0.1,3.343897965,0.2339329387,2.876032087,3.811763842,4
Core-86,industry_49,49 Industries,5,0.1,3.635847947,0.2260820765,3.183683794,4.0880121,6
Core-86,industry_49,49 Industries,8,0.1,3.301269214,0.1759508973,2.949367419,3.653171008,3
Core-86,industry_49,49 Industries,1,0.15,3.364337823,0.1303069808,3.103723861,3.624951785,5
Core-86,industry_49,49 Industries,2,0.15,3.006328158,0.1126187262,2.781090706,3.231565611,1
Core-86,industry_49,49 Industries,3,0.15,3.121784902,0.1000190562,2.921746789,3.321823014,2
Core-86,industry_49,49 Industries,4,0.15,3.309045022,0.2127583452,2.883528332,3.734561713,4
Core-86,industry_49,49 Industries,5,0.15,3.584391344,0.2138339639,3.156723416,4.012059272,6
Core-86,industry_49,49 Industries,8,0.15,3.268697477,0.1587102452,2.951276987,3.586117968,3
Core-86,industry_49,49 Industries,1,0.2,3.318123659,0.1273660746,3.063391509,3.572855808,5
Core-86,industry_49,49 Industries,2,0.2,3.00655012,0.1069363328,2.792677455,3.220422786,1
Core-86,industry_49,49 Industries,3,0.2,3.099880733,0.0950339491,2.909812835,3.289948631,2
Core-86,industry_49,49 Industries,4,0.2,3.267743898,0.1919525401,2.883838818,3.651648979,4
Core-86,industry_49,49 Industries,5,0.2,3.526093306,0.2020334823,3.122026342,3.930160271,6
Core-86,industry_49,49 Industries,8,0.2,3.23004438,0.1421608111,2.945722758,3.514366002,3
Core-86,industry_49,49 Industries,1,0.25,3.265795066,0.1240028037,3.017789459,3.513800673,5
Core-86,industry_49,49 Industries,2,0.25,2.999173172,0.1014273117,2.796318549,3.202027796,1
Core-86,industry_49,49 Industries,3,0.25,3.071610615,0.09056364402,2.890483327,3.252737903,2
Core-86,industry_49,49 Industries,4,0.25,3.22024592,0.1717987501,2.87664842,3.56384342,4
Core-86,industry_49,49 Industries,5,0.25,3.461400077,0.1908098868,3.079780303,3.84301985,6
Core-86,industry_49,49 Industries,8,0.25,3.185618018,0.1265484704,2.932521077,3.438714959,3
Core-86,industry_49,49 Industries,1,0.3,3.207866002,0.1202260464,2.967413909,3.448318095,5
Core-86,industry_49,49 Industries,2,0.3,2.984172839,0.09612457064,2.791923698,3.176421981,1
Core-86,industry_49,49 Industries,3,0.3,3.03716978,0.08663699452,2.863895791,3.210443769,2
Core-86,industry_49,49 Industries,4,0.3,3.167038976,0.1525819892,2.861874997,3.472202954,4
Core-86,industry_49,49 Industries,5,0.3,3.39101332,0.1802574705,3.030498379,3.751528261,6
Core-86,industry_49,49 Industries,8,0.3,3.135949907,0.1121254342,2.911699039,3.360200776,3
Core-86,industry_49,49 Industries,1,0.35,3.145067121,0.1160609806,2.91294516,3.377189083,5
Core-86,industry_49,49 Industries,2,0.35,2.961793051,0.09104990959,2.779693232,3.143892871,1
Core-86,industry_49,49 Industries,3,0.35,2.996979482,0.08324961198,2.830480259,3.163478706,2
Core-86,industry_49,49 Industries,4,0.35,3.108828709,0.1345756744,2.83967736,3.377980058,4
Core-86,industry_49,49 Industries,5,0.35,3.315860291,0.1704260169,2.975008258,3.656712325,6
Core-86,industry_49,49 Industries,8,0.35,3.081772312,0.09914001929,2.883492274,3.280052351,3
Core-86,industry_49,49 Industries,1,0.4,3.07830637,0.1115485371,2.855209295,3.301403444,5
Core-86,industry_49,49 Industries,2,0.4,2.932532358,0.08621306082,2.760106237,3.10495848,1
Core-86,industry_49,49 Industries,3,0.4,2.95166411,0.08036484775,2.790934414,3.112393805,2
Core-86,industry_49,49 Industries,4,0.4,3.046499641,0.1180281474,2.810443346,3.282555935,4
Core-86,industry_49,49 Industries,5,0.4,3.237042566,0.1613170359,2.914408494,3.559676638,6
Core-86,industry_49,49 Industries,8,0.4,3.023976557,0.0878217692,2.848333018,3.199620095,3
Core-86,industry_49,49 Industries,1,0.45,3.008614235,0.1067435002,2.795127234,3.222101235,5
Core-86,industry_49,49 Industries,2,0.45,2.897108831,0.08161214116,2.733884549,3.060333113,1
Core-86,industry_49,49 Industries,3,0.45,2.902011003,0.07791972397,2.746171555,3.057850451,2
Core-86,industry_49,49 Industries,4,0.45,2.981060772,0.1031497547,2.774761263,3.187360282,4
Core-86,industry_49,49 Industries,5,0.45,3.155769275,0.1528871478,2.84999498,3.461543571,6
Core-86,industry_49,49 Industries,8,0.45,2.963557173,0.07835849133,2.806840191,3.120274156,3
Core-86,industry_49,49 Industries,1,0.5,2.937080663,0.1017114825,2.733657698,3.140503628,5
Core-86,industry_49,49 Industries,2,0.5,2.85640861,0.07723543952,2.701937731,3.010879489,2
Core-86,industry_49,49 Industries,3,0.5,2.848918434,0.075834447,2.69724954,3.000587328,1
Core-86,industry_49,49 Industries,4,0.5,2.913582652,0.09010038745,2.733381877,3.093783427,4
Core-86,industry_49,49 Industries,5,0.5,3.07328326,0.1450582348,2.78316679,3.363399729,6
Core-86,industry_49,49 Industries,8,0.5,2.901549022,0.07086274108,2.75982354,3.043274504,3
Core-86,industry_49,49 Industries,1,0.55,2.864791488,0.09652514649,2.671741195,3.057841781,5
Core-86,industry_49,49 Industries,2,0.55,2.811425217,0.07306419235,2.665296832,2.957553602,2
Core-86,industry_49,49 Industries,3,0.55,2.793338625,0.07402318496,2.645292255,2.941384995,1
Core-86,industry_49,49 Industries,4,0.55,2.845133813,0.07897669426,2.687180424,3.003087201,4
Core-86,industry_49,49 Industries,5,0.55,2.990789199,0.1377322013,2.715324796,3.266253602,6
Core-86,industry_49,49 Industries,8,0.55,2.838965219,0.06533245771,2.708300304,2.969630135,3
Core-86,industry_49,49 Industries,1,0.6,2.792771505,0.09126011765,2.610251269,2.97529174,5
Core-86,industry_49,49 Industries,2,0.6,2.763197269,0.06907583162,2.625045605,2.901348932,2
Core-86,industry_49,49 Industries,3,0.6,2.736222682,0.0724037673,2.591415148,2.881030217,1
Core-86,industry_49,49 Industries,4,0.6,2.776723799,0.06979850236,2.637126794,2.916320803,3
Core-86,industry_49,49 Industries,5,0.6,2.909391669,0.1308070978,2.647777474,3.171005865,6
Core-86,industry_49,49 Industries,8,0.6,2.776742874,0.06162364851,2.653495577,2.899990171,4
Core-86,industry_49,49 Industries,1,0.65,2.721939348,0.08599101811,2.549957312,2.893921384,5
Core-86,industry_49,49 Industries,2,0.65,2.71275134,0.06524716473,2.58225701,2.843245669,3
Core-86,industry_49,49 Industries,3,0.65,2.678473029,0.07090473139,2.536663566,2.820282492,1
Core-86,industry_49,49 Industries,4,0.65,2.709258051,0.06249647723,2.584265096,2.834251005,2
Core-86,industry_49,49 Industries,5,0.65,2.830048602,0.1241913696,2.581665863,3.078431341,6
Core-86,industry_49,49 Industries,8,0.65,2.71570158,0.05945925649,2.596783067,2.834620093,4
Core-86,industry_49,49 Industries,1,0.7,2.65307686,0.08078798108,2.491500898,2.814652822,3
Core-86,industry_49,49 Industries,2,0.7,2.661054755,0.06155705145,2.537940652,2.784168858,5
Core-86,industry_49,49 Industries,3,0.7,2.620906863,0.06946919194,2.481968479,2.759845247,1
Core-86,industry_49,49 Industries,4,0.7,2.643507394,0.05690747883,2.529692437,2.757322352,2
Core-86,industry_49,49 Industries,5,0.7,2.753542635,0.1178139433,2.517914748,2.989170521,6
Core-86,industry_49,49 Industries,8,0.7,2.656517029,0.05848104972,2.539554929,2.773479128,4
Core-86,industry_49,49 Industries,1,0.75,2.586813171,0.07571389547,2.43538538,2.738240962,3
Core-86,industry_49,49 Industries,2,0.75,2.608980828,0.05798832336,2.493004182,2.724957475,5
Core-86,industry_49,49 Industries,3,0.75,2.564232008,0.0680558669,2.428120274,2.700343742,1
Core-86,industry_49,49 Industries,4,0.75,2.580092408,0.05278648961,2.474519429,2.685665388,2
Core-86,industry_49,49 Industries,5,0.75,2.680469989,0.1116292437,2.457211501,2.903728476,6
Core-86,industry_49,49 Industries,8,0.75,2.599709681,0.05832096837,2.483067744,2.716351617,4
Core-86,industry_49,49 Industries,1,0.8,2.523621899,0.07082251565,2.381976868,2.665266931,3
Core-86,industry_49,49 Industries,2,0.8,2.557286951,0.05452888193,2.448229187,2.666344714,5
Core-86,industry_49,49 Industries,3,0.8,2.509034669,0.06663804373,2.375758581,2.642310756,1
Core-86,industry_49,49 Industries,4,0.8,2.519481031,0.04983862108,2.419803789,2.619158273,2
Core-86,industry_49,49 Industries,5,0.8,2.611244412,0.1056174854,2.400009441,2.822479383,6
Core-86,industry_49,49 Industries,8,0.8,2.545646523,0.05865813912,2.428330245,2.662962801,4
Core-86,industry_49,49 Industries,1,0.85,2.463828726,0.06615746462,2.331513797,2.596143656,3
Core-86,industry_49,49 Industries,2,0.85,2.506604363,0.05117206161,2.40426024,2.608948486,5
Core-86,industry_49,49 Industries,3,0.85,2.455777334,0.06520135153,2.325374631,2.586180037,1
Core-86,industry_49,49 Industries,4,0.85,2.461996594,0.04776264823,2.366471298,2.557521891,2
Core-86,industry_49,49 Industries,5,0.85,2.546112486,0.09978137727,2.346549731,2.74567524,6
Core-86,industry_49,49 Industries,8,0.85,2.494552889,0.05924531923,2.376062251,2.613043528,4
Core-86,industry_49,49 Industries,1,0.9,2.407626231,0.06175207133,2.284122088,2.531130373,2
Core-86,industry_49,49 Industries,2,0.9,2.457437521,0.04791643396,2.361604653,2.553270388,5
Core-86,industry_49,49 Industries,3,0.9,2.404804469,0.06374106337,2.277322342,2.532286595,1
Core-86,industry_49,49 Industries,4,0.9,2.407833054,0.04628979719,2.315253459,2.500412648,3
Core-86,industry_49,49 Industries,5,0.9,2.485176269,0.09414066719,2.296894934,2.673457603,6
Core-86,industry_49,49 Industries,8,0.9,2.446530932,0.05990955986,2.326711812,2.566350052,4
Core-86,industry_49,49 Industries,1,0.95,2.355092981,0.05762991734,2.239833146,2.470352816,1
Core-86,industry_49,49 Industries,2,0.95,2.410170596,0.04476525988,2.320640077,2.499701116,5
Core-86,industry_49,49 Industries,3,0.95,2.356353488,0.06225943183,2.231834625,2.480872352,2
Core-86,industry_49,49 Industries,4,0.95,2.357074318,0.04520588832,2.266662541,2.447486094,3
Core-86,industry_49,49 Industries,5,0.95,2.428419529,0.08872586574,2.250967797,2.60587126,6
Core-86,industry_49,49 Industries,8,0.95,2.401581564,0.06053955471,2.280502454,2.522660673,4
Core-86,industry_49,49 Industries,1,1,2.306214368,0.05380592326,2.198602522,2.413826215,1
Core-86,industry_49,49 Industries,2,1,2.365078738,0.0417257848,2.281627168,2.448530307,5
Core-86,industry_49,49 Industries,3,1,2.310568785,0.06076334914,2.189042087,2.432095484,3
Core-86,industry_49,49 Industries,4,1,2.309715075,0.04435570034,2.221003675,2.398426476,2
Core-86,industry_49,49 Industries,5,1,2.375734536,0.08357218213,2.208590171,2.5428789,6
Core-86,industry_49,49 Industries,8,1,2.359627234,0.06106956903,2.237488096,2.481766372,4
Core-86,size_bm_25,25 Size–B/M,1,0,2.365187355,0.1045699807,2.156047394,2.574327317,5
Core-86,size_bm_25,25 Size–B/M,2,0,1.633112466,0.1425775982,1.34795727,1.918267663,1
Core-86,size_bm_25,25 Size–B/M,3,0,1.934957318,0.166939309,1.6010787,2.268835936,2
Core-86,size_bm_25,25 Size–B/M,4,0,2.269286146,0.390645185,1.487995776,3.050576516,4
Core-86,size_bm_25,25 Size–B/M,5,0,2.563791217,0.315435793,1.932919631,3.194662803,6
Core-86,size_bm_25,25 Size–B/M,8,0,2.236483268,0.3254791349,1.585524998,2.887441537,3
Core-86,size_bm_25,25 Size–B/M,1,0.05,2.365200867,0.1047438974,2.155713072,2.574688661,5
Core-86,size_bm_25,25 Size–B/M,2,0.05,1.669291568,0.1347591496,1.399773269,1.938809867,1
Core-86,size_bm_25,25 Size–B/M,3,0.05,1.956107645,0.1600898978,1.635927849,2.27628744,2
Core-86,size_bm_25,25 Size–B/M,4,0.05,2.282499474,0.3719433364,1.538612801,3.026386147,4
Core-86,size_bm_25,25 Size–B/M,5,0.05,2.561814923,0.3051764279,1.951462067,3.172167779,6
Core-86,size_bm_25,25 Size–B/M,8,0.05,2.2338163,0.3167045284,1.600407243,2.867225357,3
Core-86,size_bm_25,25 Size–B/M,1,0.1,2.363808209,0.1048317735,2.154144662,2.573471756,5
Core-86,size_bm_25,25 Size–B/M,2,0.1,1.708039857,0.1266671003,1.454705657,1.961374058,1
Core-86,size_bm_25,25 Size–B/M,3,0.1,1.978486672,0.1524232296,1.673640213,2.283333131,2
Core-86,size_bm_25,25 Size–B/M,4,0.1,2.294707174,0.3513942712,1.591918631,2.997495716,4
Core-86,size_bm_25,25 Size–B/M,5,0.1,2.557789043,0.2933747598,1.971039524,3.144538563,6
Core-86,size_bm_25,25 Size–B/M,8,0.1,2.229891065,0.3063335061,1.617224053,2.842558077,3
Core-86,size_bm_25,25 Size–B/M,1,0.15,2.36046593,0.1047813991,2.150903132,2.570028729,5
Core-86,size_bm_25,25 Size–B/M,2,0.15,1.74877549,0.1184369258,1.511901639,1.985649342,1
Core-86,size_bm_25,25 Size–B/M,3,0.15,2.001562772,0.1439436306,1.71367551,2.289450033,2
Core-86,size_bm_25,25 Size–B/M,4,0.15,2.305144458,0.3289813637,1.647181731,2.963107185,4
Core-86,size_bm_25,25 Size–B/M,5,0.15,2.551021413,0.2799353774,1.991150658,3.110892168,6
Core-86,size_bm_25,25 Size–B/M,8,0.15,2.224333648,0.2941948516,1.635943945,2.812723351,3
Core-86,size_bm_25,25 Size–B/M,1,0.2,2.354545606,0.1045241331,2.145497339,2.563593872,5
Core-86,size_bm_25,25 Size–B/M,2,0.2,1.790642439,0.1102346765,1.570173086,2.011111792,1
Core-86,size_bm_25,25 Size–B/M,3,0.2,2.024590781,0.1346942219,1.755202337,2.293979225,2
Core-86,size_bm_25,25 Size–B/M,4,0.2,2.312904966,0.3047636229,1.703377721,2.922432212,4
Core-86,size_bm_25,25 Size–B/M,5,0.2,2.540728843,0.2648216699,2.011085503,3.070372183,6
Core-86,size_bm_25,25 Size–B/M,8,0.2,2.216726501,0.2801575011,1.656411499,2.777041503,3
Core-86,size_bm_25,25 Size–B/M,1,0.25,2.345367936,0.1039744438,2.137419049,2.553316824,5
Core-86,size_bm_25,25 Size–B/M,2,0.25,1.832498248,0.1022500123,1.627998223,2.036998273,1
Core-86,size_bm_25,25 Size–B/M,3,0.25,2.04661266,0.1247657114,1.797081237,2.296144083,2
Core-86,size_bm_25,25 Size–B/M,4,0.25,2.316981158,0.2789014157,1.759178327,2.874783989,4
Core-86,size_bm_25,25 Size–B/M,5,0.25,2.526087001,0.2480839696,2.029919062,3.02225494,6
Core-86,size_bm_25,25 Size–B/M,8,0.25,2.206639026,0.2641583928,1.67832224,2.734955812,3
Core-86,size_bm_25,25 Size–B/M,1,0.3,2.332262647,0.1030325041,2.126197639,2.538327656,5
Core-86,size_bm_25,25 Size–B/M,2,0.3,1.87294114,0.09468106276,1.683579015,2.062303266,1
Core-86,size_bm_25,25 Size–B/M,3,0.3,2.066493351,0.1143024511,1.837888449,2.295098253,2
Core-86,size_bm_25,25 Size–B/M,4,0.3,2.316340873,0.2516794998,1.812981874,2.819699873,4
Core-86,size_bm_25,25 Size–B/M,5,0.3,2.506312922,0.2298880721,2.046536778,2.966089066,6
Core-86,size_bm_25,25 Size–B/M,8,0.3,2.193676998,0.2462323066,1.701212385,2.686141611,3
Core-86,size_bm_25,25 Size–B/M,1,0.35,2.314653192,0.1015911048,2.111470982,2.517835401,5
Core-86,size_bm_25,25 Size–B/M,2,0.35,1.910389594,0.08770995841,1.734969677,2.085809511,1
Core-86,size_bm_25,25 Size–B/M,3,0.35,2.083000728,0.1035032825,1.875994163,2.290007293,2
Core-86,size_bm_25,25 Size–B/M,4,0.35,2.310040508,0.2235207222,1.862999064,2.757081953,4
Core-86,size_bm_25,25 Size–B/M,5,0.35,2.480777408,0.2105377557,2.059701896,2.901852919,6
Core-86,size_bm_25,25 Size–B/M,8,0.35,2.177548361,0.2265381319,1.724472098,2.630624625,3
Core-86,size_bm_25,25 Size–B/M,1,0.4,2.292156073,0.09954737492,2.093061323,2.491250823,4
Core-86,size_bm_25,25 Size–B/M,2,0.4,1.943217763,0.08147154311,1.780274677,2.10616085,1
Core-86,size_bm_25,25 Size–B/M,3,0.4,2.09492895,0.09261482706,1.909699295,2.280158604,2
Core-86,size_bm_25,25 Size–B/M,4,0.4,2.297363054,0.1949828339,1.907397386,2.687328721,5
Core-86,size_bm_25,25 Size–B/M,5,0.4,2.449132484,0.1904827768,2.06816693,2.830098037,6
Core-86,size_bm_25,25 Size–B/M,8,0.4,2.158135347,0.2053741036,1.74738714,2.568883554,3
Core-86,size_bm_25,25 Size–B/M,1,0.45,2.264674353,0.09681826868,2.071037816,2.45831089,4
Core-86,size_bm_25,25 Size–B/M,2,0.45,1.969933347,0.07602341299,1.817886521,2.121980173,1
Core-86,size_bm_25,25 Size–B/M,3,0.45,2.101249701,0.08191599923,1.937417702,2.265081699,2
Core-86,size_bm_25,25 Size–B/M,4,0.45,2.277954805,0.166732658,1.944489489,2.611420121,5
Core-86,size_bm_25,25 Size–B/M,5,0.45,2.411426068,0.1703036257,2.070818817,2.75203332,6
Core-86,size_bm_25,25 Size–B/M,8,0.45,2.135555219,0.1831745822,1.769206054,2.501904383,3
Core-86,size_bm_25,25 Size–B/M,1,0.5,2.23245874,0.09335691416,2.045744911,2.419172568,4
Core-86,size_bm_25,25 Size–B/M,2,0.5,1.989365577,0.07132978769,1.846706002,2.132025153,1
Core-86,size_bm_25,25 Size–B/M,3,0.5,2.101260731,0.07169467164,1.957871387,2.244650074,2
Core-86,size_bm_25,25 Size–B/M,4,0.5,2.251924594,0.1394971504,1.972930294,2.530918895,5
Core-86,size_bm_25,25 Size–B/M,5,0.5,2.368168872,0.1506673134,2.066834245,2.669503499,6
Core-86,size_bm_25,25 Size–B/M,8,0.5,2.110188671,0.160484139,1.789220393,2.431156949,3
Core-86,size_bm_25,25 Size–B/M,1,0.55,2.196113158,0.08916561309,2.017781932,2.374444384,4
Core-86,size_bm_25,25 Size–B/M,2,0.55,2.000819195,0.06726951739,1.86628016,2.135358229,1
Core-86,size_bm_25,25 Size–B/M,3,0.55,2.094693905,0.06221996787,1.970253969,2.219133841,3
Core-86,size_bm_25,25 Size–B/M,4,0.55,2.219871701,0.1139987843,1.991874132,2.44786927,5
Core-86,size_bm_25,25 Size–B/M,5,0.55,2.32032433,0.1322546558,2.055815018,2.584833642,6
Core-86,size_bm_25,25 Size–B/M,8,0.55,2.082660113,0.1379109452,1.806838223,2.358482004,2
Core-86,size_bm_25,25 Size–B/M,1,0.6,2.156536338,0.08430150058,1.987933337,2.325139339,4
Core-86,size_bm_25,25 Size–B/M,2,0.6,2.004154168,0.06366800986,1.876818148,2.131490188,1
Core-86,size_bm_25,25 Size–B/M,3,0.6,2.081752139,0.05371540789,1.974321324,2.189182955,3
Core-86,size_bm_25,25 Size–B/M,4,0.6,2.182826371,0.09089029122,2.001045789,2.364606954,5
Core-86,size_bm_25,25 Size–B/M,5,0.6,2.269212741,0.1156676172,2.037877507,2.500547976,6
Core-86,size_bm_25,25 Size–B/M,8,0.6,2.053768103,0.1160687774,1.821630548,2.285905657,2
Core-86,size_bm_25,25 Size–B/M,1,0.65,2.11481148,0.07887286107,1.957065757,2.272557202,4
Core-86,size_bm_25,25 Size–B/M,2,0.65,1.999771677,0.06034056532,1.879090546,2.120452807,1
Core-86,size_bm_25,25 Size–B/M,3,0.65,2.063065321,0.04633803065,1.970389259,2.155741382,3
Core-86,size_bm_25,25 Size–B/M,4,0.65,2.142114275,0.07070748342,2.000699308,2.283529242,5
Core-86,size_bm_25,25 Size–B/M,5,0.65,2.216348537,0.1013337234,2.01368109,2.419015984,6
Core-86,size_bm_25,25 Size–B/M,8,0.65,2.024381342,0.09552221273,1.833336917,2.215425768,2
Core-86,size_bm_25,25 Size–B/M,1,0.7,2.072072442,0.07302705016,1.926018342,2.218126543,4
Core-86,size_bm_25,25 Size–B/M,2,0.7,1.988515675,0.05713027314,1.874255129,2.102776222,1
Core-86,size_bm_25,25 Size–B/M,3,0.7,2.039580413,0.04016667198,1.959247069,2.119913757,3
Core-86,size_bm_25,25 Size–B/M,4,0.7,2.099180323,0.05385593765,1.991468447,2.206892198,5
Core-86,size_bm_25,25 Size–B/M,5,0.7,2.163251405,0.08943249909,1.984386406,2.342116403,6
Core-86,size_bm_25,25 Size–B/M,8,0.7,1.995327351,0.07675068711,1.841825976,2.148828725,2
Core-86,size_bm_25,25 Size–B/M,1,0.75,2.029379297,0.06693345627,1.895512385,2.16324621,4
Core-86,size_bm_25,25 Size–B/M,2,0.75,1.971522428,0.05392958565,1.863663256,2.079381599,2
Core-86,size_bm_25,25 Size–B/M,3,0.75,2.012418415,0.03520010577,1.942018204,2.082818627,3
Core-86,size_bm_25,25 Size–B/M,4,0.75,2.05541643,0.04063319185,1.974150046,2.136682814,5
Core-86,size_bm_25,25 Size–B/M,5,0.75,2.111277291,0.07987296061,1.95153137,2.271023212,6
Core-86,size_bm_25,25 Size–B/M,8,0.75,1.967301174,0.06014490198,1.84701137,2.087590978,1
Core-86,size_bm_25,25 Size–B/M,1,0.8,1.987627752,0.06076586236,1.866096027,2.109159476,4
Core-86,size_bm_25,25 Size–B/M,2,0.8,1.950058354,0.05068443421,1.848689485,2.051427222,2
Core-86,size_bm_25,25 Size–B/M,3,0.8,1.982733842,0.0313644054,1.920005031,2.045462653,3
Core-86,size_bm_25,25 Size–B/M,4,0.8,2.012029416,0.03124366735,1.949542082,2.074516751,5
Core-86,size_bm_25,25 Size–B/M,5,0.8,2.061503085,0.07234125897,1.916820567,2.206185603,6
Core-86,size_bm_25,25 Size–B/M,8,0.8,1.940811338,0.04604702111,1.848717296,2.03290538,1
Core-86,size_bm_25,25 Size–B/M,1,0.85,1.947502179,0.05468782475,1.838126529,2.056877828,3
Core-86,size_bm_25,25 Size–B/M,2,0.85,1.925379385,0.04738626486,1.830606855,2.020151914,2
Core-86,size_bm_25,25 Size–B/M,3,0.85,1.951602886,0.02852880164,1.894545282,2.008660489,4
Core-86,size_bm_25,25 Size–B/M,4,0.85,1.969966185,0.02566952688,1.918627131,2.021305238,5
Core-86,size_bm_25,25 Size–B/M,5,0.85,2.01467725,0.06640659919,1.881864051,2.147490448,6
Core-86,size_bm_25,25 Size–B/M,8,0.85,1.916166072,0.03484269213,1.846480688,1.985851456,1
Core-86,size_bm_25,25 Size–B/M,1,0.9,1.909468375,0.04884299109,1.811782393,2.007154357,3
Core-86,size_bm_25,25 Size–B/M,2,0.9,1.898629947,0.04405879733,1.810512352,1.986747541,2
Core-86,size_bm_25,25 Size–B/M,3,0.9,1.919951682,0.0265285521,1.866894578,1.973008786,4
Core-86,size_bm_25,25 Size–B/M,4,0.9,1.929894128,0.0233331505,1.883227827,1.976560429,5
Core-86,size_bm_25,25 Size–B/M,5,0.9,1.971228717,0.06163994629,1.847948824,2.094508609,6
Core-86,size_bm_25,25 Size–B/M,8,0.9,1.893491547,0.02706408507,1.839363377,1.947619717,1
Core-86,size_bm_25,25 Size–B/M,1,0.95,1.873794432,0.04335053879,1.787093354,1.960495509,3
Core-86,size_bm_25,25 Size–B/M,2,0.95,1.87078484,0.04074460916,1.789295621,1.952274058,1
Core-86,size_bm_25,25 Size–B/M,3,0.95,1.888523325,0.02519054804,1.838142229,1.938904421,4
Core-86,size_bm_25,25 Size–B/M,4,0.95,1.892222459,0.02306756699,1.846087325,1.938357593,5
Core-86,size_bm_25,25 Size–B/M,5,0.95,1.93131478,0.05769697897,1.815920822,2.046708738,6
Core-86,size_bm_25,25 Size–B/M,8,0.95,1.87276882,0.02322174997,1.82632532,1.91921232,2
Core-86,size_bm_25,25 Size–B/M,1,1,1.840586526,0.03830469686,1.763977132,1.91719592,1
Core-86,size_bm_25,25 Size–B/M,2,1,1.842627454,0.03749421035,1.767639033,1.917615874,2
Core-86,size_bm_25,25 Size–B/M,3,1,1.857874888,0.02435500136,1.809164886,1.906584891,5
Core-86,size_bm_25,25 Size–B/M,4,1,1.857146521,0.02372557686,1.809695368,1.904597675,4
Core-86,size_bm_25,25 Size–B/M,5,1,1.894886713,0.05434668865,1.786193336,2.00358009,6
Core-86,size_bm_25,25 Size–B/M,8,1,1.853876801,0.02301320089,1.807850399,1.899903203,3
Core-92,combined_74,Combined 74,1,0,5.410449968,0.1994720237,5.011505921,5.809394015,6
Core-92,combined_74,Combined 74,2,0,4.343296078,0.2767472915,3.789801495,4.896790661,4
Core-92,combined_74,Combined 74,3,0,4.65094263,0.4329434676,3.785055695,5.516829565,5
Core-92,combined_74,Combined 74,4,0,3.70630988,0.27741181,3.15148626,4.2611335,2
Core-92,combined_74,Combined 74,5,0,3.558756074,0.3078909968,2.94297408,4.174538068,1
Core-92,combined_74,Combined 74,8,0,4.066533946,0.4027983138,3.260937318,4.872130573,3
Core-92,combined_74,Combined 74,1,0.05,5.303821852,0.186544223,4.930733406,5.676910298,6
Core-92,combined_74,Combined 74,2,0.05,4.3062582,0.2616804486,3.782897303,4.829619097,4
Core-92,combined_74,Combined 74,3,0.05,4.600272981,0.4137989311,3.772675119,5.427870843,5
Core-92,combined_74,Combined 74,4,0.05,3.714449006,0.2645417156,3.185365575,4.243532437,2
Core-92,combined_74,Combined 74,5,0.05,3.597032627,0.2813391078,3.034354411,4.159710842,1
Core-92,combined_74,Combined 74,8,0.05,4.048859833,0.3809459044,3.286968024,4.810751642,3
Core-92,combined_74,Combined 74,1,0.1,5.183571216,0.1728894286,4.837792359,5.529350074,6
Core-92,combined_74,Combined 74,2,0.1,4.259810933,0.2460703543,3.767670224,4.751951641,4
Core-92,combined_74,Combined 74,3,0.1,4.539091083,0.3934156584,3.752259766,5.325922399,5
Core-92,combined_74,Combined 74,4,0.1,3.71486925,0.2512211802,3.21242689,4.217311611,2
Core-92,combined_74,Combined 74,5,0.1,3.626360154,0.2553210544,3.115718045,4.137002263,1
Core-92,combined_74,Combined 74,8,0.1,4.022496325,0.3580136746,3.306468976,4.738523675,3
Core-92,combined_74,Combined 74,1,0.15,5.049895533,0.1586803948,4.732534743,5.367256322,6
Core-92,combined_74,Combined 74,2,0.15,4.203462747,0.2300990852,3.743264576,4.663660917,4
Core-92,combined_74,Combined 74,3,0.15,4.466990558,0.3719604255,3.723069707,5.210911409,5
Core-92,combined_74,Combined 74,4,0.15,3.706515804,0.2375058535,3.231504097,4.181527511,2
Core-92,combined_74,Combined 74,5,0.15,3.645347438,0.230201314,3.18494481,4.105750066,1
Core-92,combined_74,Combined 74,8,0.15,3.986693721,0.334194095,3.318305531,4.655081912,3
Core-92,combined_74,Combined 74,1,0.2,4.903616384,0.1441434245,4.615329535,5.191903233,6
Core-92,combined_74,Combined 74,2,0.2,4.137115914,0.213977699,3.709160516,4.565071312,4
Core-92,combined_74,Combined 74,3,0.2,4.38400677,0.3496583591,3.684690052,5.083323488,5
Core-92,combined_74,Combined 74,4,0.2,3.688610885,0.2234618719,3.241687141,4.135534629,2
Core-92,combined_74,Combined 74,5,0.2,3.652895025,0.2063459845,3.240203056,4.065586994,1
Core-92,combined_74,Combined 74,8,0.2,3.941040283,0.3097317479,3.321576787,4.560503779,3
Core-92,combined_74,Combined 74,1,0.25,4.746233729,0.1295528881,4.487127952,5.005339505,6
Core-92,combined_74,Combined 74,2,0.25,4.061144603,0.1979338549,3.665276893,4.457012313,4
Core-92,combined_74,Combined 74,3,0.25,4.290692996,0.326785517,3.637121961,4.94426403,5
Core-92,combined_74,Combined 74,4,0.25,3.660758674,0.2091655109,3.242427653,4.079089696,2
Core-92,combined_74,Combined 74,5,0.25,3.64832045,0.1840937155,3.280133019,4.016507881,1
Core-92,combined_74,Combined 74,8,0.25,3.885552081,0.2849155929,3.315720895,4.455383267,3
Core-92,combined_74,Combined 74,1,0.3,4.579914049,0.1152194628,4.349475123,4.810352974,6
Core-92,combined_74,Combined 74,2,0.3,3.976432314,0.1821953142,3.612041686,4.340822943,4
Core-92,combined_74,Combined 74,3,0.3,4.188150591,0.3036545702,3.580841451,4.795459732,5
Core-92,combined_74,Combined 74,4,0.3,3.623023837,0.1947024296,3.233618978,4.012428696,1
Core-92,combined_74,Combined 74,5,0.3,3.631457239,0.1637220029,3.304013234,3.958901245,2
Core-92,combined_74,Combined 74,8,0.3,3.8207292,0.2600654443,3.300598311,4.340860088,3
Core-92,combined_74,Combined 74,1,0.35,4.407402982,0.1014721651,4.204458652,4.610347312,6
Core-92,combined_74,Combined 74,2,0.35,3.884356079,0.1669715235,3.550413032,4.218299126,4
Core-92,combined_74,Combined 74,3,0.35,4.078000814,0.2805947537,3.516811307,4.639190322,5
Core-92,combined_74,Combined 74,4,0.35,3.575967377,0.180166577,3.215634223,3.936300531,1
Core-92,combined_74,Combined 74,5,0.35,3.602708461,0.1454137451,3.311880971,3.893535951,2
Core-92,combined_74,Combined 74,8,0.35,3.747564258,0.2355138543,3.27653655,4.218591967,3
Core-92,combined_74,Combined 74,1,0.4,4.231867224,0.08863488439,4.054597455,4.409136992,6
Core-92,combined_74,Combined 74,2,0.4,3.786714282,0.1524364784,3.481841325,4.091587239,4
Core-92,combined_74,Combined 74,3,0.4,3.962296522,0.2579287136,3.446439095,4.47815395,5
Core-92,combined_74,Combined 74,4,0.4,3.520630371,0.165658884,3.189312603,3.851948139,1
Core-92,combined_74,Combined 74,5,0.4,3.563042515,0.1292312786,3.304579957,3.821505072,2
Core-92,combined_74,Combined 74,8,0.4,3.667497351,0.2115857476,3.244325856,4.090668847,3
Core-92,combined_74,Combined 74,1,0.45,4.056685051,0.07699837982,3.902688292,4.210681811,6
Core-92,combined_74,Combined 74,2,0.45,3.685606284,0.1387163138,3.408173657,3.963038912,4
Core-92,combined_74,Combined 74,3,0.45,3.843384153,0.2359498383,3.371484476,4.31528383,5
Core-92,combined_74,Combined 74,4,0.45,3.458466095,0.1512858715,3.155894352,3.761037838,1
Core-92,combined_74,Combined 74,5,0.45,3.51392967,0.1151061698,3.28371733,3.744142009,2
Core-92,combined_74,Combined 74,8,0.45,3.58232204,0.1885788171,3.205164406,3.959479674,3
Core-92,combined_74,Combined 74,1,0.5,3.885215069,0.06678884056,3.751637388,4.01879275,6
Core-92,combined_74,Combined 74,2,0.5,3.583281668,0.1258842751,3.331513118,3.835050218,4
Core-92,combined_74,Combined 74,3,0.5,3.723736366,0.2149037641,3.293928838,4.153543894,5
Core-92,combined_74,Combined 74,4,0.5,3.391231146,0.13715826,3.116914626,3.665547666,1
Core-92,combined_74,Combined 74,5,0.5,3.457229359,0.1028511026,3.251527154,3.662931564,2
Core-92,combined_74,Combined 74,8,0.5,3.49405668,0.1667476032,3.160561474,3.827551887,3
Core-92,combined_74,Combined 74,1,0.55,3.720575546,0.05813530412,3.604304938,3.836846154,6
Core-92,combined_74,Combined 74,2,0.55,3.481981816,0.1139639946,3.254053827,3.709909805,4
Core-92,combined_74,Combined 74,3,0.55,3.605780358,0.194976878,3.215826602,3.995734114,5
Core-92,combined_74,Combined 74,4,0.55,3.320853168,0.1233895933,3.074073982,3.567632355,1
Core-92,combined_74,Combined 74,5,0.55,3.395046753,0.09219426368,3.210658226,3.579435281,2
Core-92,combined_74,Combined 74,8,0.55,3.404801064,0.1462933674,3.11221433,3.697387799,3
Core-92,combined_74,Combined 74,1,0.6,3.565461819,0.05104222222,3.463377374,3.667546263,6
Core-92,combined_74,Combined 74,2,0.6,3.383795569,0.102939852,3.177915865,3.589675273,4
Core-92,combined_74,Combined 74,3,0.6,3.491745105,0.1762930975,3.13915891,3.8443313,5
Core-92,combined_74,Combined 74,4,0.6,3.249294866,0.1100948092,3.029105248,3.469484484,1
Core-92,combined_74,Combined 74,5,0.6,3.329580365,0.0828284459,3.163923473,3.495237257,3
Core-92,combined_74,Combined 74,8,0.6,3.316598651,0.1273606365,3.061877378,3.571319924,2
Core-92,combined_74,Combined 74,1,0.65,3.422019201,0.04537963285,3.331259936,3.512778467,6
Core-92,combined_74,Combined 74,2,0.65,3.290544986,0.09277143088,3.105002124,3.476087847,4
Core-92,combined_74,Combined 74,3,0.65,3.383544054,0.1589184348,3.065707184,3.701380923,5
Core-92,combined_74,Combined 74,4,0.65,3.178431241,0.09738865686,2.983653927,3.373208554,1
Core-92,combined_74,Combined 74,5,0.65,3.262980217,0.07446132311,3.114057571,3.411902863,3
Core-92,combined_74,Combined 74,8,0.65,3.231320291,0.1100400801,3.011240131,3.451400451,2
Core-92,combined_74,Combined 74,1,0.7,3.291777327,0.04090472039,3.209967886,3.373586768,6
Core-92,combined_74,Combined 74,2,0.7,3.203709223,0.08340835608,3.036892511,3.370525935,4
Core-92,combined_74,Combined 74,3,0.7,3.282700925,0.14287139,2.996958145,3.568443705,5
Core-92,combined_74,Combined 74,4,0.7,3.109951256,0.08538387792,2.9391835,3.280719012,1
Core-92,combined_74,Combined 74,5,0.7,3.197230277,0.06685395531,3.063522367,3.330938188,3
Core-92,combined_74,Combined 74,8,0.7,3.150578514,0.09437655583,2.961825403,3.339331626,2
Core-92,combined_74,Combined 74,1,0.75,3.175642104,0.03731600019,3.101010103,3.250274104,5
Core-92,combined_74,Combined 74,2,0.75,3.124387021,0.07480231131,2.974782399,3.273991644,3
Core-92,combined_74,Combined 74,3,0.75,3.190318076,0.1281363775,2.934045321,3.446590831,6
Core-92,combined_74,Combined 74,4,0.75,3.045288721,0.07418914287,2.896910435,3.193667006,1
Core-92,combined_74,Combined 74,5,0.75,3.134061866,0.05984087907,3.014380108,3.253743624,4
Core-92,combined_74,Combined 74,8,0.75,3.075674586,0.08038087803,2.91491283,3.236436342,2
Core-92,combined_74,Combined 74,1,0.8,3.07393496,0.03432037303,3.005294214,3.142575706,4
Core-92,combined_74,Combined 74,2,0.8,3.053292793,0.06691443504,2.919463923,3.187121663,3
Core-92,combined_74,Combined 74,3,0.8,3.107081126,0.1146773069,2.877726512,3.33643574,6
Core-92,combined_74,Combined 74,4,0.8,2.985581935,0.06390681677,2.857768301,3.113395568,1
Core-92,combined_74,Combined 74,5,0.8,3.074898767,0.05333259566,2.968233576,3.181563959,5
Core-92,combined_74,Combined 74,8,0.8,3.007575466,0.06804403609,2.871487393,3.143663538,2
Core-92,combined_74,Combined 74,1,0.85,2.986466008,0.03168501012,2.923095988,3.049836028,3
Core-92,combined_74,Combined 74,2,0.85,2.990778535,0.05971791627,2.871342702,3.110214367,4
Core-92,combined_74,Combined 74,3,0.85,3.033290667,0.1024490106,2.828392646,3.238188689,6
Core-92,combined_74,Combined 74,4,0.85,2.93165839,0.0546306385,2.822397113,3.040919667,1
Core-92,combined_74,Combined 74,5,0.85,3.020830852,0.04730589637,2.926219059,3.115442645,5
Core-92,combined_74,Combined 74,8,0.85,2.946915039,0.05735285162,2.832209336,3.061620743,2
Core-92,combined_74,Combined 74,1,0.9,2.912627324,0.02925908735,2.854109149,2.971145499,3
Core-92,combined_74,Combined 74,2,0.9,2.936873235,0.05319685038,2.830479534,3.043266936,4
Core-92,combined_74,Combined 74,3,0.9,2.968911465,0.09140516992,2.786101125,3.151721804,5
Core-92,combined_74,Combined 74,4,0.9,2.884039495,0.04644318706,2.791153121,2.976925869,1
Core-92,combined_74,Combined 74,5,0.9,2.972611174,0.04178834681,2.88903448,3.056187867,6
Core-92,combined_74,Combined 74,8,0.9,2.894013286,0.04830569161,2.797401902,2.990624669,2
Core-92,combined_74,Combined 74,1,0.95,2.851493909,0.02696916644,2.797555576,2.905432242,3
Core-92,combined_74,Combined 74,2,0.95,2.891332335,0.04734297412,2.796646387,2.986018283,4
Core-92,combined_74,Combined 74,3,0.95,2.913630658,0.08150244229,2.750625774,3.076635543,5
Core-92,combined_74,Combined 74,4,0.95,2.842960307,0.03941237968,2.764135548,2.921785066,1
Core-92,combined_74,Combined 74,5,0.95,2.930671231,0.03684163717,2.856987957,3.004354505,6
Core-92,combined_74,Combined 74,8,0.95,2.848907626,0.04092448576,2.767058655,2.930756598,2
Core-92,combined_74,Combined 74,1,1,2.801922249,0.02480078816,2.752320673,2.851523825,1
Core-92,combined_74,Combined 74,2,1,2.853691335,0.04215180448,2.769387726,2.937994943,4
Core-92,combined_74,Combined 74,3,1,2.866918307,0.07270132547,2.721515656,3.012320958,5
Core-92,combined_74,Combined 74,4,1,2.808399882,0.03358511929,2.741229644,2.875570121,2
Core-92,combined_74,Combined 74,5,1,2.895149571,0.03254585411,2.830057862,2.960241279,6
Core-92,combined_74,Combined 74,8,1,2.811391795,0.03525325452,2.740885286,2.881898304,3
Core-92,industry_49,49 Industries,1,0,4.304702163,0.126367468,4.051967228,4.557437099,6
Core-92,industry_49,49 Industries,2,0,3.566462493,0.200796883,3.164868727,3.968056259,4
Core-92,industry_49,49 Industries,3,0,3.770795125,0.3259005647,3.118993996,4.422596255,5
Core-92,industry_49,49 Industries,4,0,3.137132688,0.2165398158,2.704053057,3.57021232,2
Core-92,industry_49,49 Industries,5,0,3.088494203,0.2067829294,2.674928344,3.502060061,1
Core-92,industry_49,49 Industries,8,0,3.370830459,0.285139491,2.800551477,3.941109441,3
Core-92,industry_49,49 Industries,1,0.05,4.221583478,0.1177126155,3.986158247,4.457008709,6
Core-92,industry_49,49 Industries,2,0.05,3.535512993,0.1904447609,3.154623471,3.916402515,4
Core-92,industry_49,49 Industries,3,0.05,3.731072321,0.3118672497,3.107337822,4.354806821,5
Core-92,industry_49,49 Industries,4,0.05,3.136414477,0.206867596,2.722679285,3.550149669,2
Core-92,industry_49,49 Industries,5,0.05,3.105957709,0.1900934526,2.725770804,3.486144614,1
Core-92,industry_49,49 Industries,8,0.05,3.35276457,0.2704272798,2.81191001,3.893619129,3
Core-92,industry_49,49 Industries,1,0.1,4.130128482,0.1088562826,3.912415917,4.347841047,6
Core-92,industry_49,49 Industries,2,0.1,3.497853366,0.1800212656,3.137810834,3.857895897,4
Core-92,industry_49,49 Industries,3,0.1,3.684196865,0.2972886927,3.08961948,4.278774251,5
Core-92,industry_49,49 Industries,4,0.1,3.129532242,0.1969773104,2.735577621,3.523486863,2
Core-92,industry_49,49 Industries,5,0.1,3.116190306,0.1741783932,2.767833519,3.464547092,1
Core-92,industry_49,49 Industries,8,0.1,3.328347019,0.255233132,2.817880755,3.838813283,3
Core-92,industry_49,49 Industries,1,0.15,4.030736774,0.09992447746,3.830887819,4.230585729,6
Core-92,industry_49,49 Industries,2,0.15,3.453372883,0.1696246388,3.114123605,3.79262216,4
Core-92,industry_49,49 Industries,3,0.15,3.630127123,0.2822813307,3.065564462,4.194689785,5
Core-92,industry_49,49 Industries,4,0.15,3.116053231,0.1869126182,2.742227995,3.489878467,1
Core-92,industry_49,49 Industries,5,0.15,3.118608275,0.1592154292,2.800177417,3.437039133,2
Core-92,industry_49,49 Industries,8,0.15,3.297324885,0.2396730468,2.817978791,3.776670978,3
Core-92,industry_49,49 Industries,1,0.2,3.924127146,0.09106497543,3.741997195,4.106257097,6
Core-92,industry_49,49 Industries,2,0.2,3.402197139,0.1593546611,3.083487817,3.720906461,4
Core-92,industry_49,49 Industries,3,0.2,3.569075945,0.2669832631,3.035109419,4.103042471,5
Core-92,industry_49,49 Industries,4,0.2,3.095743205,0.1767239656,2.742295274,3.449191137,1
Core-92,industry_49,49 Industries,5,0.2,3.11284417,0.1453582999,2.822127571,3.40356077,2
Core-92,industry_49,49 Industries,8,0.2,3.259659173,0.2238832777,2.811892617,3.707425728,3
Core-92,industry_49,49 Industries,1,0.25,3.811335831,0.08244268437,3.646450462,3.9762212,6
Core-92,industry_49,49 Industries,2,0.25,3.344707569,0.149306784,3.046094001,3.643321137,4
Core-92,industry_49,49 Industries,3,0.25,3.501527725,0.2515489326,2.99842986,4.00462559,5
Core-92,industry_49,49 Industries,4,0.25,3.068600543,0.1664675868,2.735665369,3.401535716,1
Core-92,industry_49,49 Industries,5,0.25,3.098788805,0.1327213068,2.833346192,3.364231419,2
Core-92,industry_49,49 Industries,8,0.25,3.215550408,0.2080156857,2.799519036,3.631581779,3
Core-92,industry_49,49 Industries,1,0.3,3.693686413,0.07423230067,3.545221812,3.842151014,6
Core-92,industry_49,49 Industries,2,0.3,3.281540103,0.1395662179,3.002407667,3.560672539,4
Core-92,industry_49,49 Industries,3,0.3,3.428233032,0.2361417535,2.955949525,3.900516539,5
Core-92,industry_49,49 Industries,4,0.3,3.034873209,0.1562040067,2.722465195,3.347281222,1
Core-92,industry_49,49 Industries,5,0.3,3.076615045,0.1213651536,2.833884738,3.319345352,2
Core-92,industry_49,49 Industries,8,0.3,3.16544551,0.1922313029,2.780982904,3.549908116,3
Core-92,industry_49,49 Industries,1,0.35,3.572731931,0.06660789043,3.43951615,3.705947712,6
Core-92,industry_49,49 Industries,2,0.35,3.213560999,0.1302028846,2.95315523,3.473966768,4
Core-92,industry_49,49 Industries,3,0.35,3.350179129,0.2209253776,2.908328374,3.792029884,5
Core-92,industry_49,49 Industries,4,0.35,2.995054902,0.1459961698,2.703062563,3.287047242,1
Core-92,industry_49,49 Industries,5,0.35,3.04677881,0.1112874249,2.82420396,3.26935366,2
Core-92,industry_49,49 Industries,8,0.35,3.110023277,0.1766926961,2.756637885,3.46340867,3
Core-92,industry_49,49 Industries,1,0.4,3.450174263,0.05972898566,3.330716291,3.569632234,6
Core-92,industry_49,49 Industries,2,0.4,3.141821482,0.1212680992,2.899285283,3.38435768,4
Core-92,industry_49,49 Industries,3,0.4,3.268538555,0.2060546005,2.856429354,3.680647756,5
Core-92,industry_49,49 Industries,4,0.4,2.94985982,0.1359073847,2.678045051,3.22167459,1
Core-92,industry_49,49 Industries,5,0.4,3.009996066,0.1024209905,2.805154085,3.214838047,2
Core-92,industry_49,49 Industries,8,0.4,3.050159105,0.1615559693,2.727047166,3.373271043,3
Core-92,industry_49,49 Industries,1,0.45,3.327769724,0.05372310159,3.220323521,3.435215927,6
Core-92,industry_49,49 Industries,2,0.45,3.067496312,0.1127935614,2.841909189,3.293083435,4
Core-92,industry_49,49 Industries,3,0.45,3.184601557,0.1916670421,2.801267473,3.567935641,5
Core-92,industry_49,49 Industries,4,0.45,2.90017891,0.1259993009,2.648180308,3.152177512,1
Core-92,industry_49,49 Industries,5,0.45,2.967198359,0.09464222711,2.777913905,3.156482814,2
Core-92,industry_49,49 Industries,8,0.45,2.986872966,0.1469633344,2.692946297,3.280799635,3
Core-92,industry_49,49 Industries,1,0.5,3.207231891,0.04866599587,3.109899899,3.304563882,6
Core-92,industry_49,49 Industries,2,0.5,2.991813889,0.104792772,2.782228345,3.201399433,4
Core-92,industry_49,49 Industries,3,0.5,3.099700627,0.1778766441,2.743947339,3.455453915,5
Core-92,industry_49,49 Industries,4,0.5,2.847023301,0.1163301168,2.614363067,3.079683534,1
Core-92,industry_49,49 Industries,5,0.5,2.919472752,0.08778822808,2.743896296,3.095049208,2
Core-92,industry_49,49 Industries,8,0.5,2.92126724,0.1330370846,2.655193071,3.187341409,3
Core-92,industry_49,49 Industries,1,0.55,3.09014255,0.0445640417,3.001014467,3.179270634,6
Core-92,industry_49,49 Industries,2,0.55,2.91598634,0.09726446711,2.721457406,3.110515274,4
Core-92,industry_49,49 Industries,3,0.55,3.015136141,0.1647697276,2.685596685,3.344675596,5
Core-92,industry_49,49 Industries,4,0.55,2.791462181,0.1069531583,2.577555865,3.005368498,1
Core-92,industry_49,49 Industries,5,0.55,2.867993928,0.08167923448,2.704635459,3.031352397,3
Core-92,industry_49,49 Industries,8,0.55,2.854462099,0.1198755464,2.614711007,3.094213192,2
Core-92,industry_49,49 Industries,1,0.6,2.977879593,0.04134647105,2.895186651,3.060572535,6
Core-92,industry_49,49 Industries,2,0.6,2.841147238,0.09019725569,2.660752727,3.021541749,4
Core-92,industry_49,49 Industries,3,0.6,2.932111082,0.1524039228,2.627303236,3.236918928,5
Core-92,industry_49,49 Industries,4,0.6,2.734562403,0.09791589381,2.538730615,2.93039419,1
Core-92,industry_49,49 Industries,5,0.6,2.813956563,0.07614093232,2.661674698,2.966238427,3
Core-92,industry_49,49 Industries,8,0.6,2.787535754,0.1075512526,2.572433249,3.002638259,2
Core-92,industry_49,49 Industries,1,0.65,2.871567261,0.03887491282,2.793817435,2.949317087,6
Core-92,industry_49,49 Industries,2,0.65,2.768302489,0.08357447423,2.60115354,2.935451437,4
Core-92,industry_49,49 Industries,3,0.65,2.851680494,0.140809818,2.570060858,3.13330013,5
Core-92,industry_49,49 Industries,4,0.65,2.677335798,0.08925937937,2.498817039,2.855854556,1
Core-92,industry_49,49 Industries,5,0.65,2.758514792,0.07102187967,2.616471032,2.900558551,3
Core-92,industry_49,49 Industries,8,0.65,2.721475129,0.09611123736,2.529252654,2.913697603,2
Core-92,industry_49,49 Industries,1,0.7,2.772050505,0.03697053175,2.698109442,2.845991569,5
Core-92,industry_49,49 Industries,2,0.7,2.698297239,0.07737837306,2.543540493,2.853053985,3
Core-92,industry_49,49 Industries,3,0.7,2.774718439,0.1299947843,2.514728871,3.034708008,6
Core-92,industry_49,49 Industries,4,0.7,2.62069811,0.0810180817,2.458661947,2.782734274,1
Core-92,industry_49,49 Industries,5,0.7,2.70273348,0.06620360078,2.570326279,2.835140682,4
Core-92,industry_49,49 Industries,8,0.7,2.657140185,0.08557910877,2.485981967,2.828298402,2
Core-92,industry_49,49 Industries,1,0.75,2.679891958,0.03544928289,2.608993392,2.750790524,5
Core-92,industry_49,49 Industries,2,0.75,2.631799072,0.07159305073,2.48861297,2.774985173,3
Core-92,industry_49,49 Industries,3,0.75,2.701902499,0.1199481752,2.462006149,2.94179885,6
Core-92,industry_49,49 Industries,4,0.75,2.565441159,0.07322000739,2.419001145,2.711881174,1
Core-92,industry_49,49 Industries,5,0.75,2.647553517,0.06160342119,2.524346674,2.770760359,4
Core-92,industry_49,49 Industries,8,0.75,2.595242725,0.07595840657,2.443325912,2.747159538,2
Core-92,industry_49,49 Industries,1,0.8,2.595387742,0.03415216608,2.52708341,2.663692074,5
Core-92,industry_49,49 Industries,2,0.8,2.569295735,0.06620593754,2.43688386,2.70170761,3
Core-92,industry_49,49 Industries,3,0.8,2.633713775,0.1106470121,2.412419751,2.855007799,6
Core-92,industry_49,49 Industries,4,0.8,2.512217909,0.06588707533,2.380443759,2.64399206,1
Core-92,industry_49,49 Industries,5,0.8,2.593771184,0.05717180616,2.479427571,2.708114796,4
Core-92,industry_49,49 Industries,8,0.8,2.536338579,0.06723673275,2.401865114,2.670812045,2
Core-92,industry_49,49 Industries,1,0.85,2.518597132,0.03296248447,2.452672163,2.5845221,4
Core-92,industry_49,49 Industries,2,0.85,2.51110443,0.06120796809,2.388688494,2.633520367,3
Core-92,industry_49,49 Industries,3,0.85,2.570449088,0.1020613434,2.366326401,2.774571775,6
Core-92,industry_49,49 Industries,4,0.85,2.461538767,0.05903569386,2.343467379,2.579610155,1
Core-92,industry_49,49 Industries,5,0.85,2.542030106,0.0528865147,2.436257076,2.647803135,5
Core-92,industry_49,49 Industries,8,0.85,2.480830849,0.05939019417,2.36205046,2.599611237,2
Core-92,industry_49,49 Industries,1,0.9,2.449380806,0.03180990467,2.385760997,2.513000615,3
Core-92,industry_49,49 Industries,2,0.9,2.457389234,0.05659280246,2.344203629,2.570574839,4
Core-92,industry_49,49 Industries,3,0.9,2.512241636,0.0941586587,2.323924319,2.700558953,6
Core-92,industry_49,49 Industries,4,0.9,2.413776697,0.05267753382,2.308421629,2.519131765,1
Core-92,industry_49,49 Industries,5,0.9,2.492823358,0.04874561456,2.395332128,2.590314587,5
Core-92,industry_49,49 Industries,8,0.9,2.428981305,0.05238778898,2.324205727,2.533756883,2
Core-92,industry_49,49 Industries,1,0.95,2.387442867,0.03066557352,2.32611172,2.448774014,3
Core-92,industry_49,49 Industries,2,0.95,2.408183324,0.05235553392,2.303472256,2.512894391,4
Core-92,industry_49,49 Industries,3,0.95,2.459086506,0.08690700455,2.285272497,2.632900515,6
Core-92,industry_49,49 Industries,4,0.95,2.369178581,0.04682051295,2.275537555,2.462819607,1
Core-92,industry_49,49 Industries,5,0.95,2.44650305,0.04476078921,2.356981471,2.536024628,5
Core-92,industry_49,49 Industries,8,0.95,2.380927072,0.0461954499,2.288536172,2.473317971,2
Core-92,industry_49,49 Industries,1,1,2.332372628,0.02953295356,2.273306721,2.391438535,2
Core-92,industry_49,49 Industries,2,1,2.363413209,0.04849128494,2.266430639,2.460395779,4
Core-92,industry_49,49 Industries,3,1,2.410867978,0.08027671075,2.250314557,2.5714214,6
Core-92,industry_49,49 Industries,4,1,2.327880431,0.04147001845,2.244940394,2.410820468,1
Core-92,industry_49,49 Industries,5,1,2.403294821,0.04095174268,2.321391336,2.485198307,5
Core-92,industry_49,49 Industries,8,1,2.336700025,0.04077948809,2.255141049,2.418259002,3
Core-92,size_bm_25,25 Size–B/M,1,0,3.320816827,0.1828271136,2.955162599,3.686471054,6
Core-92,size_bm_25,25 Size–B/M,2,0,2.455460499,0.2194967986,2.016466901,2.894454096,4
Core-92,size_bm_25,25 Size–B/M,3,0,2.725221983,0.3058580096,2.113505963,3.336938002,5
Core-92,size_bm_25,25 Size–B/M,4,0,1.892912342,0.2051271184,1.482658106,2.303166579,2
Core-92,size_bm_25,25 Size–B/M,5,0,1.597210459,0.3141699761,0.968870507,2.225550411,1
Core-92,size_bm_25,25 Size–B/M,8,0,2.221395356,0.3361166317,1.549162092,2.893628619,3
Core-92,size_bm_25,25 Size–B/M,1,0.05,3.295134833,0.1769650554,2.941204722,3.649064943,6
Core-92,size_bm_25,25 Size–B/M,2,0.05,2.451068965,0.2140132872,2.02304239,2.879095539,4
Core-92,size_bm_25,25 Size–B/M,3,0.05,2.716249429,0.2992297562,2.117789917,3.314708942,5
Core-92,size_bm_25,25 Size–B/M,4,0.05,1.911910872,0.2005471018,1.510816668,2.313005075,2
Core-92,size_bm_25,25 Size–B/M,5,0.05,1.63673112,0.2997318919,1.037267336,2.236194904,1
Core-92,size_bm_25,25 Size–B/M,8,0.05,2.228799611,0.325622863,1.577553885,2.880045337,3
Core-92,size_bm_25,25 Size–B/M,1,0.1,3.26343824,0.1701381119,2.923162016,3.603714464,6
Core-92,size_bm_25,25 Size–B/M,2,0.1,2.444564127,0.2075953838,2.029373359,2.859754895,4
Core-92,size_bm_25,25 Size–B/M,3,0.1,2.704167448,0.2914589076,2.121249633,3.287085264,5
Core-92,size_bm_25,25 Size–B/M,4,0.1,1.931792861,0.1955037415,1.540785377,2.322800344,2
Core-92,size_bm_25,25 Size–B/M,5,0.1,1.678248357,0.2841033245,1.110041708,2.246455006,1
Core-92,size_bm_25,25 Size–B/M,8,0.1,2.235204751,0.3138256358,1.607553479,2.862856022,3
Core-92,size_bm_25,25 Size–B/M,1,0.15,3.224646183,0.1622582379,2.900129707,3.549162659,6
Core-92,size_bm_25,25 Size–B/M,2,0.15,2.435346352,0.2001536512,2.03503905,2.835653655,4
Core-92,size_bm_25,25 Size–B/M,3,0.15,2.688222407,0.2824251644,2.123372079,3.253072736,5
Core-92,size_bm_25,25 Size–B/M,4,0.15,1.952029327,0.18999599,1.572037348,2.332021307,2
Core-92,size_bm_25,25 Size–B/M,5,0.15,1.721064975,0.2673390109,1.186386953,2.255742996,1
Core-92,size_bm_25,25 Size–B/M,8,0.15,2.239936416,0.3006740671,1.638588282,2.84128455,3
Core-92,size_bm_25,25 Size–B/M,1,0.2,3.177682321,0.1532650056,2.87115231,3.484212332,6
Core-92,size_bm_25,25 Size–B/M,2,0.2,2.422753526,0.1916245916,2.039504342,2.806002709,4
Core-92,size_bm_25,25 Size–B/M,3,0.2,2.667608033,0.272034973,2.123538087,3.211677979,5
Core-92,size_bm_25,25 Size–B/M,4,0.2,1.971900788,0.1840284473,1.603843894,2.339957683,2
Core-92,size_bm_25,25 Size–B/M,5,0.2,1.764236447,0.2495482326,1.265139982,2.263332912,1
Core-92,size_bm_25,25 Size–B/M,8,0.2,2.242190437,0.2861575219,1.669875393,2.81450548,3
Core-92,size_bm_25,25 Size–B/M,1,0.25,3.121589661,0.1431434572,2.835302746,3.407876575,6
Core-92,size_bm_25,25 Size–B/M,2,0.25,2.406107611,0.1819872086,2.042133193,2.770082028,4
Core-92,size_bm_25,25 Size–B/M,3,0.25,2.641530694,0.2602415936,2.121047507,3.162013881,5
Core-92,size_bm_25,25 Size–B/M,4,0.25,1.990502179,0.1776089368,1.635284306,2.345720053,2
Core-92,size_bm_25,25 Size–B/M,5,0.25,1.806572312,0.230906117,1.344760078,2.268384546,1
Core-92,size_bm_25,25 Size–B/M,8,0.25,2.241068038,0.2703209469,1.700426144,2.781709932,3
Core-92,size_bm_25,25 Size–B/M,1,0.3,3.055684318,0.1319439702,2.791796378,3.319572259,6
Core-92,size_bm_25,25 Size–B/M,2,0.3,2.384787731,0.1712806567,2.042226417,2.727349044,4
Core-92,size_bm_25,25 Size–B/M,3,0.3,2.609305841,0.2470675407,2.115170759,3.103440922,5
Core-92,size_bm_25,25 Size–B/M,4,0.3,2.006779978,0.1707456725,1.665288633,2.348271323,2
Core-92,size_bm_25,25 Size–B/M,5,0.3,1.84667509,0.2116612873,1.423352516,2.269997665,1
Core-92,size_bm_25,25 Size–B/M,8,0.3,2.235643261,0.2532797421,1.729083777,2.742202745,3
Core-92,size_bm_25,25 Size–B/M,1,0.35,2.979732952,0.1198008919,2.740131168,3.219334736,6
Core-92,size_bm_25,25 Size–B/M,2,0.35,2.358326206,0.1596194266,2.039087352,2.677565059,4
Core-92,size_bm_25,25 Size–B/M,3,0.35,2.57047913,0.2326254535,2.105228223,3.035730037,5
Core-92,size_bm_25,25 Size–B/M,4,0.35,2.01960884,0.1634452598,1.69271832,2.34649936,2
Core-92,size_bm_25,25 Size–B/M,5,0.35,1.883026872,0.1921360476,1.498754777,2.267298968,1
Core-92,size_bm_25,25 Size–B/M,8,0.35,2.225063272,0.2352305433,1.754602186,2.695524359,3
Core-92,size_bm_25,25 Size–B/M,1,0.4,2.894121236,0.1069452504,2.680230735,3.108011737,6
Core-92,size_bm_25,25 Size–B/M,2,0.4,2.326513822,0.1472012119,2.032111398,2.620916246,4
Core-92,size_bm_25,25 Size–B/M,3,0.4,2.5249533,0.21713157,2.090690161,2.95921644,5
Core-92,size_bm_25,25 Size–B/M,4,0.4,2.027906209,0.1557130905,1.716480028,2.33933239,2
Core-92,size_bm_25,25 Size–B/M,5,0.4,1.914124048,0.1727152436,1.56869356,2.259554535,1
Core-92,size_bm_25,25 Size–B/M,8,0.4,2.208671635,0.2164533326,1.77576497,2.6415783,3
Core-92,size_bm_25,25 Size–B/M,1,0.45,2.799966563,0.09370649615,2.612553571,2.987379555,6
Core-92,size_bm_25,25 Size–B/M,2,0.45,2.289490191,0.1343025518,2.020885087,2.558095295,4
Core-92,size_bm_25,25 Size–B/M,3,0.45,2.473089973,0.200905359,2.071279255,2.874900691,5
Core-92,size_bm_25,25 Size–B/M,4,0.45,2.030769976,0.1475572977,1.73565538,2.325884571,2
Core-92,size_bm_25,25 Size–B/M,5,0.45,1.938645079,0.1538214691,1.631002141,2.246288017,1
Core-92,size_bm_25,25 Size–B/M,8,0.45,2.18613185,0.1973007225,1.791530405,2.580733295,3
Core-92,size_bm_25,25 Size–B/M,1,0.5,2.699127148,0.08049982629,2.538127495,2.860126801,6
Core-92,size_bm_25,25 Size–B/M,2,0.5,2.247790206,0.1212593993,2.005271408,2.490309005,4
Core-92,size_bm_25,25 Size–B/M,3,0.5,2.415751266,0.1843506705,2.047049925,2.784452607,5
Core-92,size_bm_25,25 Size–B/M,4,0.5,2.027611013,0.1389961441,1.749618725,2.305603301,2
Core-92,size_bm_25,25 Size–B/M,5,0.5,1.955619616,0.1358776421,1.683864332,2.2273749,1
Core-92,size_bm_25,25 Size–B/M,8,0.5,2.157519401,0.178172767,1.801173868,2.513864935,3
Core-92,size_bm_25,25 Size–B/M,1,0.55,2.594079163,0.0677991815,2.4584808,2.729677526,6
Core-92,size_bm_25,25 Size–B/M,2,0.55,2.20232389,0.108433877,1.985456136,2.419191644,4
Core-92,size_bm_25,25 Size–B/M,3,0.55,2.354255797,0.1679182726,2.018419252,2.690092342,5
Core-92,size_bm_25,25 Size–B/M,4,0.55,2.018246545,0.1300669364,1.758112672,2.278380418,2
Core-92,size_bm_25,25 Size–B/M,5,0.55,1.964558121,0.1192623347,1.726033451,2.20308279,1
Core-92,size_bm_25,25 Size–B/M,8,0.55,2.123352035,0.1594799489,1.804392138,2.442311933,3
Core-92,size_bm_25,25 Size–B/M,1,0.6,2.487670953,0.05609978568,2.375471381,2.599870524,6
Core-92,size_bm_25,25 Size–B/M,2,0.6,2.154285122,0.09617331026,1.961938502,2.346631743,4
Core-92,size_bm_25,25 Size–B/M,3,0.6,2.290247312,0.1520556002,1.986136112,2.594358513,5
Core-92,size_bm_25,25 Size–B/M,4,0.6,2.002927487,0.120833295,1.761260897,2.244594077,2
Core-92,size_bm_25,25 Size–B/M,5,0.6,1.965506988,0.1042668597,1.756973268,2.174040707,1
Core-92,size_bm_25,25 Size–B/M,8,0.6,2.084542995,0.1416014694,1.801340056,2.367745934,3
Core-92,size_bm_25,25 Size–B/M,1,0.65,2.382803854,0.04587446531,2.291054923,2.474552785,6
Core-92,size_bm_25,25 Size–B/M,2,0.65,2.105008039,0.08477087331,1.935466292,2.274549785,4
Core-92,size_bm_25,25 Size–B/M,3,0.65,2.225502771,0.1371544016,1.951193968,2.499811574,5
Core-92,size_bm_25,25 Size–B/M,4,0.65,1.98229207,0.1113877923,1.759516485,2.205067654,2
Core-92,size_bm_25,25 Size–B/M,5,0.65,1.95901501,0.09106412276,1.776886765,2.141143256,1
Core-92,size_bm_25,25 Size–B/M,8,0.65,2.042285718,0.1248483283,1.792589061,2.291982375,3
Core-92,size_bm_25,25 Size–B/M,1,0.7,2.282113121,0.03752033914,2.207072443,2.3571538,6
Core-92,size_bm_25,25 Size–B/M,2,0.7,2.055806887,0.07443706365,1.906932759,2.204681014,4
Core-92,size_bm_25,25 Size–B/M,3,0.7,2.161726318,0.1235083615,1.914709595,2.408743041,5
Core-92,size_bm_25,25 Size–B/M,4,0.7,1.957260778,0.1018486779,1.753563422,2.160958134,2
Core-92,size_bm_25,25 Size–B/M,5,0.7,1.946024044,0.0796968602,1.786630323,2.105417764,1
Core-92,size_bm_25,25 Size–B/M,8,0.7,1.997899857,0.109439456,1.779020945,2.216778769,3
Core-92,size_bm_25,25 Size–B/M,1,0.75,2.187718497,0.03127834903,2.125161798,2.250275195,6
Core-92,size_bm_25,25 Size–B/M,2,0.75,2.007837514,0.06528766483,1.877262184,2.138412843,4
Core-92,size_bm_25,25 Size–B/M,3,0.75,2.100376641,0.1112899763,1.877796688,2.322956593,5
Core-92,size_bm_25,25 Size–B/M,4,0.75,1.928902981,0.09235168747,1.744199606,2.113606356,2
Core-92,size_bm_25,25 Size–B/M,5,0.75,1.927717003,0.07008787606,1.787541251,2.067892756,1
Core-92,size_bm_25,25 Size–B/M,8,0.75,1.952677245,0.09549483246,1.76168758,2.14366691,3
Core-92,size_bm_25,25 Size–B/M,1,0.8,2.101086211,0.02711808552,2.04685004,2.155322382,6
Core-92,size_bm_25,25 Size–B/M,2,0.8,1.962006669,0.05734861691,1.847309435,2.076703903,4
Core-92,size_bm_25,25 Size–B/M,3,0.8,2.042558988,0.1005501881,1.841458612,2.243659364,5
Core-92,size_bm_25,25 Size–B/M,4,0.8,1.898307822,0.08303955577,1.73222871,2.064386933,1
Core-92,size_bm_25,25 Size–B/M,5,0.8,1.905361799,0.06206894864,1.781223902,2.029499696,2
Core-92,size_bm_25,25 Size–B/M,8,0.8,1.907759975,0.08304426954,1.741671436,2.073848514,3
Core-92,size_bm_25,25 Size–B/M,1,0.85,2.023007962,0.0246657618,1.973676438,2.072339485,6
Core-92,size_bm_25,25 Size–B/M,2,0.85,1.918936746,0.05057362552,1.817789495,2.020083997,4
Core-92,size_bm_25,25 Size–B/M,3,0.85,1.988989573,0.09123785886,1.806513855,2.171465291,5
Core-92,size_bm_25,25 Size–B/M,4,0.85,1.866482761,0.0740521779,1.718378405,2.014587117,2
Core-92,size_bm_25,25 Size–B/M,5,0.85,1.880181346,0.05542013308,1.76934108,1.991021612,3
Core-92,size_bm_25,25 Size–B/M,8,0.85,1.864066886,0.07204669044,1.719973505,2.008160267,1
Core-92,size_bm_25,25 Size–B/M,1,0.9,1.953673301,0.02331371799,1.907045865,2.000300737,6
Core-92,size_bm_25,25 Size–B/M,2,0.9,1.878977611,0.04486798301,1.789241645,1.968713577,4
Core-92,size_bm_25,25 Size–B/M,3,0.9,1.940020246,0.08323134384,1.773557559,2.106482934,5
Core-92,size_bm_25,25 Size–B/M,4,0.9,1.834289613,0.06551958124,1.703250451,1.965328776,2
Core-92,size_bm_25,25 Size–B/M,5,0.9,1.853264639,0.04990901882,1.753446601,1.953082676,3
Core-92,size_bm_25,25 Size–B/M,8,0.9,1.822268238,0.0624134809,1.697441277,1.9470952,1
Core-92,size_bm_25,25 Size–B/M,1,0.95,1.892797839,0.02246837916,1.847861081,1.937734597,5
Core-92,size_bm_25,25 Size–B/M,2,0.95,1.842248869,0.0401122254,1.762024418,1.92247332,4
Core-92,size_bm_25,25 Size–B/M,3,0.95,1.895701332,0.07637268321,1.742955966,2.048446699,6
Core-92,size_bm_25,25 Size–B/M,4,0.95,1.802416274,0.05755864768,1.687298979,1.91753357,2
Core-92,size_bm_25,25 Size–B/M,5,0.95,1.825519807,0.04532111297,1.734877581,1.916162032,3
Core-92,size_bm_25,25 Size–B/M,8,0.95,1.782797541,0.054030507,1.674736527,1.890858555,1
Core-92,size_bm_25,25 Size–B/M,1,1,1.839769981,0.0217202607,1.79632946,1.883210503,5
Core-92,size_bm_25,25 Size–B/M,2,1,1.808695325,0.03618116261,1.736333,1.88105765,4
Core-92,size_bm_25,25 Size–B/M,3,1,1.855860041,0.07049651121,1.714867019,1.996853064,6
Core-92,size_bm_25,25 Size–B/M,4,1,1.771375777,0.05027339625,1.670828985,1.87192257,2
Core-92,size_bm_25,25 Size–B/M,5,1,1.797661276,0.0414770721,1.714707132,1.880615421,3
Core-92,size_bm_25,25 Size–B/M,8,1,1.74588574,0.04677555555,1.652334629,1.839436852,1
