model,update,net_return,sharpe,turnover,ce_gamma5
Neural,Frozen,0.130205948539241,0.5460207885664915,1.2192599456860205,-0.011955979340690176
Neural,Rolling 60,-0.006110349719451484,-0.021760455047036064,0.8741077211557087,-0.20323284928393787
Neural,Expanding,0.131237344322331,0.4443649019701037,1.3515255752494888,-0.08682233936853981
Ridge,Frozen,0.05591524737659087,0.24463487379042184,0.7866385086271659,-0.07469094680560381
Ridge,Rolling 60,0.045993233027728696,0.1578362655512556,1.0304025367743224,-0.16628931532378594
Ridge,Expanding,0.07916838159323575,0.37819623759558246,0.7449878100842593,-0.03038079924358758
Tree,Frozen,0.03827713911129985,0.1201460895383151,1.029710285920153,-0.21546913232746556
Tree,Rolling 60,-0.11647295702692753,-0.37143744791292654,1.3240848527678188,-0.36229387623539216
Tree,Expanding,-0.0015952117102794915,-0.0053505027196206175,1.1482263570430897,-0.22381743512967656
