model,update,period,A,twoB,loss_diff,lambda_star
Neural,Rolling 60,2000-2009,0.0005825192023232534,5.1233964070173846e-05,0.0005312852382530797,0.04397620187097535
Neural,Rolling 60,2010-2019,0.0002568770129650656,0.0005092628545711336,-0.00025238584160606787,0.9912581291195401
Neural,Expanding,2000-2009,0.00047457187185057445,-0.00033111687985880426,0.000805688751709379,0.0
Neural,Expanding,2010-2019,9.141872602479311e-05,-2.1393237904423694e-06,9.355804981523553e-05,0.0
Ridge,Rolling 60,2000-2009,0.004207508575935611,0.002167117353422409,0.0020403912225132248,0.25752976070173705
Ridge,Rolling 60,2010-2019,0.0015520295452631926,0.0015385463316593643,1.3483213603831859e-05,0.4956562638755882
Ridge,Expanding,2000-2009,0.000662125661763187,0.0006310911864086994,3.103447535448749e-05,0.4765645124885771
Ridge,Expanding,2010-2019,0.00033997077999573975,0.0006709595304252444,-0.00033098875042950553,0.986789997707527
Tree,Rolling 60,2000-2009,0.0037087142226801023,0.0025864855125835827,0.0011222287100965207,0.3487038037018742
Tree,Rolling 60,2010-2019,0.0033637625571372445,0.004236293782722648,-0.0008725312255854032,0.6296957217943436
Tree,Expanding,2000-2009,0.0011504867145320302,0.0019212317158411093,-0.0007707450013090795,0.834964755165637
Tree,Expanding,2010-2019,0.0017923219585008275,0.003441931540539367,-0.0016496095820385396,0.9601878513552167
