true_dimension,months,asset_count,signal,rho,spanning,geometry,evaluation,observations,exact_count,exact_rate,exact_ci_low,exact_ci_high,under_rate,over_rate,mean_absolute_error,median_selected_k
1,72,25,strong,0.0,full,equal,oracle,3000,3000,1.0,0.9987211512746742,1.0000000000000002,0.0,0.0,0.0,1.0
1,72,25,strong,0.0,full,equal,feasible,3000,1396,0.4653333333333333,0.447540142970134,0.4832151905414885,0.0,0.5346666666666666,1.6063333333333334,2.0
1,72,25,strong,0.0,full,hj,oracle,3000,3000,1.0,0.9987211512746742,1.0000000000000002,0.0,0.0,0.0,1.0
1,72,25,strong,0.0,full,hj,feasible,3000,1501,0.5003333333333333,0.4824524137848881,0.5182134003159616,0.0,0.4996666666666666,1.354666666666667,1.0
1,72,25,strong,0.0,weak_tail,equal,oracle,3000,3000,1.0,0.9987211512746742,1.0000000000000002,0.0,0.0,0.0,1.0
1,72,25,strong,0.0,weak_tail,equal,feasible,3000,1403,0.4676666666666667,0.4498648962635153,0.4855511359540558,0.0,0.5323333333333333,1.6086666666666667,2.0
1,72,25,strong,0.0,weak_tail,hj,oracle,3000,3000,1.0,0.9987211512746742,1.0000000000000002,0.0,0.0,0.0,1.0
1,72,25,strong,0.0,weak_tail,hj,feasible,3000,1521,0.507,0.4891123009584909,0.5248697951593545,0.0,0.493,1.3553333333333333,1.0
1,72,25,strong,0.7,full,equal,oracle,3000,3000,1.0,0.9987211512746742,1.0000000000000002,0.0,0.0,0.0,1.0
1,72,25,strong,0.7,full,equal,feasible,3000,1374,0.458,0.4402363275196907,0.4758710957732366,0.0,0.542,1.8653333333333333,2.0
1,72,25,strong,0.7,full,hj,oracle,3000,3000,1.0,0.9987211512746742,1.0000000000000002,0.0,0.0,0.0,1.0
1,72,25,strong,0.7,full,hj,feasible,3000,1501,0.5003333333333333,0.4824524137848881,0.5182134003159616,0.0,0.4996666666666666,1.3213333333333332,1.0
1,72,25,strong,0.7,weak_tail,equal,oracle,3000,3000,1.0,0.9987211512746742,1.0000000000000002,0.0,0.0,0.0,1.0
1,72,25,strong,0.7,weak_tail,equal,feasible,3000,1353,0.451,0.4332681253168471,0.4688572018582348,0.0,0.549,1.963666666666667,2.0
1,72,25,strong,0.7,weak_tail,hj,oracle,3000,3000,1.0,0.9987211512746742,1.0000000000000002,0.0,0.0,0.0,1.0
1,72,25,strong,0.7,weak_tail,hj,feasible,3000,1502,0.5006666666666667,0.4827853327404069,0.5185462954612928,0.0,0.4993333333333333,1.338,1.0
1,72,25,weak,0.0,full,equal,oracle,3000,3000,1.0,0.9987211512746742,1.0000000000000002,0.0,0.0,0.0,1.0
1,72,25,weak,0.0,full,equal,feasible,3000,1451,0.4836666666666667,0.4658165878733658,0.5015585211849949,0.0,0.5163333333333333,1.544,2.0
1,72,25,weak,0.0,full,hj,oracle,3000,3000,1.0,0.9987211512746742,1.0000000000000002,0.0,0.0,0.0,1.0
1,72,25,weak,0.0,full,hj,feasible,3000,1561,0.5203333333333333,0.502441605220763,0.5381730549310737,0.0,0.4796666666666667,1.312,1.0
1,72,25,weak,0.0,weak_tail,equal,oracle,3000,3000,1.0,0.9987211512746742,1.0000000000000002,0.0,0.0,0.0,1.0
1,72,25,weak,0.0,weak_tail,equal,feasible,3000,1406,0.4686666666666667,0.4508613389253555,0.4865521355947649,0.0,0.5313333333333333,1.5703333333333334,2.0
1,72,25,weak,0.0,weak_tail,hj,oracle,3000,3000,1.0,0.9987211512746742,1.0000000000000002,0.0,0.0,0.0,1.0
1,72,25,weak,0.0,weak_tail,hj,feasible,3000,1524,0.508,0.4901115578991594,0.5258679805212355,0.0,0.492,1.3126666666666666,1.0
1,72,25,weak,0.7,full,equal,oracle,3000,3000,1.0,0.9987211512746742,1.0000000000000002,0.0,0.0,0.0,1.0
1,72,25,weak,0.7,full,equal,feasible,3000,1359,0.453,0.4352586784974549,0.4708615332827257,0.0,0.547,1.9276666666666664,2.0
1,72,25,weak,0.7,full,hj,oracle,3000,3000,1.0,0.9987211512746742,1.0000000000000002,0.0,0.0,0.0,1.0
1,72,25,weak,0.7,full,hj,feasible,3000,1514,0.5046666666666667,0.4867809792879964,0.5225404181239006,0.0,0.4953333333333333,1.364,1.0
1,72,25,weak,0.7,weak_tail,equal,oracle,3000,3000,1.0,0.9987211512746742,1.0000000000000002,0.0,0.0,0.0,1.0
1,72,25,weak,0.7,weak_tail,equal,feasible,3000,1402,0.4673333333333333,0.4495327646816128,0.4852174534351085,0.0,0.5326666666666666,1.8633333333333333,2.0
1,72,25,weak,0.7,weak_tail,hj,oracle,3000,3000,1.0,0.9987211512746742,1.0000000000000002,0.0,0.0,0.0,1.0
1,72,25,weak,0.7,weak_tail,hj,feasible,3000,1506,0.502,0.4841170879302668,0.519877796674832,0.0,0.498,1.3296666666666668,1.0
1,72,74,strong,0.0,full,equal,oracle,3000,3000,1.0,0.9987211512746742,1.0000000000000002,0.0,0.0,0.0,1.0
1,72,74,strong,0.0,full,equal,feasible,3000,1374,0.458,0.4402363275196907,0.4758710957732366,0.0,0.542,1.6196666666666666,2.0
1,72,74,strong,0.0,full,hj,oracle,3000,3000,1.0,0.9987211512746742,1.0000000000000002,0.0,0.0,0.0,1.0
1,72,74,strong,0.0,full,hj,feasible,3000,1492,0.4973333333333333,0.4794565003396984,0.5152169868535034,0.0,0.5026666666666667,1.351,2.0
1,72,74,strong,0.0,weak_tail,equal,oracle,3000,3000,1.0,0.9987211512746742,1.0000000000000002,0.0,0.0,0.0,1.0
1,72,74,strong,0.0,weak_tail,equal,feasible,3000,1430,0.4766666666666667,0.4588354647967835,0.4945575481437317,0.0,0.5233333333333333,1.5496666666666667,2.0
1,72,74,strong,0.0,weak_tail,hj,oracle,3000,3000,1.0,0.9987211512746742,1.0000000000000002,0.0,0.0,0.0,1.0
1,72,74,strong,0.0,weak_tail,hj,feasible,3000,1555,0.5183333333333333,0.5004413988680428,0.5361783766786951,0.0,0.4816666666666667,1.2716666666666667,1.0
1,72,74,strong,0.7,full,equal,oracle,3000,3000,1.0,0.9987211512746742,1.0000000000000002,0.0,0.0,0.0,1.0
1,72,74,strong,0.7,full,equal,feasible,3000,1411,0.4703333333333333,0.4525222363550081,0.4882203086693611,0.0,0.5296666666666666,1.903,2.0
1,72,74,strong,0.7,full,hj,oracle,3000,3000,1.0,0.9987211512746742,1.0000000000000002,0.0,0.0,0.0,1.0
1,72,74,strong,0.7,full,hj,feasible,3000,1529,0.5096666666666667,0.4917771449327175,0.5275314639919261,0.0,0.4903333333333333,1.298,1.0
1,72,74,strong,0.7,weak_tail,equal,oracle,3000,3000,1.0,0.9987211512746742,1.0000000000000002,0.0,0.0,0.0,1.0
1,72,74,strong,0.7,weak_tail,equal,feasible,3000,1355,0.4516666666666666,0.4339316108512974,0.4695253445254841,0.0,0.5483333333333333,1.9986666666666664,2.0
1,72,74,strong,0.7,weak_tail,hj,oracle,3000,3000,1.0,0.9987211512746742,1.0000000000000002,0.0,0.0,0.0,1.0
1,72,74,strong,0.7,weak_tail,hj,feasible,3000,1536,0.512,0.4941093003189193,0.5298600073116729,0.0,0.488,1.3196666666666668,1.0
1,72,74,weak,0.0,full,equal,oracle,3000,3000,1.0,0.9987211512746742,1.0000000000000002,0.0,0.0,0.0,1.0
1,72,74,weak,0.0,full,equal,feasible,3000,1374,0.458,0.4402363275196907,0.4758710957732366,0.0,0.542,1.6223333333333334,2.0
1,72,74,weak,0.0,full,hj,oracle,3000,3000,1.0,0.9987211512746742,1.0000000000000002,0.0,0.0,0.0,1.0
1,72,74,weak,0.0,full,hj,feasible,3000,1498,0.4993333333333333,0.4814537045387073,0.5172146672595932,0.0,0.5006666666666667,1.3333333333333333,2.0
1,72,74,weak,0.0,weak_tail,equal,oracle,3000,3000,1.0,0.9987211512746742,1.0000000000000002,0.0,0.0,0.0,1.0
1,72,74,weak,0.0,weak_tail,equal,feasible,3000,1401,0.467,0.449200641087459,0.4848837629284125,0.0,0.533,1.5766666666666669,2.0
1,72,74,weak,0.0,weak_tail,hj,oracle,3000,3000,1.0,0.9987211512746742,1.0000000000000002,0.0,0.0,0.0,1.0
1,72,74,weak,0.0,weak_tail,hj,feasible,3000,1528,0.5093333333333333,0.4914440116448362,0.5271987831789577,0.0,0.4906666666666666,1.3033333333333332,1.0
1,72,74,weak,0.7,full,equal,oracle,3000,3000,1.0,0.9987211512746742,1.0000000000000002,0.0,0.0,0.0,1.0
1,72,74,weak,0.7,full,equal,feasible,3000,1380,0.46,0.4422278927407642,0.4778744151572619,0.0,0.54,1.87,2.0
1,72,74,weak,0.7,full,hj,oracle,3000,3000,1.0,0.9987211512746742,1.0000000000000002,0.0,0.0,0.0,1.0
1,72,74,weak,0.7,full,hj,feasible,3000,1532,0.5106666666666667,0.4927765924446521,0.5285294587825411,0.0,0.4893333333333333,1.28,1.0
1,72,74,weak,0.7,weak_tail,equal,oracle,3000,3000,1.0,0.9987211512746742,1.0000000000000002,0.0,0.0,0.0,1.0
1,72,74,weak,0.7,weak_tail,equal,feasible,3000,1412,0.4706666666666667,0.4528544397810928,0.4885539193441263,0.0,0.5293333333333333,1.9733333333333336,2.0
1,72,74,weak,0.7,weak_tail,hj,oracle,3000,3000,1.0,0.9987211512746742,1.0000000000000002,0.0,0.0,0.0,1.0
1,72,74,weak,0.7,weak_tail,hj,feasible,3000,1526,0.5086666666666667,0.490777768891394,0.5265333977307004,0.0,0.4913333333333333,1.3236666666666668,1.0
1,240,25,strong,0.0,full,equal,oracle,3000,3000,1.0,0.9987211512746742,1.0000000000000002,0.0,0.0,0.0,1.0
1,240,25,strong,0.0,full,equal,feasible,3000,1465,0.4883333333333333,0.4704726179061674,0.5062238885640902,0.0,0.5116666666666667,1.5643333333333334,2.0
1,240,25,strong,0.0,full,hj,oracle,3000,3000,1.0,0.9987211512746742,1.0000000000000002,0.0,0.0,0.0,1.0
1,240,25,strong,0.0,full,hj,feasible,3000,1572,0.524,0.5061093942353027,0.5418292210258818,0.0,0.476,1.2976666666666667,1.0
1,240,25,strong,0.0,weak_tail,equal,oracle,3000,3000,1.0,0.9987211512746742,1.0000000000000002,0.0,0.0,0.0,1.0
1,240,25,strong,0.0,weak_tail,equal,feasible,3000,1415,0.4716666666666667,0.4538510979225739,0.4895547035051946,0.0,0.5283333333333333,1.543,2.0
1,240,25,strong,0.0,weak_tail,hj,oracle,3000,3000,1.0,0.9987211512746742,1.0000000000000002,0.0,0.0,0.0,1.0
1,240,25,strong,0.0,weak_tail,hj,feasible,3000,1521,0.507,0.4891123009584909,0.5248697951593545,0.0,0.493,1.2986666666666666,1.0
1,240,25,strong,0.7,full,equal,oracle,3000,3000,1.0,0.9987211512746742,1.0000000000000002,0.0,0.0,0.0,1.0
1,240,25,strong,0.7,full,equal,feasible,3000,1381,0.4603333333333333,0.4425598483322413,0.4782082736666345,0.0,0.5396666666666666,1.9386666666666668,2.0
1,240,25,strong,0.7,full,hj,oracle,3000,3000,1.0,0.9987211512746742,1.0000000000000002,0.0,0.0,0.0,1.0
1,240,25,strong,0.7,full,hj,feasible,3000,1478,0.4926666666666666,0.4747974684473218,0.5105546213339829,0.0,0.5073333333333333,1.377,2.0
1,240,25,strong,0.7,weak_tail,equal,oracle,3000,3000,1.0,0.9987211512746742,1.0000000000000002,0.0,0.0,0.0,1.0
1,240,25,strong,0.7,weak_tail,equal,feasible,3000,1383,0.461,0.4432237835503742,0.4788759666502012,0.0,0.539,1.9156666666666664,2.0
1,240,25,strong,0.7,weak_tail,hj,oracle,3000,3000,1.0,0.9987211512746742,1.0000000000000002,0.0,0.0,0.0,1.0
1,240,25,strong,0.7,weak_tail,hj,feasible,3000,1500,0.5,0.4821195027661004,0.5178804972338996,0.0,0.5,1.3313333333333333,1.5
1,240,25,weak,0.0,full,equal,oracle,3000,3000,1.0,0.9987211512746742,1.0000000000000002,0.0,0.0,0.0,1.0
1,240,25,weak,0.0,full,equal,feasible,3000,1389,0.463,0.4452157813959999,0.4808788534096742,0.0,0.537,1.6393333333333333,2.0
1,240,25,weak,0.0,full,hj,oracle,3000,3000,1.0,0.9987211512746742,1.0000000000000002,0.0,0.0,0.0,1.0
1,240,25,weak,0.0,full,hj,feasible,3000,1510,0.5033333333333333,0.4854489701109927,0.5212091708975052,0.0,0.4966666666666666,1.369,1.0
1,240,25,weak,0.0,weak_tail,equal,oracle,3000,3000,1.0,0.9987211512746742,1.0000000000000002,0.0,0.0,0.0,1.0
1,240,25,weak,0.0,weak_tail,equal,feasible,3000,1388,0.4626666666666666,0.4448837617423217,0.4805450589625026,0.0,0.5373333333333333,1.5526666666666666,2.0
1,240,25,weak,0.0,weak_tail,hj,oracle,3000,3000,1.0,0.9987211512746742,1.0000000000000002,0.0,0.0,0.0,1.0
1,240,25,weak,0.0,weak_tail,hj,feasible,3000,1513,0.5043333333333333,0.4864479650874466,0.5222076182236004,0.0,0.4956666666666666,1.2806666666666666,1.0
1,240,25,weak,0.7,full,equal,oracle,3000,3000,1.0,0.9987211512746742,1.0000000000000002,0.0,0.0,0.0,1.0
1,240,25,weak,0.7,full,equal,feasible,3000,1383,0.461,0.4432237835503742,0.4788759666502012,0.0,0.539,1.9106666666666667,2.0
1,240,25,weak,0.7,full,hj,oracle,3000,3000,1.0,0.9987211512746742,1.0000000000000002,0.0,0.0,0.0,1.0
1,240,25,weak,0.7,full,hj,feasible,3000,1499,0.4996666666666666,0.4817865996840383,0.5175475862151119,0.0,0.5003333333333333,1.341,2.0
1,240,25,weak,0.7,weak_tail,equal,oracle,3000,3000,1.0,0.9987211512746742,1.0000000000000002,0.0,0.0,0.0,1.0
1,240,25,weak,0.7,weak_tail,equal,feasible,3000,1401,0.467,0.449200641087459,0.4848837629284125,0.0,0.533,1.9043333333333337,2.0
1,240,25,weak,0.7,weak_tail,hj,oracle,3000,3000,1.0,0.9987211512746742,1.0000000000000002,0.0,0.0,0.0,1.0
1,240,25,weak,0.7,weak_tail,hj,feasible,3000,1523,0.5076666666666667,0.4897784643128273,0.5255352600067178,0.0,0.4923333333333333,1.3236666666666668,1.0
1,240,74,strong,0.0,full,equal,oracle,3000,3000,1.0,0.9987211512746742,1.0000000000000002,0.0,0.0,0.0,1.0
1,240,74,strong,0.0,full,equal,feasible,3000,1385,0.4616666666666666,0.4438877508069859,0.479543627595289,0.0,0.5383333333333333,1.628,2.0
1,240,74,strong,0.0,full,hj,oracle,3000,3000,1.0,0.9987211512746742,1.0000000000000002,0.0,0.0,0.0,1.0
1,240,74,strong,0.0,full,hj,feasible,3000,1503,0.501,0.4831182596326723,0.518879182669877,0.0,0.499,1.3786666666666667,1.0
1,240,74,strong,0.0,weak_tail,equal,oracle,3000,3000,1.0,0.9987211512746742,1.0000000000000002,0.0,0.0,0.0,1.0
1,240,74,strong,0.0,weak_tail,equal,feasible,3000,1349,0.4496666666666666,0.4319412508884104,0.4675208198832724,0.0,0.5503333333333333,1.6336666666666666,2.0
1,240,74,strong,0.0,weak_tail,hj,oracle,3000,3000,1.0,0.9987211512746742,1.0000000000000002,0.0,0.0,0.0,1.0
1,240,74,strong,0.0,weak_tail,hj,feasible,3000,1480,0.4933333333333333,0.4754629491730258,0.5112207688099786,0.0,0.5066666666666667,1.3716666666666666,2.0
1,240,74,strong,0.7,full,equal,oracle,3000,3000,1.0,0.9987211512746742,1.0000000000000002,0.0,0.0,0.0,1.0
1,240,74,strong,0.7,full,equal,feasible,3000,1367,0.4556666666666666,0.4379131997562436,0.4735335248307353,0.0,0.5443333333333333,1.942,2.0
1,240,74,strong,0.7,full,hj,oracle,3000,3000,1.0,0.9987211512746742,1.0000000000000002,0.0,0.0,0.0,1.0
1,240,74,strong,0.7,full,hj,feasible,3000,1481,0.4936666666666666,0.4757957014442459,0.5115538306396081,0.0,0.5063333333333333,1.3663333333333334,2.0
1,240,74,strong,0.7,weak_tail,equal,oracle,3000,3000,1.0,0.9987211512746742,1.0000000000000002,0.0,0.0,0.0,1.0
1,240,74,strong,0.7,weak_tail,equal,feasible,3000,1374,0.458,0.4402363275196907,0.4758710957732366,0.0,0.542,1.945,2.0
1,240,74,strong,0.7,weak_tail,hj,oracle,3000,3000,1.0,0.9987211512746742,1.0000000000000002,0.0,0.0,0.0,1.0
1,240,74,strong,0.7,weak_tail,hj,feasible,3000,1540,0.5133333333333333,0.4954421352906655,0.5311904287433258,0.0,0.4866666666666667,1.311,1.0
1,240,74,weak,0.0,full,equal,oracle,3000,3000,1.0,0.9987211512746742,1.0000000000000002,0.0,0.0,0.0,1.0
1,240,74,weak,0.0,full,equal,feasible,3000,1354,0.4513333333333333,0.4335998640587148,0.4691912772172167,0.0,0.5486666666666666,1.7363333333333333,2.0
1,240,74,weak,0.0,full,hj,oracle,3000,3000,1.0,0.9987211512746742,1.0000000000000002,0.0,0.0,0.0,1.0
1,240,74,weak,0.0,full,hj,feasible,3000,1487,0.4956666666666666,0.4777923817763995,0.5135520349125533,0.0,0.5043333333333333,1.4023333333333334,2.0
1,240,74,weak,0.0,weak_tail,equal,oracle,3000,3000,1.0,0.9987211512746742,1.0000000000000002,0.0,0.0,0.0,1.0
1,240,74,weak,0.0,weak_tail,equal,feasible,3000,1388,0.4626666666666666,0.4448837617423217,0.4805450589625026,0.0,0.5373333333333333,1.575,2.0
1,240,74,weak,0.0,weak_tail,hj,oracle,3000,3000,1.0,0.9987211512746742,1.0000000000000002,0.0,0.0,0.0,1.0
1,240,74,weak,0.0,weak_tail,hj,feasible,3000,1512,0.504,0.4861149588245158,0.5218748103856815,0.0,0.496,1.2913333333333334,1.0
1,240,74,weak,0.7,full,equal,oracle,3000,3000,1.0,0.9987211512746742,1.0000000000000002,0.0,0.0,0.0,1.0
1,240,74,weak,0.7,full,equal,feasible,3000,1409,0.4696666666666667,0.4518578534400973,0.4875530633825724,0.0,0.5303333333333333,1.896,2.0
1,240,74,weak,0.7,full,hj,oracle,3000,3000,1.0,0.9987211512746742,1.0000000000000002,0.0,0.0,0.0,1.0
1,240,74,weak,0.7,full,hj,feasible,3000,1532,0.5106666666666667,0.4927765924446521,0.5285294587825411,0.0,0.4893333333333333,1.3013333333333332,1.0
1,240,74,weak,0.7,weak_tail,equal,oracle,3000,3000,1.0,0.9987211512746742,1.0000000000000002,0.0,0.0,0.0,1.0
1,240,74,weak,0.7,weak_tail,equal,feasible,3000,1341,0.447,0.4292878889588085,0.464847669006076,0.0,0.553,2.06,2.0
1,240,74,weak,0.7,weak_tail,hj,oracle,3000,3000,1.0,0.9987211512746742,1.0000000000000002,0.0,0.0,0.0,1.0
1,240,74,weak,0.7,weak_tail,hj,feasible,3000,1513,0.5043333333333333,0.4864479650874466,0.5222076182236004,0.0,0.4956666666666666,1.358,1.0
1,600,25,strong,0.0,full,equal,oracle,3000,3000,1.0,0.9987211512746742,1.0000000000000002,0.0,0.0,0.0,1.0
1,600,25,strong,0.0,full,equal,feasible,3000,1418,0.4726666666666667,0.4548478278396507,0.4905554158906671,0.0,0.5273333333333333,1.5686666666666669,2.0
1,600,25,strong,0.0,full,hj,oracle,3000,3000,1.0,0.9987211512746742,1.0000000000000002,0.0,0.0,0.0,1.0
1,600,25,strong,0.0,full,hj,feasible,3000,1540,0.5133333333333333,0.4954421352906655,0.5311904287433258,0.0,0.4866666666666667,1.3013333333333332,1.0
1,600,25,strong,0.0,weak_tail,equal,oracle,3000,3000,1.0,0.9987211512746742,1.0000000000000002,0.0,0.0,0.0,1.0
1,600,25,strong,0.0,weak_tail,equal,feasible,3000,1365,0.455,0.4372495212256457,0.4728655751596335,0.0,0.545,1.6226666666666667,2.0
1,600,25,strong,0.0,weak_tail,hj,oracle,3000,3000,1.0,0.9987211512746742,1.0000000000000002,0.0,0.0,0.0,1.0
1,600,25,strong,0.0,weak_tail,hj,feasible,3000,1510,0.5033333333333333,0.4854489701109927,0.5212091708975052,0.0,0.4966666666666666,1.3283333333333334,1.0
1,600,25,strong,0.7,full,equal,oracle,3000,3000,1.0,0.9987211512746742,1.0000000000000002,0.0,0.0,0.0,1.0
1,600,25,strong,0.7,full,equal,feasible,3000,1384,0.4613333333333333,0.4435557631744966,0.4792098011269286,0.0,0.5386666666666666,1.905333333333333,2.0
1,600,25,strong,0.7,full,hj,oracle,3000,3000,1.0,0.9987211512746742,1.0000000000000002,0.0,0.0,0.0,1.0
1,600,25,strong,0.7,full,hj,feasible,3000,1482,0.494,0.4761284616540998,0.511886884530604,0.0,0.506,1.3813333333333333,2.0
1,600,25,strong,0.7,weak_tail,equal,oracle,3000,3000,1.0,0.9987211512746742,1.0000000000000002,0.0,0.0,0.0,1.0
1,600,25,strong,0.7,weak_tail,equal,feasible,3000,1395,0.465,0.4472080673249535,0.4828814520858193,0.0,0.535,1.872,2.0
1,600,25,strong,0.7,weak_tail,hj,oracle,3000,3000,1.0,0.9987211512746742,1.0000000000000002,0.0,0.0,0.0,1.0
1,600,25,strong,0.7,weak_tail,hj,feasible,3000,1478,0.4926666666666666,0.4747974684473218,0.5105546213339829,0.0,0.5073333333333333,1.3723333333333334,2.0
1,600,25,weak,0.0,full,equal,oracle,3000,3000,1.0,0.9987211512746742,1.0000000000000002,0.0,0.0,0.0,1.0
1,600,25,weak,0.0,full,equal,feasible,3000,1352,0.4506666666666666,0.4329363946272799,0.4685231184469521,0.0,0.5493333333333333,1.6726666666666667,2.0
1,600,25,weak,0.0,full,hj,oracle,3000,3000,1.0,0.9987211512746742,1.0000000000000002,0.0,0.0,0.0,1.0
1,600,25,weak,0.0,full,hj,feasible,3000,1468,0.4893333333333333,0.471470541217459,0.507223407555348,0.0,0.5106666666666667,1.407333333333333,2.0
1,600,25,weak,0.0,weak_tail,equal,oracle,3000,3000,1.0,0.9987211512746742,1.0000000000000002,0.0,0.0,0.0,1.0
1,600,25,weak,0.0,weak_tail,equal,feasible,3000,1398,0.466,0.4482043182420676,0.4838826434712546,0.0,0.534,1.6143333333333334,2.0
1,600,25,weak,0.0,weak_tail,hj,oracle,3000,3000,1.0,0.9987211512746742,1.0000000000000002,0.0,0.0,0.0,1.0
1,600,25,weak,0.0,weak_tail,hj,feasible,3000,1520,0.5066666666666667,0.4887792311900214,0.5245370508269742,0.0,0.4933333333333333,1.344,1.0
1,600,25,weak,0.7,full,equal,oracle,3000,3000,1.0,0.9987211512746742,1.0000000000000002,0.0,0.0,0.0,1.0
1,600,25,weak,0.7,full,equal,feasible,3000,1376,0.4586666666666666,0.4409001505221875,0.4765389009724393,0.0,0.5413333333333333,1.924,2.0
1,600,25,weak,0.7,full,hj,oracle,3000,3000,1.0,0.9987211512746742,1.0000000000000002,0.0,0.0,0.0,1.0
1,600,25,weak,0.7,full,hj,feasible,3000,1475,0.4916666666666666,0.4737993069040172,0.5095553405747381,0.0,0.5083333333333333,1.362,2.0
1,600,25,weak,0.7,weak_tail,equal,oracle,3000,3000,1.0,0.9987211512746742,1.0000000000000002,0.0,0.0,0.0,1.0
1,600,25,weak,0.7,weak_tail,equal,feasible,3000,1366,0.4553333333333333,0.4375813564746615,0.4731995540114675,0.0,0.5446666666666666,1.957,2.0
1,600,25,weak,0.7,weak_tail,hj,oracle,3000,3000,1.0,0.9987211512746742,1.0000000000000002,0.0,0.0,0.0,1.0
1,600,25,weak,0.7,weak_tail,hj,feasible,3000,1524,0.508,0.4901115578991594,0.5258679805212355,0.0,0.492,1.34,1.0
1,600,74,strong,0.0,full,equal,oracle,3000,3000,1.0,0.9987211512746742,1.0000000000000002,0.0,0.0,0.0,1.0
1,600,74,strong,0.0,full,equal,feasible,3000,1371,0.457,0.4392406531796186,0.4748693278107594,0.0,0.543,1.5676666666666668,2.0
1,600,74,strong,0.0,full,hj,oracle,3000,3000,1.0,0.9987211512746742,1.0000000000000002,0.0,0.0,0.0,1.0
1,600,74,strong,0.0,full,hj,feasible,3000,1489,0.4963333333333333,0.4784580053897241,0.5142180395009283,0.0,0.5036666666666667,1.333,2.0
1,600,74,strong,0.0,weak_tail,equal,oracle,3000,3000,1.0,0.9987211512746742,1.0000000000000002,0.0,0.0,0.0,1.0
1,600,74,strong,0.0,weak_tail,equal,feasible,3000,1367,0.4556666666666666,0.4379131997562436,0.4735335248307353,0.0,0.5443333333333333,1.636,2.0
1,600,74,strong,0.0,weak_tail,hj,oracle,3000,3000,1.0,0.9987211512746742,1.0000000000000002,0.0,0.0,0.0,1.0
1,600,74,strong,0.0,weak_tail,hj,feasible,3000,1488,0.496,0.4781251896143184,0.5138850411754841,0.0,0.504,1.3863333333333334,2.0
1,600,74,strong,0.7,full,equal,oracle,3000,3000,1.0,0.9987211512746742,1.0000000000000002,0.0,0.0,0.0,1.0
1,600,74,strong,0.7,full,equal,feasible,3000,1398,0.466,0.4482043182420676,0.4838826434712546,0.0,0.534,1.9393333333333336,2.0
1,600,74,strong,0.7,full,hj,oracle,3000,3000,1.0,0.9987211512746742,1.0000000000000002,0.0,0.0,0.0,1.0
1,600,74,strong,0.7,full,hj,feasible,3000,1501,0.5003333333333333,0.4824524137848881,0.5182134003159616,0.0,0.4996666666666666,1.3643333333333334,1.0
1,600,74,strong,0.7,weak_tail,equal,oracle,3000,3000,1.0,0.9987211512746742,1.0000000000000002,0.0,0.0,0.0,1.0
1,600,74,strong,0.7,weak_tail,equal,feasible,3000,1394,0.4646666666666667,0.4468759996751175,0.4825477056348055,0.0,0.5353333333333333,1.971666666666667,2.0
1,600,74,strong,0.7,weak_tail,hj,oracle,3000,3000,1.0,0.9987211512746742,1.0000000000000002,0.0,0.0,0.0,1.0
1,600,74,strong,0.7,weak_tail,hj,feasible,3000,1473,0.491,0.4731339055748811,0.5088891137021746,0.0,0.509,1.3826666666666667,2.0
1,600,74,weak,0.0,full,equal,oracle,3000,3000,1.0,0.9987211512746742,1.0000000000000002,0.0,0.0,0.0,1.0
1,600,74,weak,0.0,full,equal,feasible,3000,1428,0.476,0.4581707789741183,0.4938906057646973,0.0,0.524,1.591,2.0
1,600,74,weak,0.0,full,hj,oracle,3000,3000,1.0,0.9987211512746742,1.0000000000000002,0.0,0.0,0.0,1.0
1,600,74,weak,0.0,full,hj,feasible,3000,1555,0.5183333333333333,0.5004413988680428,0.5361783766786951,0.0,0.4816666666666667,1.318,1.0
1,600,74,weak,0.0,weak_tail,equal,oracle,3000,3000,1.0,0.9987211512746742,1.0000000000000002,0.0,0.0,0.0,1.0
1,600,74,weak,0.0,weak_tail,equal,feasible,3000,1374,0.458,0.4402363275196907,0.4758710957732366,0.0,0.542,1.597,2.0
1,600,74,weak,0.0,weak_tail,hj,oracle,3000,3000,1.0,0.9987211512746742,1.0000000000000002,0.0,0.0,0.0,1.0
1,600,74,weak,0.0,weak_tail,hj,feasible,3000,1490,0.4966666666666666,0.4787908291024949,0.5145510298890074,0.0,0.5033333333333333,1.328,2.0
1,600,74,weak,0.7,full,equal,oracle,3000,3000,1.0,0.9987211512746742,1.0000000000000002,0.0,0.0,0.0,1.0
1,600,74,weak,0.7,full,equal,feasible,3000,1432,0.4773333333333333,0.4595001824702183,0.4952244586719964,0.0,0.5226666666666666,1.9186666666666667,2.0
1,600,74,weak,0.7,full,hj,oracle,3000,3000,1.0,0.9987211512746742,1.0000000000000002,0.0,0.0,0.0,1.0
1,600,74,weak,0.7,full,hj,feasible,3000,1517,0.5056666666666667,0.4877800695168382,0.5235387701976082,0.0,0.4943333333333333,1.3443333333333334,1.0
1,600,74,weak,0.7,weak_tail,equal,oracle,3000,3000,1.0,0.9987211512746742,1.0000000000000002,0.0,0.0,0.0,1.0
1,600,74,weak,0.7,weak_tail,equal,feasible,3000,1436,0.4786666666666667,0.4608297133461093,0.4965581841995046,0.0,0.5213333333333333,1.8873333333333333,2.0
1,600,74,weak,0.7,weak_tail,hj,oracle,3000,3000,1.0,0.9987211512746742,1.0000000000000002,0.0,0.0,0.0,1.0
1,600,74,weak,0.7,weak_tail,hj,feasible,3000,1492,0.4973333333333333,0.4794565003396984,0.5152169868535034,0.0,0.5026666666666667,1.3253333333333333,2.0
3,72,25,strong,0.0,full,equal,oracle,3000,1882,0.6273333333333333,0.6098787689649345,0.6444622175596824,0.3726666666666666,0.0,0.5363333333333333,3.0
3,72,25,strong,0.0,full,equal,feasible,3000,759,0.253,0.2377662558049164,0.2688654954653945,0.4163333333333333,0.3306666666666666,1.4876666666666667,3.0
3,72,25,strong,0.0,full,hj,oracle,3000,1850,0.6166666666666667,0.5991298890483508,0.6339050462490731,0.3833333333333333,0.0,0.5576666666666666,3.0
3,72,25,strong,0.0,full,hj,feasible,3000,768,0.256,0.2407020419072522,0.2719220362707069,0.453,0.291,1.4026666666666667,3.0
3,72,25,strong,0.0,weak_tail,equal,oracle,3000,775,0.2583333333333333,0.2429860996583675,0.2742986772255401,0.7416666666666667,0.0,0.977,2.0
3,72,25,strong,0.0,weak_tail,equal,feasible,3000,381,0.127,0.1155600153108971,0.139394005838196,0.496,0.377,1.773,3.0
3,72,25,strong,0.0,weak_tail,hj,oracle,3000,791,0.2636666666666666,0.2482089703846506,0.2797288321128535,0.7363333333333333,0.0,0.9663333333333334,2.0
3,72,25,strong,0.0,weak_tail,hj,feasible,3000,455,0.1516666666666666,0.1392770207000517,0.1649472439119253,0.5903333333333334,0.258,1.546,2.0
3,72,25,strong,0.7,full,equal,oracle,3000,1984,0.6613333333333333,0.6442016377670553,0.6780523870442395,0.3386666666666666,0.0,0.5093333333333333,3.0
3,72,25,strong,0.7,full,equal,feasible,3000,686,0.2286666666666666,0.2139909624715193,0.2440363594367575,0.4,0.3713333333333333,1.7073333333333334,3.0
3,72,25,strong,0.7,full,hj,oracle,3000,2458,0.8193333333333334,0.8051601470424011,0.8326897615716907,0.1806666666666666,0.0,0.196,3.0
3,72,25,strong,0.7,full,hj,feasible,3000,990,0.33,0.3134007245339622,0.3470340840326486,0.3366666666666666,0.3333333333333333,1.2066666666666668,3.0
3,72,25,strong,0.7,weak_tail,equal,oracle,3000,804,0.268,0.2524547405555595,0.2841386452529918,0.732,0.0,0.9826666666666668,2.0
3,72,25,strong,0.7,weak_tail,equal,feasible,3000,354,0.118,0.106941394512901,0.130035645913248,0.5013333333333333,0.3806666666666666,1.9556666666666669,2.0
3,72,25,strong,0.7,weak_tail,hj,oracle,3000,910,0.3033333333333333,0.2871436599312613,0.3200260205673668,0.6966666666666667,0.0,0.869,2.0
3,72,25,strong,0.7,weak_tail,hj,feasible,3000,470,0.1566666666666666,0.1440996964213921,0.1701117797033317,0.574,0.2693333333333333,1.4993333333333334,2.0
3,72,25,weak,0.0,full,equal,oracle,3000,289,0.0963333333333333,0.0862857371430787,0.1074133867278344,0.9036666666666666,0.0,1.586666666666667,1.0
3,72,25,weak,0.0,full,equal,feasible,3000,340,0.1133333333333333,0.1024808128255836,0.1251748301886684,0.6156666666666667,0.271,1.772333333333333,2.0
3,72,25,weak,0.0,full,hj,oracle,3000,279,0.093,0.0831213049168724,0.1039196779455428,0.907,0.0,1.5933333333333333,1.0
3,72,25,weak,0.0,full,hj,feasible,3000,343,0.1143333333333333,0.1034361501979904,0.126216935118811,0.6593333333333333,0.2263333333333333,1.7023333333333333,2.0
3,72,25,weak,0.0,weak_tail,equal,oracle,3000,114,0.038,0.0317279808987635,0.0454536753234376,0.962,0.0,1.647,1.0
3,72,25,weak,0.0,weak_tail,equal,feasible,3000,279,0.093,0.0831213049168724,0.1039196779455428,0.5923333333333334,0.3146666666666666,1.864,2.0
3,72,25,weak,0.0,weak_tail,hj,oracle,3000,126,0.042,0.035388573235952,0.0497828521964464,0.958,0.0,1.639,1.0
3,72,25,weak,0.0,weak_tail,hj,feasible,3000,356,0.1186666666666666,0.1075790990429635,0.1307295695848851,0.671,0.2103333333333333,1.6666666666666667,2.0
3,72,25,weak,0.7,full,equal,oracle,3000,384,0.128,0.1165188801334941,0.1404325833181483,0.872,0.0,1.5436666666666667,1.0
3,72,25,weak,0.7,full,equal,feasible,3000,326,0.1086666666666666,0.0980263207488656,0.1203079248534894,0.562,0.3293333333333333,1.9593333333333336,2.0
3,72,25,weak,0.7,full,hj,oracle,3000,646,0.2153333333333333,0.2009931937512152,0.2304015641230703,0.7846666666666666,0.0,1.2106666666666666,2.0
3,72,25,weak,0.7,full,hj,feasible,3000,460,0.1533333333333333,0.1408840522825866,0.1666692828336392,0.6136666666666667,0.233,1.5636666666666668,2.0
3,72,25,weak,0.7,weak_tail,equal,oracle,3000,123,0.041,0.0344716832702416,0.0487022998596075,0.959,0.0,1.638,1.0
3,72,25,weak,0.7,weak_tail,equal,feasible,3000,237,0.079,0.0698772554261935,0.0891995352005309,0.5823333333333334,0.3386666666666666,2.0866666666666664,2.0
3,72,25,weak,0.7,weak_tail,hj,oracle,3000,151,0.0503333333333333,0.0430687769985801,0.0587480009550629,0.9496666666666668,0.0,1.58,1.0
3,72,25,weak,0.7,weak_tail,hj,feasible,3000,378,0.126,0.1146013917727821,0.1383551870737617,0.6616666666666666,0.2123333333333333,1.6626666666666667,2.0
3,72,74,strong,0.0,full,equal,oracle,3000,1966,0.6553333333333333,0.6381377736646074,0.6721315973313913,0.3446666666666667,0.0,0.482,3.0
3,72,74,strong,0.0,full,equal,feasible,3000,757,0.2523333333333333,0.2371139912361055,0.2681861318325059,0.413,0.3346666666666666,1.4703333333333333,3.0
3,72,74,strong,0.0,full,hj,oracle,3000,1932,0.644,0.626691947660212,0.6609397439068943,0.356,0.0,0.5046666666666667,3.0
3,72,74,strong,0.0,full,hj,feasible,3000,763,0.2543333333333333,0.2390709296283971,0.270224078045313,0.446,0.2996666666666667,1.3673333333333333,3.0
3,72,74,strong,0.0,weak_tail,equal,oracle,3000,1170,0.39,0.3726976833423261,0.4075836633772456,0.61,0.0,0.8246666666666667,2.0
3,72,74,strong,0.0,weak_tail,equal,feasible,3000,435,0.145,0.1328543334124335,0.1580536491825478,0.472,0.383,1.702,3.0
3,72,74,strong,0.0,weak_tail,hj,oracle,3000,1223,0.4076666666666667,0.3902113759685727,0.4253581180960374,0.5923333333333334,0.0,0.7893333333333333,2.0
3,72,74,strong,0.0,weak_tail,hj,feasible,3000,543,0.181,0.1676332773702739,0.1951826281164839,0.564,0.255,1.4476666666666669,2.0
3,72,74,strong,0.7,full,equal,oracle,3000,2083,0.6943333333333334,0.6776082314296166,0.7105613893658067,0.3056666666666666,0.0,0.455,3.0
3,72,74,strong,0.7,full,equal,feasible,3000,690,0.23,0.2152919395665815,0.2453986387450944,0.379,0.391,1.7406666666666666,3.0
3,72,74,strong,0.7,full,hj,oracle,3000,2611,0.8703333333333333,0.8578369838920649,0.8818824821520436,0.1296666666666666,0.0,0.134,3.0
3,72,74,strong,0.7,full,hj,feasible,3000,1057,0.3523333333333333,0.335438208202974,0.3696061451205722,0.2866666666666667,0.361,1.2066666666666668,3.0
3,72,74,strong,0.7,weak_tail,equal,oracle,3000,1210,0.4033333333333333,0.3859133715674664,0.4210005391860965,0.5966666666666667,0.0,0.8116666666666666,2.0
3,72,74,strong,0.7,weak_tail,equal,feasible,3000,389,0.1296666666666666,0.1181175178479563,0.1421630161079351,0.4713333333333333,0.399,1.965,3.0
3,72,74,strong,0.7,weak_tail,hj,oracle,3000,1463,0.4876666666666667,0.4698073754140661,0.505557502854492,0.5123333333333333,0.0,0.6023333333333334,2.0
3,72,74,strong,0.7,weak_tail,hj,feasible,3000,606,0.202,0.1880182791607313,0.2167439146795629,0.5143333333333333,0.2836666666666667,1.4156666666666666,2.0
3,72,74,weak,0.0,full,equal,oracle,3000,384,0.128,0.1165188801334941,0.1404325833181483,0.872,0.0,1.515,1.0
3,72,74,weak,0.0,full,equal,feasible,3000,398,0.1326666666666666,0.1209967035150731,0.1452761573484662,0.598,0.2693333333333333,1.7313333333333334,2.0
3,72,74,weak,0.0,full,hj,oracle,3000,369,0.123,0.1117269936307605,0.1352372583081352,0.877,0.0,1.525,1.0
3,72,74,weak,0.0,full,hj,feasible,3000,396,0.132,0.1203567048534542,0.1445845278083856,0.6423333333333333,0.2256666666666666,1.657333333333333,2.0
3,72,74,weak,0.0,weak_tail,equal,oracle,3000,168,0.056,0.0483259967828237,0.0648096208852656,0.944,0.0,1.6253333333333333,1.0
3,72,74,weak,0.0,weak_tail,equal,feasible,3000,250,0.0833333333333333,0.0739680171288828,0.0937643568088887,0.5776666666666667,0.339,1.8913333333333333,2.0
3,72,74,weak,0.0,weak_tail,hj,oracle,3000,179,0.0596666666666666,0.0517404459622769,0.0687191268151601,0.9403333333333334,0.0,1.618,1.0
3,72,74,weak,0.0,weak_tail,hj,feasible,3000,349,0.1163333333333333,0.1053476507949853,0.1283003191269147,0.6636666666666666,0.22,1.6773333333333331,2.0
3,72,74,weak,0.7,full,equal,oracle,3000,473,0.1576666666666666,0.1450647942741924,0.1711441241530807,0.8423333333333334,0.0,1.4886666666666666,1.0
3,72,74,weak,0.7,full,equal,feasible,3000,338,0.1126666666666666,0.1018440763245357,0.1244799384880167,0.5443333333333333,0.343,2.012,2.0
3,72,74,weak,0.7,full,hj,oracle,3000,810,0.27,0.2544149790805807,0.2861732913330693,0.73,0.0,1.078,2.0
3,72,74,weak,0.7,full,hj,feasible,3000,442,0.1473333333333333,0.1351012676097342,0.1604674136911957,0.6016666666666667,0.251,1.600666666666667,2.0
3,72,74,weak,0.7,weak_tail,equal,oracle,3000,157,0.0523333333333333,0.0449213658587214,0.0608902967000204,0.9476666666666668,0.0,1.636,1.0
3,72,74,weak,0.7,weak_tail,equal,feasible,3000,215,0.0716666666666666,0.0629741711594646,0.0814547092485646,0.57,0.3583333333333333,2.171,2.0
3,72,74,weak,0.7,weak_tail,hj,oracle,3000,237,0.079,0.0698772554261935,0.0891995352005309,0.921,0.0,1.506,1.0
3,72,74,weak,0.7,weak_tail,hj,feasible,3000,382,0.1273333333333333,0.1158796102287621,0.1397402250211807,0.6583333333333333,0.2143333333333333,1.651,2.0
3,240,25,strong,0.0,full,equal,oracle,3000,2832,0.944,0.9351903791147342,0.9516740032171762,0.056,0.0,0.0606666666666666,3.0
3,240,25,strong,0.0,full,equal,feasible,3000,1166,0.3886666666666666,0.3713768628242076,0.4062412274919649,0.2046666666666666,0.4066666666666667,1.269,3.0
3,240,25,strong,0.0,full,hj,oracle,3000,2829,0.943,0.934123214058378,0.9507437259709832,0.057,0.0,0.0626666666666666,3.0
3,240,25,strong,0.0,full,hj,feasible,3000,1193,0.3976666666666666,0.3802950482094007,0.415300022829716,0.2216666666666666,0.3806666666666666,1.194,3.0
3,240,25,strong,0.0,weak_tail,equal,oracle,3000,1663,0.5543333333333333,0.5364891001115446,0.57203859832697,0.4456666666666666,0.0,0.478,3.0
3,240,25,strong,0.0,weak_tail,equal,feasible,3000,603,0.201,0.1870461266894498,0.215718624848295,0.409,0.39,1.5176666666666667,3.0
3,240,25,strong,0.0,weak_tail,hj,oracle,3000,1675,0.5583333333333333,0.5405001835345786,0.5760172841141333,0.4416666666666666,0.0,0.47,3.0
3,240,25,strong,0.0,weak_tail,hj,feasible,3000,669,0.223,0.2084642147624624,0.2382442674313681,0.4946666666666666,0.2823333333333333,1.288333333333333,3.0
3,240,25,strong,0.7,full,equal,oracle,3000,2832,0.944,0.9351903791147342,0.9516740032171762,0.056,0.0,0.072,3.0
3,240,25,strong,0.7,full,equal,feasible,3000,1099,0.3663333333333333,0.3492737041401629,0.3837348414190742,0.216,0.4176666666666667,1.4356666666666666,3.0
3,240,25,strong,0.7,full,hj,oracle,3000,2963,0.9876666666666668,0.9830471566412514,0.9910388729019808,0.0123333333333333,0.0,0.0123333333333333,3.0
3,240,25,strong,0.7,full,hj,feasible,3000,1341,0.447,0.4292878889588085,0.464847669006076,0.1346666666666666,0.4183333333333333,1.072,3.0
3,240,25,strong,0.7,weak_tail,equal,oracle,3000,1659,0.553,0.535152330993924,0.5707121110411916,0.447,0.0,0.4776666666666667,3.0
3,240,25,strong,0.7,weak_tail,equal,feasible,3000,601,0.2003333333333333,0.1863981019862194,0.2150350213498259,0.3913333333333333,0.4083333333333333,1.722,3.0
3,240,25,strong,0.7,weak_tail,hj,oracle,3000,1717,0.5723333333333334,0.5545481857197102,0.5899334741646928,0.4276666666666666,0.0,0.434,3.0
3,240,25,strong,0.7,weak_tail,hj,feasible,3000,711,0.237,0.2221255313001665,0.2525471431293548,0.4526666666666666,0.3103333333333333,1.3013333333333332,3.0
3,240,25,weak,0.0,full,equal,oracle,3000,941,0.3136666666666666,0.2973107672190205,0.3304991504059508,0.6863333333333334,0.0,1.093,2.0
3,240,25,weak,0.0,full,equal,feasible,3000,492,0.164,0.1511813003688483,0.1776780859745707,0.5566666666666666,0.2793333333333333,1.645333333333333,2.0
3,240,25,weak,0.0,full,hj,oracle,3000,917,0.3056666666666666,0.2894386106341932,0.3223917685703834,0.6943333333333334,0.0,1.109,2.0
3,240,25,weak,0.0,full,hj,feasible,3000,490,0.1633333333333333,0.1505371201079453,0.1769906380337741,0.5953333333333334,0.2413333333333333,1.5796666666666668,2.0
3,240,25,weak,0.0,weak_tail,equal,oracle,3000,356,0.1186666666666666,0.1075790990429635,0.1307295695848851,0.8813333333333333,0.0,1.3583333333333334,2.0
3,240,25,weak,0.0,weak_tail,equal,feasible,3000,288,0.096,0.0859691177294244,0.1070641920406389,0.58,0.324,1.844666666666667,2.0
3,240,25,weak,0.0,weak_tail,hj,oracle,3000,362,0.1206666666666666,0.1094929113757461,0.1328106418572011,0.8793333333333333,0.0,1.3543333333333334,2.0
3,240,25,weak,0.0,weak_tail,hj,feasible,3000,378,0.126,0.1146013917727821,0.1383551870737617,0.6553333333333333,0.2186666666666666,1.6256666666666666,2.0
3,240,25,weak,0.7,full,equal,oracle,3000,1082,0.3606666666666667,0.3436717155646396,0.3780179902801512,0.6393333333333333,0.0,1.061,2.0
3,240,25,weak,0.7,full,equal,feasible,3000,418,0.1393333333333333,0.1274021660500632,0.1521869768304719,0.5173333333333333,0.3433333333333333,1.8876666666666664,2.0
3,240,25,weak,0.7,full,hj,oracle,3000,1549,0.5163333333333333,0.4984414788150051,0.5341834121266342,0.4836666666666667,0.0,0.629,3.0
3,240,25,weak,0.7,full,hj,feasible,3000,631,0.2103333333333333,0.1961248386790735,0.2252827076824653,0.5166666666666667,0.273,1.4103333333333334,2.0
3,240,25,weak,0.7,weak_tail,equal,oracle,3000,315,0.105,0.0945308579948152,0.1164794324981922,0.895,0.0,1.3853333333333333,2.0
3,240,25,weak,0.7,weak_tail,equal,feasible,3000,252,0.084,0.07459808132677,0.0944659208127011,0.557,0.359,2.096,2.0
3,240,25,weak,0.7,weak_tail,hj,oracle,3000,372,0.124,0.1126848784070766,0.1362768158343685,0.876,0.0,1.275,2.0
3,240,25,weak,0.7,weak_tail,hj,feasible,3000,388,0.1293333333333333,0.1177977377450931,0.1418169821099484,0.6426666666666667,0.228,1.6403333333333334,2.0
3,240,74,strong,0.0,full,equal,oracle,3000,2868,0.956,0.9480592935843528,0.96277439637815,0.044,0.0,0.0473333333333333,3.0
3,240,74,strong,0.0,full,equal,feasible,3000,1145,0.3816666666666666,0.3644448094895405,0.3991911847087865,0.2033333333333333,0.415,1.3076666666666668,3.0
3,240,74,strong,0.0,full,hj,oracle,3000,2866,0.9553333333333334,0.9473409336761413,0.962161128084662,0.0446666666666666,0.0,0.0486666666666666,3.0
3,240,74,strong,0.0,full,hj,feasible,3000,1186,0.3953333333333333,0.3779823307759264,0.4129520415572418,0.2236666666666666,0.381,1.1966666666666668,3.0
3,240,74,strong,0.0,weak_tail,equal,oracle,3000,2232,0.744,0.7280779637292932,0.7592979580927478,0.256,0.0,0.2763333333333333,3.0
3,240,74,strong,0.0,weak_tail,equal,feasible,3000,798,0.266,0.2504949128601385,0.282103588343314,0.3136666666666666,0.4203333333333333,1.493,3.0
3,240,74,strong,0.0,weak_tail,hj,oracle,3000,2250,0.75,0.7341920228455506,0.7651685527917863,0.25,0.0,0.2643333333333333,3.0
3,240,74,strong,0.0,weak_tail,hj,feasible,3000,885,0.295,0.2789515142895954,0.3115728136877882,0.387,0.318,1.2553333333333334,3.0
3,240,74,strong,0.7,full,equal,oracle,3000,2876,0.9586666666666668,0.9509373919913736,0.9652228107779274,0.0413333333333333,0.0,0.05,3.0
3,240,74,strong,0.7,full,equal,feasible,3000,1096,0.3653333333333333,0.3482849309442762,0.3827261723124115,0.171,0.4636666666666666,1.5496666666666667,3.0
3,240,74,strong,0.7,full,hj,oracle,3000,2985,0.995,0.9917663931103022,0.996967546651625,0.005,0.0,0.005,3.0
3,240,74,strong,0.7,full,hj,feasible,3000,1423,0.4743333333333333,0.4565092038046127,0.492223110429954,0.098,0.4276666666666666,1.0976666666666666,3.0
3,240,74,strong,0.7,weak_tail,equal,oracle,3000,2311,0.7703333333333333,0.7549419110798522,0.7850333247093216,0.2296666666666666,0.0,0.25,3.0
3,240,74,strong,0.7,weak_tail,equal,feasible,3000,717,0.239,0.2240790380878483,0.2545885209467718,0.305,0.456,1.6923333333333332,3.0
3,240,74,strong,0.7,weak_tail,hj,oracle,3000,2451,0.817,0.8027610841832963,0.830428125724847,0.183,0.0,0.183,3.0
3,240,74,strong,0.7,weak_tail,hj,feasible,3000,958,0.3193333333333333,0.3028903457889959,0.336238411550422,0.322,0.3586666666666667,1.1923333333333332,3.0
3,240,74,weak,0.0,full,equal,oracle,3000,1009,0.3363333333333333,0.3196459002940903,0.3534393761886663,0.6636666666666666,0.0,1.0586666666666666,2.0
3,240,74,weak,0.0,full,equal,feasible,3000,505,0.1683333333333333,0.1553703576642514,0.1821446119902147,0.5386666666666666,0.293,1.6353333333333333,2.0
3,240,74,weak,0.0,full,hj,oracle,3000,977,0.3256666666666666,0.3091296909788403,0.3426495342767233,0.6743333333333333,0.0,1.08,2.0
3,240,74,weak,0.0,full,hj,feasible,3000,513,0.171,0.1579498340734792,0.1848916483877853,0.5896666666666667,0.2393333333333333,1.5426666666666666,2.0
3,240,74,weak,0.0,weak_tail,equal,oracle,3000,519,0.173,0.1598852221629369,0.1869511449034262,0.827,0.0,1.2746666666666666,2.0
3,240,74,weak,0.0,weak_tail,equal,feasible,3000,329,0.1096666666666666,0.0989803253945503,0.1213513625103541,0.5306666666666666,0.3596666666666667,1.8256666666666668,2.0
3,240,74,weak,0.0,weak_tail,hj,oracle,3000,553,0.1843333333333333,0.1708646154801897,0.198609431015066,0.8156666666666667,0.0,1.252,2.0
3,240,74,weak,0.0,weak_tail,hj,feasible,3000,422,0.1406666666666666,0.1286844217908889,0.1535679774930453,0.627,0.2323333333333333,1.606,2.0
3,240,74,weak,0.7,full,equal,oracle,3000,1217,0.4056666666666667,0.3882275056347864,0.4233471038247251,0.5943333333333334,0.0,0.9736666666666668,2.0
3,240,74,weak,0.7,full,equal,feasible,3000,436,0.1453333333333333,0.1331752564756045,0.1583985402202267,0.496,0.3586666666666667,1.9,3.0
3,240,74,weak,0.7,full,hj,oracle,3000,1725,0.575,0.5572256289275838,0.5925825437636173,0.425,0.0,0.5103333333333333,3.0
3,240,74,weak,0.7,full,hj,feasible,3000,678,0.226,0.2113896519701337,0.2413111571313449,0.4883333333333333,0.2856666666666667,1.397,3.0
3,240,74,weak,0.7,weak_tail,equal,oracle,3000,577,0.1923333333333333,0.1786266955038284,0.2068268894118221,0.8076666666666666,0.0,1.2586666666666666,2.0
3,240,74,weak,0.7,weak_tail,equal,feasible,3000,280,0.0933333333333333,0.0834375697204818,0.1042692272427832,0.5223333333333333,0.3843333333333333,2.062666666666667,2.0
3,240,74,weak,0.7,weak_tail,hj,oracle,3000,749,0.2496666666666666,0.2345054182070428,0.2654681920547704,0.7503333333333333,0.0,1.0626666666666666,2.0
3,240,74,weak,0.7,weak_tail,hj,feasible,3000,426,0.142,0.1299670544635572,0.1549486012237761,0.607,0.251,1.5833333333333333,2.0
3,600,25,strong,0.0,full,equal,oracle,3000,2990,0.9966666666666668,0.993874644027714,0.9981883662384624,0.0033333333333333,0.0,0.0033333333333333,3.0
3,600,25,strong,0.0,full,equal,feasible,3000,1393,0.4643333333333333,0.4465439400217548,0.4822139511873184,0.08,0.4556666666666666,1.181,3.0
3,600,25,strong,0.0,full,hj,oracle,3000,2990,0.9966666666666668,0.993874644027714,0.9981883662384624,0.0033333333333333,0.0,0.0033333333333333,3.0
3,600,25,strong,0.0,full,hj,feasible,3000,1441,0.4803333333333333,0.4624918060007243,0.4982251620491384,0.089,0.4306666666666666,1.08,3.0
3,600,25,strong,0.0,weak_tail,equal,oracle,3000,2380,0.7933333333333333,0.7784732095527616,0.8074431991950473,0.2066666666666666,0.0,0.207,3.0
3,600,25,strong,0.0,weak_tail,equal,feasible,3000,947,0.3156666666666666,0.2992797047208759,0.3325250975091943,0.268,0.4163333333333333,1.3163333333333334,3.0
3,600,25,strong,0.0,weak_tail,hj,oracle,3000,2381,0.7936666666666666,0.7788147456198491,0.8077674772288095,0.2063333333333333,0.0,0.2063333333333333,3.0
3,600,25,strong,0.0,weak_tail,hj,feasible,3000,1007,0.3356666666666666,0.3189883526498734,0.3527652956311837,0.3363333333333333,0.328,1.1383333333333334,3.0
3,600,25,strong,0.7,full,equal,oracle,3000,2992,0.9973333333333332,0.9947465032080692,0.9986481352598064,0.0026666666666666,0.0,0.003,3.0
3,600,25,strong,0.7,full,equal,feasible,3000,1357,0.4523333333333333,0.4345951285823199,0.470193454996161,0.0746666666666666,0.473,1.4186666666666667,3.0
3,600,25,strong,0.7,full,hj,oracle,3000,3000,1.0,0.9987211512746742,1.0000000000000002,0.0,0.0,0.0,3.0
3,600,25,strong,0.7,full,hj,feasible,3000,1536,0.512,0.4941093003189193,0.5298600073116729,0.037,0.451,1.0953333333333333,3.0
3,600,25,strong,0.7,weak_tail,equal,oracle,3000,2441,0.8136666666666666,0.7993353053405496,0.8271957635590959,0.1863333333333333,0.0,0.187,3.0
3,600,25,strong,0.7,weak_tail,equal,feasible,3000,888,0.296,0.2799342298231362,0.3125875404567967,0.2516666666666666,0.4523333333333333,1.6043333333333334,3.0
3,600,25,strong,0.7,weak_tail,hj,oracle,3000,2461,0.8203333333333334,0.806188577050338,0.8336587738663032,0.1796666666666666,0.0,0.18,3.0
3,600,25,strong,0.7,weak_tail,hj,feasible,3000,1009,0.3363333333333333,0.3196459002940903,0.3534393761886663,0.3026666666666666,0.361,1.1896666666666669,3.0
3,600,25,weak,0.0,full,equal,oracle,3000,1768,0.5893333333333334,0.5716259245974478,0.6068122544302941,0.4106666666666667,0.0,0.582,3.0
3,600,25,weak,0.0,full,equal,feasible,3000,689,0.2296666666666666,0.2149666752906784,0.2450580889201478,0.4506666666666666,0.3196666666666666,1.5433333333333332,3.0
3,600,25,weak,0.0,full,hj,oracle,3000,1744,0.5813333333333334,0.5635866653552398,0.5988719752521073,0.4186666666666667,0.0,0.598,3.0
3,600,25,weak,0.0,full,hj,feasible,3000,697,0.2323333333333333,0.2175691607968682,0.2477821162207562,0.4853333333333333,0.2823333333333333,1.4543333333333333,3.0
3,600,25,weak,0.0,weak_tail,equal,oracle,3000,740,0.2466666666666666,0.2315717094237292,0.2624095739304359,0.7533333333333333,0.0,1.0216666666666667,2.0
3,600,25,weak,0.0,weak_tail,equal,feasible,3000,364,0.1213333333333333,0.1101310789562721,0.1335041024783747,0.5116666666666667,0.367,1.788,2.0
3,600,25,weak,0.0,weak_tail,hj,oracle,3000,762,0.254,0.2387447431259844,0.269884450446876,0.746,0.0,1.007,2.0
3,600,25,weak,0.0,weak_tail,hj,feasible,3000,444,0.148,0.1357434499003774,0.161156859602252,0.6006666666666667,0.2513333333333333,1.5653333333333332,2.0
3,600,25,weak,0.7,full,equal,oracle,3000,1915,0.6383333333333333,0.6209729662554719,0.6553398855971879,0.3616666666666667,0.0,0.5416666666666666,3.0
3,600,25,weak,0.7,full,equal,feasible,3000,630,0.21,0.1958003978736887,0.2249413343870003,0.4186666666666667,0.3713333333333333,1.7133333333333334,3.0
3,600,25,weak,0.7,full,hj,oracle,3000,2408,0.8026666666666666,0.7880419628214838,0.8165172407501188,0.1973333333333333,0.0,0.2146666666666666,3.0
3,600,25,weak,0.7,full,hj,feasible,3000,901,0.3003333333333333,0.2841937445397229,0.3169836090512571,0.363,0.3366666666666666,1.2583333333333333,3.0
3,600,25,weak,0.7,weak_tail,equal,oracle,3000,719,0.2396666666666666,0.2247303094617957,0.255268877774524,0.7603333333333333,0.0,1.0,2.0
3,600,25,weak,0.7,weak_tail,equal,feasible,3000,341,0.1136666666666666,0.1027992277189632,0.1255222293961385,0.498,0.3883333333333333,1.97,3.0
3,600,25,weak,0.7,weak_tail,hj,oracle,3000,819,0.273,0.2573561008874148,0.2892244964338832,0.727,0.0,0.8913333333333333,2.0
3,600,25,weak,0.7,weak_tail,hj,feasible,3000,475,0.1583333333333333,0.1457082952489456,0.171832251380027,0.5886666666666667,0.253,1.4766666666666666,2.0
3,600,74,strong,0.0,full,equal,oracle,3000,2999,0.9996666666666668,0.998114181115696,0.9999411560581286,0.0003333333333333,0.0,0.0003333333333333,3.0
3,600,74,strong,0.0,full,equal,feasible,3000,1393,0.4643333333333333,0.4465439400217548,0.4822139511873184,0.0686666666666666,0.467,1.1976666666666669,3.0
3,600,74,strong,0.0,full,hj,oracle,3000,2999,0.9996666666666668,0.998114181115696,0.9999411560581286,0.0003333333333333,0.0,0.0003333333333333,3.0
3,600,74,strong,0.0,full,hj,feasible,3000,1449,0.483,0.4651515678859039,0.5008919129707571,0.075,0.442,1.0973333333333333,3.0
3,600,74,strong,0.0,weak_tail,equal,oracle,3000,2826,0.942,0.933056760572394,0.9498127371544176,0.058,0.0,0.0586666666666666,3.0
3,600,74,strong,0.0,weak_tail,equal,feasible,3000,1141,0.3803333333333333,0.3631248497999193,0.3978478879950087,0.1643333333333333,0.4553333333333333,1.315,3.0
3,600,74,strong,0.0,weak_tail,hj,oracle,3000,2827,0.9423333333333334,0.9334121670762776,0.9501231447513842,0.0576666666666666,0.0,0.058,3.0
3,600,74,strong,0.0,weak_tail,hj,feasible,3000,1221,0.407,0.3895500523823613,0.4246878134805492,0.2076666666666666,0.3853333333333333,1.1226666666666667,3.0
3,600,74,strong,0.7,full,equal,oracle,3000,2994,0.998,0.9956431969391588,0.9990830697304166,0.002,0.0,0.002,3.0
3,600,74,strong,0.7,full,equal,feasible,3000,1384,0.4613333333333333,0.4435557631744966,0.4792098011269286,0.058,0.4806666666666667,1.4323333333333332,3.0
3,600,74,strong,0.7,full,hj,oracle,3000,3000,1.0,0.9987211512746742,1.0000000000000002,0.0,0.0,0.0,3.0
3,600,74,strong,0.7,full,hj,feasible,3000,1577,0.5256666666666666,0.5077768895700459,0.5434907961953872,0.0196666666666666,0.4546666666666666,1.062,3.0
3,600,74,strong,0.7,weak_tail,equal,oracle,3000,2826,0.942,0.933056760572394,0.9498127371544176,0.058,0.0,0.0583333333333333,3.0
3,600,74,strong,0.7,weak_tail,equal,feasible,3000,1069,0.3563333333333333,0.3393895875039369,0.3736445350298067,0.174,0.4696666666666667,1.538,3.0
3,600,74,strong,0.7,weak_tail,hj,oracle,3000,2890,0.9633333333333334,0.9559937359506702,0.969487864230528,0.0366666666666666,0.0,0.037,3.0
3,600,74,strong,0.7,weak_tail,hj,feasible,3000,1279,0.4263333333333333,0.4087419254197541,0.4441131582924439,0.1743333333333333,0.3993333333333333,1.0753333333333333,3.0
3,600,74,weak,0.0,full,equal,oracle,3000,1896,0.632,0.6145842207184117,0.6490781632181023,0.368,0.0,0.5173333333333333,3.0
3,600,74,weak,0.0,full,equal,feasible,3000,701,0.2336666666666666,0.2188707200531464,0.2491438133678772,0.436,0.3303333333333333,1.5306666666666666,3.0
3,600,74,weak,0.0,full,hj,oracle,3000,1858,0.6193333333333333,0.6018162748325605,0.6365451732716617,0.3806666666666666,0.0,0.5426666666666666,3.0
3,600,74,weak,0.0,full,hj,feasible,3000,719,0.2396666666666666,0.2247303094617957,0.255268877774524,0.473,0.2873333333333333,1.4263333333333332,3.0
3,600,74,weak,0.0,weak_tail,equal,oracle,3000,1111,0.3703333333333333,0.3532295937842266,0.3877687209852079,0.6296666666666667,0.0,0.8716666666666667,2.0
3,600,74,weak,0.0,weak_tail,equal,feasible,3000,407,0.1356666666666666,0.123877943635897,0.1483872441352904,0.491,0.3733333333333333,1.696,3.0
3,600,74,weak,0.0,weak_tail,hj,oracle,3000,1173,0.391,0.3736883885098122,0.4085904005123089,0.609,0.0,0.8303333333333334,2.0
3,600,74,weak,0.0,weak_tail,hj,feasible,3000,525,0.175,0.1618212693024387,0.189009982369023,0.5593333333333333,0.2656666666666666,1.4546666666666668,2.0
3,600,74,weak,0.7,full,equal,oracle,3000,1952,0.6506666666666666,0.6334235066690905,0.6675244669150111,0.3493333333333333,0.0,0.5223333333333333,3.0
3,600,74,weak,0.7,full,equal,feasible,3000,599,0.1996666666666666,0.1857501391063094,0.2143513560280363,0.4073333333333333,0.393,1.7876666666666667,3.0
3,600,74,weak,0.7,full,hj,oracle,3000,2535,0.845,0.8316092075545916,0.8575083868249336,0.155,0.0,0.1623333333333333,3.0
3,600,74,weak,0.7,full,hj,feasible,3000,953,0.3176666666666666,0.3012489978391164,0.3345506889960524,0.3266666666666666,0.3556666666666667,1.2283333333333333,3.0
3,600,74,weak,0.7,weak_tail,equal,oracle,3000,1133,0.3776666666666666,0.3604853468630302,0.3951608781250995,0.6223333333333333,0.0,0.8533333333333334,2.0
3,600,74,weak,0.7,weak_tail,equal,feasible,3000,352,0.1173333333333333,0.1063038078579456,0.1293416043665038,0.4676666666666667,0.415,1.9766666666666663,3.0
3,600,74,weak,0.7,weak_tail,hj,oracle,3000,1400,0.4666666666666667,0.4488685254821061,0.4845500644329155,0.5333333333333333,0.0,0.636,2.0
3,600,74,weak,0.7,weak_tail,hj,feasible,3000,575,0.1916666666666666,0.1779794931655839,0.206142463548367,0.53,0.2783333333333333,1.4496666666666669,2.0
5,72,25,strong,0.0,full,equal,oracle,3000,1248,0.416,0.3984807343103234,0.4337341122755314,0.584,0.0,1.345,4.0
5,72,25,strong,0.0,full,equal,feasible,3000,739,0.2463333333333333,0.231245803443621,0.2620696658096943,0.6326666666666667,0.121,1.9896666666666667,4.0
5,72,25,strong,0.0,full,hj,oracle,3000,1174,0.3913333333333333,0.3740186406453891,0.4089259624775816,0.6086666666666667,0.0,1.448,4.0
5,72,25,strong,0.0,full,hj,feasible,3000,684,0.228,0.2133405541370684,0.2433551395695089,0.6676666666666666,0.1043333333333333,2.075,3.0
5,72,25,strong,0.0,weak_tail,equal,oracle,3000,253,0.0843333333333333,0.0749131829751923,0.0948166332651286,0.9156666666666666,0.0,2.229,3.0
5,72,25,strong,0.0,weak_tail,equal,feasible,3000,284,0.0946666666666666,0.0847030285428707,0.1056670248237935,0.7493333333333333,0.156,2.561,3.0
5,72,25,strong,0.0,weak_tail,hj,oracle,3000,271,0.0903333333333333,0.0805926554708909,0.101121814584726,0.9096666666666666,0.0,2.2146666666666666,3.0
5,72,25,strong,0.0,weak_tail,hj,feasible,3000,353,0.1176666666666666,0.1066225863970253,0.1296886399282739,0.7976666666666666,0.0846666666666666,2.4033333333333333,3.0
5,72,25,strong,0.7,full,equal,oracle,3000,1466,0.4886666666666667,0.4708052510672111,0.5065570695038963,0.5113333333333333,0.0,1.2346666666666666,4.0
5,72,25,strong,0.7,full,equal,feasible,3000,734,0.2446666666666666,0.2296164597916805,0.2603699389573859,0.5636666666666666,0.1916666666666666,1.9436666666666669,4.0
5,72,25,strong,0.7,full,hj,oracle,3000,2201,0.7336666666666667,0.7175572068511996,0.7491784778444982,0.2663333333333333,0.0,0.3116666666666666,5.0
5,72,25,strong,0.7,full,hj,feasible,3000,1130,0.3766666666666666,0.3594956767814122,0.3941531059041681,0.477,0.1463333333333333,1.269,5.0
5,72,25,strong,0.7,weak_tail,equal,oracle,3000,258,0.086,0.0764893768640401,0.0965695098805297,0.914,0.0,2.199,3.0
5,72,25,strong,0.7,weak_tail,equal,feasible,3000,320,0.1066666666666666,0.0961192010063877,0.1182201599908687,0.7053333333333334,0.188,2.5113333333333334,3.0
5,72,25,strong,0.7,weak_tail,hj,oracle,3000,334,0.1113333333333333,0.1005709798434639,0.1230897785656894,0.8886666666666667,0.0,1.831,3.0
5,72,25,strong,0.7,weak_tail,hj,feasible,3000,444,0.148,0.1357434499003774,0.161156859602252,0.7663333333333333,0.0856666666666666,2.0986666666666665,3.0
5,72,25,weak,0.0,full,equal,oracle,3000,30,0.01,0.0070137042539868,0.0142395674968326,0.99,0.0,3.4963333333333333,1.0
5,72,25,weak,0.0,full,equal,feasible,3000,329,0.1096666666666666,0.0989803253945503,0.1213513625103541,0.793,0.0973333333333333,2.7583333333333333,2.0
5,72,25,weak,0.0,full,hj,oracle,3000,26,0.0086666666666666,0.0059212690513622,0.012668746296058,0.9913333333333332,0.0,3.5136666666666665,1.0
5,72,25,weak,0.0,full,hj,feasible,3000,282,0.094,0.0840702195903577,0.1049682055746069,0.837,0.069,2.8526666666666665,2.0
5,72,25,weak,0.0,weak_tail,equal,oracle,3000,3,0.001,0.0003401472190391,0.0029361438088361,0.999,0.0,3.554333333333333,1.0
5,72,25,weak,0.0,weak_tail,equal,feasible,3000,144,0.048,0.0409117236142353,0.0562443556334593,0.8136666666666666,0.1383333333333333,3.066666666666667,2.0
5,72,25,weak,0.0,weak_tail,hj,oracle,3000,4,0.0013333333333333,0.0005186256496617,0.0034234794790633,0.9986666666666668,0.0,3.558,1.0
5,72,25,weak,0.0,weak_tail,hj,feasible,3000,228,0.076,0.0670501357645342,0.0860343279545421,0.8586666666666667,0.0653333333333333,2.923,2.0
5,72,25,weak,0.7,full,equal,oracle,3000,85,0.0283333333333333,0.0229723594628776,0.0349006878346798,0.9716666666666668,0.0,3.395,1.0
5,72,25,weak,0.7,full,equal,feasible,3000,361,0.1203333333333333,0.1091738704787231,0.1324638686533743,0.7286666666666667,0.151,2.75,2.0
5,72,25,weak,0.7,full,hj,oracle,3000,210,0.07,0.0614090380633049,0.0796907718404753,0.93,0.0,2.744,2.0
5,72,25,weak,0.7,full,hj,feasible,3000,359,0.1196666666666666,0.1085358749831267,0.1317702359472712,0.804,0.0763333333333333,2.6066666666666665,2.0
5,72,25,weak,0.7,weak_tail,equal,oracle,3000,11,0.0036666666666666,0.0020486685952001,0.0065541352394733,0.9963333333333332,0.0,3.5326666666666666,1.0
5,72,25,weak,0.7,weak_tail,equal,feasible,3000,181,0.0603333333333333,0.0523622424560336,0.069428958523103,0.772,0.1676666666666666,3.0716666666666668,2.0
5,72,25,weak,0.7,weak_tail,hj,oracle,3000,13,0.0043333333333333,0.0025342196904608,0.0074002123459123,0.9956666666666668,0.0,3.228666666666667,2.0
5,72,25,weak,0.7,weak_tail,hj,feasible,3000,274,0.0913333333333333,0.0815405899871373,0.1021713223710291,0.8396666666666667,0.069,2.826,2.0
5,72,74,strong,0.0,full,equal,oracle,3000,1313,0.4376666666666666,0.4200051967137695,0.455487566427321,0.5623333333333334,0.0,1.243,4.0
5,72,74,strong,0.0,full,equal,feasible,3000,747,0.249,0.2338533969046407,0.2647885851554729,0.6156666666666667,0.1353333333333333,1.934,4.0
5,72,74,strong,0.0,full,hj,oracle,3000,1230,0.41,0.392526271699296,0.4277039210712626,0.59,0.0,1.3493333333333333,4.0
5,72,74,strong,0.0,full,hj,feasible,3000,677,0.2256666666666666,0.2110645489089954,0.2409704460916333,0.6633333333333333,0.111,2.0483333333333333,3.0
5,72,74,strong,0.0,weak_tail,equal,oracle,3000,554,0.1846666666666666,0.1711878433587342,0.1989520172373713,0.8153333333333334,0.0,1.9123333333333337,3.0
5,72,74,strong,0.0,weak_tail,equal,feasible,3000,374,0.1246666666666666,0.1133236066319313,0.1369697158112133,0.6993333333333334,0.176,2.481333333333333,3.0
5,72,74,strong,0.0,weak_tail,hj,oracle,3000,605,0.2016666666666666,0.1876942129861411,0.2164021667533033,0.7983333333333333,0.0,1.8473333333333333,3.0
5,72,74,strong,0.0,weak_tail,hj,feasible,3000,486,0.162,0.1492489952633077,0.1756155064750126,0.745,0.093,2.2436666666666665,3.0
5,72,74,strong,0.7,full,equal,oracle,3000,1544,0.5146666666666667,0.4967750973856356,0.532520723051755,0.4853333333333333,0.0,1.1393333333333333,5.0
5,72,74,strong,0.7,full,equal,feasible,3000,816,0.272,0.2563756255542408,0.2882075294645078,0.5343333333333333,0.1936666666666666,1.8593333333333333,4.0
5,72,74,strong,0.7,full,hj,oracle,3000,2325,0.775,0.7597110167209663,0.7895856164801044,0.225,0.0,0.248,5.0
5,72,74,strong,0.7,full,hj,feasible,3000,1255,0.4183333333333333,0.4007970844967649,0.4360784607950382,0.4266666666666667,0.155,1.143333333333333,5.0
5,72,74,strong,0.7,weak_tail,equal,oracle,3000,629,0.2096666666666666,0.1954759717359299,0.2245999464239093,0.7903333333333333,0.0,1.883,3.0
5,72,74,strong,0.7,weak_tail,equal,feasible,3000,353,0.1176666666666666,0.1066225863970253,0.1296886399282739,0.6723333333333333,0.21,2.4833333333333334,3.0
5,72,74,strong,0.7,weak_tail,hj,oracle,3000,925,0.3083333333333333,0.2920620198581893,0.3250948721531857,0.6916666666666667,0.0,1.2593333333333334,4.0
5,72,74,strong,0.7,weak_tail,hj,feasible,3000,589,0.1963333333333333,0.1825112602394065,0.2109320938864414,0.6943333333333334,0.1093333333333333,1.8696666666666664,3.0
5,72,74,weak,0.0,full,equal,oracle,3000,51,0.017,0.012953739842509,0.0222816280261558,0.983,0.0,3.4406666666666665,1.0
5,72,74,weak,0.0,full,equal,feasible,3000,271,0.0903333333333333,0.0805926554708909,0.101121814584726,0.8156666666666667,0.094,2.8056666666666668,2.0
5,72,74,weak,0.0,full,hj,oracle,3000,47,0.0156666666666666,0.0118021898563051,0.0207699216089605,0.9843333333333332,0.0,3.461,1.0
5,72,74,weak,0.0,full,hj,feasible,3000,231,0.077,0.0679920427108074,0.0870898633108182,0.863,0.06,2.9026666666666667,2.0
5,72,74,weak,0.0,weak_tail,equal,oracle,3000,14,0.0046666666666666,0.0027819139335313,0.0078183322036916,0.9953333333333332,0.0,3.51,1.0
5,72,74,weak,0.0,weak_tail,equal,feasible,3000,148,0.0493333333333333,0.0421437423631508,0.0576755932879429,0.803,0.1476666666666666,3.1066666666666665,2.0
5,72,74,weak,0.0,weak_tail,hj,oracle,3000,15,0.005,0.0030324533483749,0.0082336068896977,0.995,0.0,3.5143333333333335,1.0
5,72,74,weak,0.0,weak_tail,hj,feasible,3000,256,0.0853333333333333,0.0758587631496972,0.095868495393173,0.8466666666666667,0.068,2.916,2.0
5,72,74,weak,0.7,full,equal,oracle,3000,87,0.029,0.0235712589057498,0.0356334165935072,0.971,0.0,3.3786666666666667,1.0
5,72,74,weak,0.7,full,equal,feasible,3000,314,0.1046666666666666,0.0942132918077672,0.1161311845843904,0.7416666666666667,0.1536666666666666,2.794666666666666,2.0
5,72,74,weak,0.7,full,hj,oracle,3000,276,0.092,0.0821727533534877,0.1028707872063782,0.908,0.0,2.477333333333333,2.0
5,72,74,weak,0.7,full,hj,feasible,3000,355,0.1183333333333333,0.1072602320973655,0.1303826224296332,0.802,0.0796666666666666,2.543,2.0
5,72,74,weak,0.7,weak_tail,equal,oracle,3000,22,0.0073333333333333,0.0048478685219377,0.0110788904220834,0.9926666666666668,0.0,3.448,1.0
5,72,74,weak,0.7,weak_tail,equal,feasible,3000,183,0.061,0.0529843310254596,0.0701384981553765,0.7566666666666667,0.1823333333333333,2.988,2.0
5,72,74,weak,0.7,weak_tail,hj,oracle,3000,38,0.0126666666666666,0.0092424268359468,0.0173373577216708,0.9873333333333332,0.0,3.041,2.0
5,72,74,weak,0.7,weak_tail,hj,feasible,3000,285,0.095,0.0850194922059652,0.1060163752615488,0.8333333333333334,0.0716666666666666,2.7136666666666667,2.0
5,240,25,strong,0.0,full,equal,oracle,3000,2609,0.8696666666666667,0.8571449941341893,0.8812428437082198,0.1303333333333333,0.0,0.1663333333333333,5.0
5,240,25,strong,0.0,full,equal,feasible,3000,1398,0.466,0.4482043182420676,0.4838826434712546,0.3733333333333333,0.1606666666666666,1.179,5.0
5,240,25,strong,0.0,full,hj,oracle,3000,2596,0.8653333333333333,0.8526495601213426,0.8770826944100192,0.1346666666666666,0.0,0.176,5.0
5,240,25,strong,0.0,full,hj,feasible,3000,1355,0.4516666666666666,0.4339316108512974,0.4695253445254841,0.401,0.1473333333333333,1.233,5.0
5,240,25,strong,0.0,weak_tail,equal,oracle,3000,1146,0.382,0.3647748210540685,0.3995269872451084,0.618,0.0,1.0576666666666668,4.0
5,240,25,strong,0.0,weak_tail,equal,feasible,3000,631,0.2103333333333333,0.1961248386790735,0.2252827076824653,0.6063333333333333,0.1833333333333333,1.912,4.0
5,240,25,strong,0.0,weak_tail,hj,oracle,3000,1155,0.385,0.3677453137889538,0.4025488214178712,0.615,0.0,1.0413333333333334,4.0
5,240,25,strong,0.0,weak_tail,hj,feasible,3000,699,0.233,0.2182199141814341,0.2484629910378899,0.663,0.104,1.7436666666666667,4.0
5,240,25,strong,0.7,full,equal,oracle,3000,2620,0.8733333333333333,0.8609522401537867,0.8847595527979698,0.1266666666666666,0.0,0.2176666666666666,5.0
5,240,25,strong,0.7,full,equal,feasible,3000,1434,0.478,0.460164931988558,0.4958913373553563,0.3093333333333333,0.2126666666666666,1.1606666666666667,5.0
5,240,25,strong,0.7,full,hj,oracle,3000,2907,0.969,0.962173256564996,0.9746271833306482,0.031,0.0,0.031,5.0
5,240,25,strong,0.7,full,hj,feasible,3000,1852,0.6173333333333333,0.5998014336224661,0.6345651298766574,0.197,0.1856666666666666,0.7866666666666666,5.0
5,240,25,strong,0.7,weak_tail,equal,oracle,3000,1149,0.383,0.3657649076194867,0.4005343429822395,0.617,0.0,1.0713333333333332,4.0
5,240,25,strong,0.7,weak_tail,equal,feasible,3000,591,0.197,0.1831589104857847,0.2116160718417628,0.5796666666666667,0.2233333333333333,1.942,4.0
5,240,25,strong,0.7,weak_tail,hj,oracle,3000,1302,0.434,0.4163601652361138,0.4518086427956292,0.566,0.0,0.908,4.0
5,240,25,strong,0.7,weak_tail,hj,feasible,3000,769,0.2563333333333333,0.2410283002086545,0.2722615920701544,0.622,0.1216666666666666,1.5546666666666666,4.0
5,240,25,weak,0.0,full,equal,oracle,3000,342,0.114,0.1031176735490427,0.1258695976669089,0.886,0.0,2.695666666666667,2.0
5,240,25,weak,0.0,full,equal,feasible,3000,454,0.1513333333333333,0.1389556785262004,0.1646027719849269,0.7486666666666667,0.1,2.5076666666666667,2.0
5,240,25,weak,0.0,full,hj,oracle,3000,308,0.1026666666666666,0.0923086237446457,0.1140409680424132,0.8973333333333333,0.0,2.771333333333333,2.0
5,240,25,weak,0.0,full,hj,feasible,3000,396,0.132,0.1203567048534542,0.1445845278083856,0.7936666666666666,0.0743333333333333,2.608,2.0
5,240,25,weak,0.0,weak_tail,equal,oracle,3000,57,0.019,0.0146942684174918,0.0245359840562717,0.981,0.0,3.009333333333333,2.0
5,240,25,weak,0.0,weak_tail,equal,feasible,3000,188,0.0626666666666666,0.0545408014028638,0.0719110982822212,0.8006666666666666,0.1366666666666666,2.9203333333333332,2.0
5,240,25,weak,0.0,weak_tail,hj,oracle,3000,59,0.0196666666666666,0.0152776021048169,0.0252842785706462,0.9803333333333332,0.0,3.018666666666667,2.0
5,240,25,weak,0.0,weak_tail,hj,feasible,3000,261,0.087,0.0774356330836624,0.0976206959634568,0.8453333333333334,0.0676666666666666,2.769,2.0
5,240,25,weak,0.7,full,equal,oracle,3000,483,0.161,0.1482831093829838,0.1745839500527871,0.839,0.0,2.4976666666666665,2.0
5,240,25,weak,0.7,full,equal,feasible,3000,448,0.1493333333333333,0.1370280793696852,0.1625354865363434,0.6916666666666667,0.159,2.5083333333333333,3.0
5,240,25,weak,0.7,full,hj,oracle,3000,1021,0.3403333333333333,0.3235919742936322,0.3574830713993219,0.6596666666666666,0.0,1.245,4.0
5,240,25,weak,0.7,full,hj,feasible,3000,605,0.2016666666666666,0.1876942129861411,0.2164021667533033,0.677,0.1213333333333333,1.993,4.0
5,240,25,weak,0.7,weak_tail,equal,oracle,3000,67,0.0223333333333333,0.0176247750015741,0.0282636184806872,0.9776666666666668,0.0,2.9353333333333333,2.0
5,240,25,weak,0.7,weak_tail,equal,feasible,3000,173,0.0576666666666666,0.0498768552486158,0.0665878329237225,0.7636666666666667,0.1786666666666666,2.8873333333333333,2.0
5,240,25,weak,0.7,weak_tail,hj,oracle,3000,102,0.034,0.0280876675286825,0.0411042194833212,0.966,0.0,2.493333333333333,2.0
5,240,25,weak,0.7,weak_tail,hj,feasible,3000,284,0.0946666666666666,0.0847030285428707,0.1056670248237935,0.8293333333333334,0.076,2.5183333333333335,2.0
5,240,74,strong,0.0,full,equal,oracle,3000,2677,0.8923333333333333,0.8807358081167751,0.902927388583419,0.1076666666666666,0.0,0.134,5.0
5,240,74,strong,0.0,full,equal,feasible,3000,1493,0.4976666666666666,0.4797893478639409,0.5155499534301106,0.3313333333333333,0.171,1.1206666666666667,5.0
5,240,74,strong,0.0,full,hj,oracle,3000,2660,0.8866666666666667,0.8748251698113316,0.8975191871744164,0.1133333333333333,0.0,0.1483333333333333,5.0
5,240,74,strong,0.0,full,hj,feasible,3000,1418,0.4726666666666667,0.4548478278396507,0.4905554158906671,0.363,0.1643333333333333,1.1906666666666668,5.0
5,240,74,strong,0.0,weak_tail,equal,oracle,3000,1811,0.6036666666666667,0.5860416299015494,0.621026555462733,0.3963333333333333,0.0,0.6353333333333333,5.0
5,240,74,strong,0.0,weak_tail,equal,feasible,3000,833,0.2776666666666667,0.2619329814784233,0.2939690132547715,0.5183333333333333,0.204,1.764,4.0
5,240,74,strong,0.0,weak_tail,hj,oracle,3000,1845,0.615,0.5974511785821288,0.6322546862110463,0.385,0.0,0.589,5.0
5,240,74,strong,0.0,weak_tail,hj,feasible,3000,962,0.3206666666666666,0.3042036003679318,0.337588413374885,0.542,0.1373333333333333,1.5153333333333334,4.0
5,240,74,strong,0.7,full,equal,oracle,3000,2627,0.8756666666666667,0.863376720403415,0.8869957712542903,0.1243333333333333,0.0,0.198,5.0
5,240,74,strong,0.7,full,equal,feasible,3000,1418,0.4726666666666667,0.4548478278396507,0.4905554158906671,0.296,0.2313333333333333,1.1793333333333331,5.0
5,240,74,strong,0.7,full,hj,oracle,3000,2927,0.9756666666666668,0.9695147639639504,0.9806019579486897,0.0243333333333333,0.0,0.0246666666666666,5.0
5,240,74,strong,0.7,full,hj,feasible,3000,1920,0.64,0.6226547501458845,0.6569871722110242,0.1723333333333333,0.1876666666666666,0.76,5.0
5,240,74,strong,0.7,weak_tail,equal,oracle,3000,1890,0.63,0.6125673870769301,0.647100112254485,0.37,0.0,0.6106666666666667,5.0
5,240,74,strong,0.7,weak_tail,equal,feasible,3000,820,0.2733333333333333,0.2576829484450923,0.2895634629770554,0.4953333333333333,0.2313333333333333,1.76,5.0
5,240,74,strong,0.7,weak_tail,hj,oracle,3000,2225,0.7416666666666667,0.72570132277446,0.7570139003416325,0.2583333333333333,0.0,0.3436666666666667,5.0
5,240,74,strong,0.7,weak_tail,hj,feasible,3000,1138,0.3793333333333333,0.3621349710520436,0.3968403244403351,0.4763333333333333,0.1443333333333333,1.2286666666666666,5.0
5,240,74,weak,0.0,full,equal,oracle,3000,357,0.119,0.1078979952429838,0.1310764874857145,0.881,0.0,2.5986666666666665,2.0
5,240,74,weak,0.0,full,equal,feasible,3000,458,0.1526666666666666,0.140241175736516,0.1659805311780103,0.7423333333333333,0.105,2.4683333333333333,3.0
5,240,74,weak,0.0,full,hj,oracle,3000,309,0.103,0.0926259808899368,0.1143894249979719,0.897,0.0,2.687,2.0
5,240,74,weak,0.0,full,hj,feasible,3000,403,0.1343333333333333,0.1225971425742414,0.1470047887935469,0.787,0.0786666666666666,2.5633333333333335,2.0
5,240,74,weak,0.0,weak_tail,equal,oracle,3000,114,0.038,0.0317279808987635,0.0454536753234376,0.962,0.0,2.904333333333333,2.0
5,240,74,weak,0.0,weak_tail,equal,feasible,3000,183,0.061,0.0529843310254596,0.0701384981553765,0.779,0.16,2.908333333333333,2.0
5,240,74,weak,0.0,weak_tail,hj,oracle,3000,131,0.0436666666666666,0.0369191397430311,0.0515813561936163,0.9563333333333334,0.0,2.878,2.0
5,240,74,weak,0.0,weak_tail,hj,feasible,3000,299,0.0996666666666666,0.0894540193552607,0.1109032455241502,0.818,0.0823333333333333,2.691666666666667,2.0
5,240,74,weak,0.7,full,equal,oracle,3000,564,0.188,0.174421049140717,0.2023769524638863,0.812,0.0,2.372333333333333,2.0
5,240,74,weak,0.7,full,equal,feasible,3000,438,0.146,0.1338171703935225,0.1590882545040081,0.6783333333333333,0.1756666666666666,2.4696666666666665,3.0
5,240,74,weak,0.7,full,hj,oracle,3000,1293,0.431,0.4133785999968918,0.4487978811272031,0.569,0.0,0.9496666666666668,4.0
5,240,74,weak,0.7,full,hj,feasible,3000,692,0.2306666666666666,0.2159425080008691,0.2460796985125064,0.6556666666666666,0.1136666666666666,1.8103333333333331,4.0
5,240,74,weak,0.7,weak_tail,equal,oracle,3000,155,0.0516666666666666,0.0443034709528102,0.060176563404232,0.9483333333333334,0.0,2.8063333333333333,2.0
5,240,74,weak,0.7,weak_tail,equal,feasible,3000,225,0.075,0.0661087063006732,0.0849783151158538,0.7303333333333333,0.1946666666666666,2.841666666666667,2.0
5,240,74,weak,0.7,weak_tail,hj,oracle,3000,287,0.0956666666666666,0.0856525369816895,0.106714958687524,0.9043333333333332,0.0,2.157,3.0
5,240,74,weak,0.7,weak_tail,hj,feasible,3000,387,0.129,0.1174779838356869,0.1414709219185049,0.785,0.086,2.37,3.0
5,600,25,strong,0.0,full,equal,oracle,3000,2971,0.9903333333333332,0.9861515686577084,0.9932609736923216,0.0096666666666666,0.0,0.0096666666666666,5.0
5,600,25,strong,0.0,full,equal,feasible,3000,1995,0.665,0.6479088226026989,0.6816691573179435,0.1426666666666666,0.1923333333333333,0.7763333333333333,5.0
5,600,25,strong,0.0,full,hj,oracle,3000,2971,0.9903333333333332,0.9861515686577084,0.9932609736923216,0.0096666666666666,0.0,0.0096666666666666,5.0
5,600,25,strong,0.0,full,hj,feasible,3000,1988,0.6626666666666666,0.6455495734975532,0.6793677077171407,0.1513333333333333,0.186,0.7783333333333333,5.0
5,600,25,strong,0.0,weak_tail,equal,oracle,3000,2128,0.7093333333333334,0.6928254266787167,0.7253058286549469,0.2906666666666667,0.0,0.415,5.0
5,600,25,strong,0.0,weak_tail,equal,feasible,3000,1077,0.359,0.3420245634086391,0.3763360719319027,0.4366666666666666,0.2043333333333333,1.41,5.0
5,600,25,strong,0.0,weak_tail,hj,oracle,3000,2126,0.7086666666666667,0.6921486583793715,0.7246509687525926,0.2913333333333333,0.0,0.416,5.0
5,600,25,strong,0.0,weak_tail,hj,feasible,3000,1109,0.3696666666666666,0.3525701905208955,0.3870964960468394,0.4893333333333333,0.141,1.279,5.0
5,600,25,strong,0.7,full,equal,oracle,3000,2966,0.9886666666666668,0.9842050842176286,0.991878387628153,0.0113333333333333,0.0,0.0133333333333333,5.0
5,600,25,strong,0.7,full,equal,feasible,3000,1827,0.609,0.5914095994876911,0.6263116114901879,0.1306666666666666,0.2603333333333333,0.941,5.0
5,600,25,strong,0.7,full,hj,oracle,3000,2997,0.999,0.9970638561911638,0.9996598527809608,0.001,0.0,0.001,5.0
5,600,25,strong,0.7,full,hj,feasible,3000,2151,0.717,0.7006113295455768,0.7328336501076317,0.0546666666666666,0.2283333333333333,0.7423333333333333,5.0
5,600,25,strong,0.7,weak_tail,equal,oracle,3000,2084,0.6946666666666667,0.6779461649255487,0.7108892699707243,0.3053333333333333,0.0,0.4406666666666666,5.0
5,600,25,strong,0.7,weak_tail,equal,feasible,3000,1023,0.341,0.324249784145018,0.3581568897496356,0.4316666666666666,0.2273333333333333,1.46,5.0
5,600,25,strong,0.7,weak_tail,hj,oracle,3000,2212,0.7373333333333333,0.7212890941413502,0.752770545663695,0.2626666666666666,0.0,0.3573333333333333,5.0
5,600,25,strong,0.7,weak_tail,hj,feasible,3000,1199,0.3996666666666666,0.3822777075109305,0.4173122481332849,0.4563333333333333,0.144,1.1563333333333334,5.0
5,600,25,weak,0.0,full,equal,oracle,3000,1123,0.3743333333333333,0.3571867519812933,0.3918013319983386,0.6256666666666667,0.0,1.4536666666666669,4.0
5,600,25,weak,0.0,full,equal,feasible,3000,688,0.2293333333333333,0.2146414243359498,0.2447175257740265,0.646,0.1246666666666666,2.021,4.0
5,600,25,weak,0.0,full,hj,oracle,3000,1049,0.3496666666666667,0.3328046826768124,0.3669131578399355,0.6503333333333333,0.0,1.5593333333333332,4.0
5,600,25,weak,0.0,full,hj,feasible,3000,625,0.2083333333333333,0.1941784143755685,0.2232342473808716,0.684,0.1076666666666666,2.128,3.0
5,600,25,weak,0.0,weak_tail,equal,oracle,3000,255,0.085,0.0755435241310502,0.0955179203109702,0.915,0.0,2.2576666666666667,3.0
5,600,25,weak,0.0,weak_tail,equal,feasible,3000,311,0.1036666666666666,0.09326080066579,0.1150862334238183,0.7463333333333333,0.15,2.5686666666666667,3.0
5,600,25,weak,0.0,weak_tail,hj,oracle,3000,259,0.0863333333333333,0.0768047510848826,0.096919949760537,0.9136666666666666,0.0,2.256666666666667,3.0
5,600,25,weak,0.0,weak_tail,hj,feasible,3000,398,0.1326666666666666,0.1209967035150731,0.1452761573484662,0.788,0.0793333333333333,2.3943333333333334,3.0
5,600,25,weak,0.7,full,equal,oracle,3000,1372,0.4573333333333333,0.4395725366026678,0.4752032584885599,0.5426666666666666,0.0,1.3256666666666668,4.0
5,600,25,weak,0.7,full,equal,feasible,3000,706,0.2353333333333333,0.2204979633429702,0.2508456405823023,0.5843333333333334,0.1803333333333333,1.979,4.0
5,600,25,weak,0.7,full,hj,oracle,3000,2137,0.7123333333333334,0.6958714096135318,0.7282521726277799,0.2876666666666667,0.0,0.3583333333333333,5.0
5,600,25,weak,0.7,full,hj,feasible,3000,1133,0.3776666666666666,0.3604853468630302,0.3951608781250995,0.491,0.1313333333333333,1.2806666666666666,5.0
5,600,25,weak,0.7,weak_tail,equal,oracle,3000,256,0.0853333333333333,0.0758587631496972,0.095868495393173,0.9146666666666666,0.0,2.2573333333333334,3.0
5,600,25,weak,0.7,weak_tail,equal,feasible,3000,297,0.099,0.0888200633103788,0.1102055733673325,0.7273333333333334,0.1736666666666666,2.558666666666667,3.0
5,600,25,weak,0.7,weak_tail,hj,oracle,3000,337,0.1123333333333333,0.1015257549568429,0.1241324457548597,0.8876666666666667,0.0,1.856,3.0
5,600,25,weak,0.7,weak_tail,hj,feasible,3000,445,0.1483333333333333,0.1360645742486837,0.1615015493547955,0.7576666666666667,0.094,2.1683333333333334,3.0
5,600,74,strong,0.0,full,equal,oracle,3000,2980,0.9933333333333332,0.9897247083783172,0.995680160879361,0.0066666666666666,0.0,0.007,5.0
5,600,74,strong,0.0,full,equal,feasible,3000,1986,0.662,0.6448755868900454,0.6787100661229489,0.133,0.205,0.794,5.0
5,600,74,strong,0.0,full,hj,oracle,3000,2980,0.9933333333333332,0.9897247083783172,0.995680160879361,0.0066666666666666,0.0,0.007,5.0
5,600,74,strong,0.0,full,hj,feasible,3000,1979,0.6596666666666666,0.642516928600678,0.6764080257063678,0.1423333333333333,0.198,0.795,5.0
5,600,74,strong,0.0,weak_tail,equal,oracle,3000,2731,0.9103333333333332,0.8995780666929761,0.9200390914531064,0.0896666666666666,0.0,0.113,5.0
5,600,74,strong,0.0,weak_tail,equal,feasible,3000,1463,0.4876666666666667,0.4698073754140661,0.505557502854492,0.2916666666666667,0.2206666666666666,1.1746666666666667,5.0
5,600,74,strong,0.0,weak_tail,hj,oracle,3000,2732,0.9106666666666666,0.8999280707857793,0.920354901461153,0.0893333333333333,0.0,0.111,5.0
5,600,74,strong,0.0,weak_tail,hj,feasible,3000,1526,0.5086666666666667,0.490777768891394,0.5265333977307004,0.3163333333333333,0.175,1.022333333333333,5.0
5,600,74,strong,0.7,full,equal,oracle,3000,2978,0.9926666666666668,0.9889211095779166,0.9951521314780624,0.0073333333333333,0.0,0.0076666666666666,5.0
5,600,74,strong,0.7,full,equal,feasible,3000,1912,0.6373333333333333,0.6199640032717396,0.6543514062783707,0.1116666666666666,0.251,0.8816666666666667,5.0
5,600,74,strong,0.7,full,hj,oracle,3000,2997,0.999,0.9970638561911638,0.9996598527809608,0.001,0.0,0.001,5.0
5,600,74,strong,0.7,full,hj,feasible,3000,2228,0.7426666666666667,0.7267198119481669,0.7579928534704748,0.0456666666666666,0.2116666666666666,0.6806666666666666,5.0
5,600,74,strong,0.7,weak_tail,equal,oracle,3000,2725,0.9083333333333332,0.8974789246442586,0.9181433488967252,0.0916666666666666,0.0,0.116,5.0
5,600,74,strong,0.7,weak_tail,equal,feasible,3000,1438,0.4793333333333333,0.4614945265373505,0.4972249992099629,0.263,0.2576666666666666,1.2263333333333333,5.0
5,600,74,strong,0.7,weak_tail,hj,oracle,3000,2846,0.9486666666666668,0.9401804389731784,0.956005340770629,0.0513333333333333,0.0,0.057,5.0
5,600,74,strong,0.7,weak_tail,hj,feasible,3000,1742,0.5806666666666667,0.562916942439224,0.5982100699664235,0.2336666666666666,0.1856666666666666,0.879,5.0
5,600,74,weak,0.0,full,equal,oracle,3000,1151,0.3836666666666666,0.3664250085134015,0.4012058702900243,0.6163333333333333,0.0,1.374,4.0
5,600,74,weak,0.0,full,equal,feasible,3000,678,0.226,0.2113896519701337,0.2413111571313449,0.6353333333333333,0.1386666666666666,2.011,4.0
5,600,74,weak,0.0,full,hj,oracle,3000,1077,0.359,0.3420245634086391,0.3763360719319027,0.641,0.0,1.489,4.0
5,600,74,weak,0.0,full,hj,feasible,3000,622,0.2073333333333333,0.1932054016323192,0.2222098178215716,0.6816666666666666,0.111,2.103666666666667,3.0
5,600,74,weak,0.0,weak_tail,equal,oracle,3000,488,0.1626666666666666,0.1498930182769277,0.1763031116630921,0.8373333333333334,0.0,2.053,3.0
5,600,74,weak,0.0,weak_tail,equal,feasible,3000,330,0.11,0.0992983919562981,0.121699110049456,0.735,0.155,2.5603333333333333,3.0
5,600,74,weak,0.0,weak_tail,hj,oracle,3000,530,0.1766666666666666,0.1634351389387287,0.190725183236982,0.8233333333333334,0.0,1.9963333333333333,3.0
5,600,74,weak,0.0,weak_tail,hj,feasible,3000,467,0.1556666666666666,0.143134784174439,0.1690792496477354,0.755,0.0893333333333333,2.300666666666667,3.0
5,600,74,weak,0.7,full,equal,oracle,3000,1450,0.4833333333333333,0.4654840739046574,0.5012252210528535,0.5166666666666667,0.0,1.2203333333333333,4.0
5,600,74,weak,0.7,full,equal,feasible,3000,723,0.241,0.2260330049995286,0.2566294386401901,0.5703333333333334,0.1886666666666666,1.944,4.0
5,600,74,weak,0.7,full,hj,oracle,3000,2238,0.746,0.730115549553124,0.7612552568740156,0.254,0.0,0.2806666666666667,5.0
5,600,74,weak,0.7,full,hj,feasible,3000,1182,0.394,0.3766609646072246,0.4116101513225445,0.4596666666666666,0.1463333333333333,1.1836666666666666,5.0
5,600,74,weak,0.7,weak_tail,equal,oracle,3000,592,0.1973333333333333,0.1834827592498811,0.2119580371785161,0.8026666666666666,0.0,1.9326666666666668,3.0
5,600,74,weak,0.7,weak_tail,equal,feasible,3000,346,0.1153333333333333,0.1043917638923796,0.1272587637269711,0.671,0.2136666666666666,2.5246666666666666,3.0
5,600,74,weak,0.7,weak_tail,hj,oracle,3000,860,0.2866666666666667,0.2707659047536503,0.3031130707024888,0.7133333333333334,0.0,1.322,4.0
5,600,74,weak,0.7,weak_tail,hj,feasible,3000,576,0.192,0.1783030862261498,0.2064846845886509,0.708,0.1,1.9303333333333332,3.0
