evaluation,geometry,months,true_dimension,exact_rate,under_rate,over_rate
feasible,equal,72,1,0.46166666666666667,0.0,0.5383333333333333
feasible,equal,72,3,0.25266666666666665,0.41466666666666663,0.3326666666666666
feasible,equal,72,5,0.24766666666666665,0.6241666666666668,0.12816666666666665
feasible,equal,240,1,0.475,0.0,0.525
feasible,equal,240,3,0.3851666666666666,0.20399999999999996,0.41083333333333333
feasible,equal,240,5,0.48183333333333334,0.3523333333333333,0.1658333333333333
feasible,equal,600,1,0.4648333333333333,0.0,0.5351666666666667
feasible,equal,600,3,0.4643333333333333,0.0743333333333333,0.4613333333333333
feasible,equal,600,5,0.6635,0.1378333333333333,0.19866666666666666
feasible,hj,72,1,0.4988333333333333,0.0,0.5011666666666666
feasible,hj,72,3,0.25516666666666665,0.4495,0.29533333333333334
feasible,hj,72,5,0.2268333333333333,0.6655,0.10766666666666666
feasible,hj,240,1,0.5125,0.0,0.4875
feasible,hj,240,3,0.39649999999999996,0.2226666666666666,0.3808333333333333
feasible,hj,240,5,0.4621666666666666,0.382,0.1558333333333333
feasible,hj,600,1,0.5048333333333332,0.0,0.4951666666666667
feasible,hj,600,3,0.48166666666666663,0.08199999999999999,0.4363333333333333
feasible,hj,600,5,0.6611666666666667,0.14683333333333332,0.192
oracle,equal,72,1,1.0,0.0,0.0
oracle,equal,72,3,0.6413333333333333,0.35866666666666663,0.0
oracle,equal,72,5,0.4268333333333333,0.5731666666666666,0.0
oracle,equal,240,1,1.0,0.0,0.0
oracle,equal,240,3,0.95,0.05,0.0
oracle,equal,240,5,0.881,0.11899999999999995,0.0
oracle,equal,600,1,1.0,0.0,0.0
oracle,equal,600,3,0.9981666666666669,0.0018333333333333001,0.0
oracle,equal,600,5,0.9918333333333331,0.0081666666666666,0.0
oracle,hj,72,1,1.0,0.0,0.0
oracle,hj,72,3,0.6303333333333334,0.36966666666666664,0.0
oracle,hj,72,5,0.4006666666666666,0.5993333333333333,0.0
oracle,hj,240,1,1.0,0.0,0.0
oracle,hj,240,3,0.9491666666666667,0.0508333333333333,0.0
oracle,hj,240,5,0.876,0.12399999999999994,0.0
oracle,hj,600,1,1.0,0.0,0.0
oracle,hj,600,3,0.9981666666666669,0.0018333333333333001,0.0
oracle,hj,600,5,0.9918333333333331,0.0081666666666666,0.0
