evaluation,geometry,signal,spanning,family_divergence_rate,family_unanimity_rate,mean_unique_dimensions
feasible,equal,strong,full,0.9872777777777778,0.012722222222222222,3.3897222222222223
feasible,equal,strong,weak_tail,0.9952777777777777,0.004722222222222222,3.6165
feasible,equal,weak,full,0.9956111111111111,0.004388888888888889,3.636833333333333
feasible,equal,weak,weak_tail,0.9946666666666667,0.005333333333333333,3.5586111111111114
feasible,hj,strong,full,0.9752222222222221,0.024777777777777777,3.200388888888889
feasible,hj,strong,weak_tail,0.9919444444444445,0.008055555555555555,3.452444444444444
feasible,hj,weak,full,0.9932222222222222,0.0067777777777777775,3.5053333333333336
feasible,hj,weak,weak_tail,0.9916111111111111,0.008388888888888888,3.4633333333333334
oracle,equal,strong,full,0.30672222222222223,0.6932777777777778,1.5107777777777778
oracle,equal,strong,weak_tail,0.5593333333333333,0.4406666666666667,1.9200000000000002
oracle,equal,weak,full,0.6414444444444444,0.3585555555555555,2.190666666666667
oracle,equal,weak,weak_tail,0.6432777777777778,0.3567222222222222,2.1391666666666667
oracle,hj,strong,full,0.24855555555555556,0.7514444444444445,1.3693333333333333
oracle,hj,strong,weak_tail,0.5418333333333334,0.45816666666666667,1.8486666666666665
oracle,hj,weak,full,0.6263888888888889,0.3736111111111111,2.118111111111111
oracle,hj,weak,weak_tail,0.6501111111111111,0.3498888888888889,2.1470555555555553
