epoch,training_loss,selection_score,normalized_hj_span_loss,factor_span_sharpe,mean_scaled_hhi
1,1.9204418063163757,-1.3779167830944061,0.5734716653823853,1.3699928522109985,1.6260074377059937
2,0.8653347566723824,-1.514346331357956,0.6101316809654236,1.2641948461532593,1.6566460132598877
3,0.5886764228343964,-1.008206069469452,0.46516215801239014,1.549121618270874,1.6746046543121338
4,0.31714195013046265,-1.0152339935302734,0.4819750189781189,1.722764253616333,1.6859921216964722
5,0.4475730061531067,-1.0014914572238922,0.4875868260860443,1.845076084136963,1.691476583480835
6,0.22873229440301657,-0.9177166521549225,0.4760883152484894,2.0421931743621826,1.6802785396575928
7,0.3929528184235096,-1.0734789967536926,0.5316402316093445,2.0857667922973633,1.6645433902740479
8,0.014209207147359848,-1.3207325339317322,0.6166439652442932,2.11679744720459,1.6429051160812378
9,0.01738403830677271,-1.6243497729301453,0.7151897549629211,2.0848779678344727,1.629065990447998
10,-0.026795702055096626,-1.7040736675262451,0.7458081245422363,2.1334028244018555,1.614961862564087
11,0.0014331447891891003,-1.6282798647880554,0.7258429527282715,2.196995973587036,1.622504711151123
12,-0.29973913927096874,-1.5532077550888062,0.7010653614997864,2.199953317642212,1.6436588764190674
13,-0.3907606275752187,-1.388177752494812,0.6572375297546387,2.334139347076416,1.6584835052490234
14,-0.28209109976887703,-1.3833611607551575,0.667590320110321,2.4776391983032227,1.6718419790267944
15,-0.3672780841588974,-1.6098784804344177,0.7240804433822632,2.2494513988494873,1.6946362257003784
16,-0.48408376425504684,-1.6899052262306213,0.7429003119468689,2.1551828384399414,1.7106293439865112
17,-0.13895375840365887,-1.6879401803016663,0.7461641430854797,2.202208995819092,1.7146480083465576
18,-0.30349566298536956,-1.6764467358589172,0.7429794669151306,2.2099666595458984,1.7201489210128784
