asset_family,asset_label,K,distance_gamma0,distance_gamma1,raw_moment,alpha
size_bm_25,25 Size–B/M,1,8.35908107,6.924311442,0.1108866733,0.0476855142
size_bm_25,25 Size–B/M,2,18.13196359,7.252632521,0.1641621344,0.07832127747
size_bm_25,25 Size–B/M,3,18.72790176,8.415346833,0.1804775646,0.1008314878
size_bm_25,25 Size–B/M,4,20.24956277,8.527109145,0.1797273485,0.09136049854
size_bm_25,25 Size–B/M,5,14.89084214,8.694434365,0.1615741767,0.07052716293
size_bm_25,25 Size–B/M,8,9.715596754,6.992950551,0.1265845629,0.06057470575
industry_49,49 Industries,1,16.02897848,10.32189985,0.1211094248,0.08477164858
industry_49,49 Industries,2,25.7233535,10.95081687,0.154717279,0.08502968898
industry_49,49 Industries,3,27.5490462,11.94718362,0.169097176,0.09564513114
industry_49,49 Industries,4,30.88024661,12.19389051,0.172483958,0.09407558134
industry_49,49 Industries,5,24.74567452,12.42324839,0.1579744432,0.08994968879
industry_49,49 Industries,8,19.48221294,10.55138581,0.1371714659,0.09110568703
size_op_25,25 Size–OP,1,8.156472318,6.945881895,0.1159893763,0.05442187958
size_op_25,25 Size–OP,2,15.6679207,7.477079766,0.1572052507,0.0790906413
size_op_25,25 Size–OP,3,16.36568867,8.581234547,0.1773650568,0.09642394585
size_op_25,25 Size–OP,4,18.69729553,8.824655208,0.1755451456,0.0895369937
size_op_25,25 Size–OP,5,15.46397774,8.835871,0.1627801839,0.06932934571
size_op_25,25 Size–OP,8,11.22188861,7.471595767,0.1386611756,0.05829250726
size_inv_25,25 Size–Inv,1,6.905844885,7.724867005,0.1002556917,0.05199186609
size_inv_25,25 Size–Inv,2,15.34655045,8.049364048,0.148038349,0.07286135114
size_inv_25,25 Size–Inv,3,15.31146008,9.299761845,0.1603145492,0.09227619752
size_inv_25,25 Size–Inv,4,17.4805886,9.575987475,0.162443294,0.08617131484
size_inv_25,25 Size–Inv,5,13.50827159,9.326907476,0.1418943734,0.06677031294
size_inv_25,25 Size–Inv,8,9.228406986,8.028830484,0.1203721389,0.05859617617
size_mom_25,25 Size–Mom,1,6.344170005,5.83520143,0.102653309,0.04538905121
size_mom_25,25 Size–Mom,2,16.06893755,6.619040964,0.1582733744,0.08332975096
size_mom_25,25 Size–Mom,3,15.51690428,7.792899956,0.169139347,0.1021270087
size_mom_25,25 Size–Mom,4,17.89186657,7.921288326,0.1702367171,0.09408506099
size_mom_25,25 Size–Mom,5,13.47075356,7.843924628,0.1485174866,0.07093033112
size_mom_25,25 Size–Mom,8,9.352703326,6.61623789,0.1232046108,0.05768050718
size_accruals_25,25 Size–Accruals,1,3.114679069,6.996312152,0.06569093091,0.06417197798
size_accruals_25,25 Size–Accruals,2,8.193710457,7.20684431,0.1077670161,0.0627083154
size_accruals_25,25 Size–Accruals,3,6.969080012,7.907584051,0.107644048,0.0827463368
size_accruals_25,25 Size–Accruals,4,9.783986473,7.99820941,0.1230478366,0.07761917649
size_accruals_25,25 Size–Accruals,5,9.535407699,7.514800206,0.1226800978,0.0637415381
size_accruals_25,25 Size–Accruals,8,5.936433139,6.651819361,0.09697845858,0.0563656609
size_beta_25,25 Size–Beta,1,6.152166058,7.475606336,0.1008638259,0.0637385142
size_beta_25,25 Size–Beta,2,13.10624924,7.730149097,0.1461465186,0.0804275687
size_beta_25,25 Size–Beta,3,12.21441454,8.66974521,0.1553991389,0.09820004728
size_beta_25,25 Size–Beta,4,14.44750707,8.862503372,0.1584845595,0.09235179087
size_beta_25,25 Size–Beta,5,12.47421692,9.438784618,0.141180985,0.07911020523
size_beta_25,25 Size–Beta,8,8.774513797,8.0944387,0.1233244833,0.07407972905
size_resvar_25,25 Size–Residual variance,1,6.402656143,6.519296796,0.1015716484,0.04801780185
size_resvar_25,25 Size–Residual variance,2,14.15786065,7.380487785,0.1503398935,0.07877164535
size_resvar_25,25 Size–Residual variance,3,14.21461876,7.996882408,0.1661646426,0.1008204059
size_resvar_25,25 Size–Residual variance,4,16.26770763,8.25783105,0.1672851783,0.09175539354
size_resvar_25,25 Size–Residual variance,5,13.20894344,7.481185804,0.1533097581,0.07015720632
size_resvar_25,25 Size–Residual variance,8,8.243739703,6.270129189,0.1194298328,0.06124816827
combined_74,Combined 74,1,24.3656574,14.26596211,0.1176557925,0.07224254913
combined_74,Combined 74,2,43.23561293,14.66753087,0.1579081085,0.08276333374
combined_74,Combined 74,3,45.69876581,15.74840071,0.1729419019,0.09739727864
combined_74,Combined 74,4,50.57364579,16.22550735,0.1749310494,0.09315832363
combined_74,Combined 74,5,39.3561665,17.21932949,0.1591905694,0.08338802465
combined_74,Combined 74,8,29.22556727,15.44677945,0.1335948095,0.08079116633
