split,month,n,zero_sse,total_sse,predictive_sse
validation,360,6592,593.7641964731188,518.4940086625738,587.338509154197
validation,361,6588,1323.9961954905557,1144.8931078622554,1305.4208793926455
validation,362,6542,369.95214446437154,370.21570464019135,372.5778847485461
validation,363,6536,366.7612815497978,253.44491292211234,381.6206586630647
validation,364,6543,267.2720126529339,213.30892362300156,277.2737294344139
validation,365,6558,538.0768567568911,447.53883609814386,526.5429503189143
validation,366,6519,237.64178165403467,224.83123432834344,242.69617264865488
validation,367,6510,363.58618169744676,331.3881763612683,356.9108160184957
validation,368,6506,271.68911178656845,242.94434893018374,278.8373063701358
validation,369,6510,314.0468285702648,258.5018062519066,323.7860570741732
validation,370,6454,444.39416316649107,257.9938868716814,461.55269295820085
validation,371,6399,426.9436227357207,391.1985599626621,430.72834680408283
validation,372,6338,1918.8437220449766,1152.7027643500346,1894.4717276033834
validation,373,6267,310.77065655242774,224.39954954734708,322.45034837886374
validation,374,6213,317.74739008480134,256.31482559779016,327.070046641782
validation,375,6162,441.4866404457913,393.20702777792997,434.2650125674819
validation,376,6083,346.7648679449408,323.7562884636453,341.63453548334525
validation,377,6006,255.5243524827921,251.92003897217526,255.22090392390947
validation,378,5947,236.29329033170328,221.215823315938,241.01995447410263
validation,379,5892,228.71846219351912,210.13111586372204,233.8319881965112
validation,380,5809,336.9596944486492,210.47484749219132,349.4884381823793
validation,381,5771,541.9014837447089,472.88928254586784,533.8429418631233
validation,382,5733,342.9843593863091,298.1614954436238,336.10651206614375
validation,383,5661,264.4140689747252,242.54380721085477,259.4032853139334
validation,384,5627,246.59856942325132,243.17134114723734,246.14130625027477
validation,385,5588,173.1016811203334,150.06487406334546,178.55290570442943
validation,386,5548,246.46463111135492,211.2734451706334,240.2785355311991
validation,387,5514,217.1481477740102,213.42516091013704,219.66264630837154
validation,388,5468,184.98457832207654,178.26857248950245,188.32351439138836
validation,389,5434,181.62953811479676,138.1337212891836,188.65474987354685
validation,390,5414,252.60189081826798,166.39307203561975,262.471214853839
validation,391,5390,229.8274646822779,229.95111609233132,230.3122160055745
validation,392,5338,216.61340211499976,164.3843745680794,223.98152951041476
validation,393,5309,348.7582826988904,331.23705798387056,344.96442211595337
validation,394,5258,567.6089950684604,411.47076435673796,556.8856283539117
validation,395,5232,165.86608153863352,138.60689872766622,171.18308976306852
validation,396,5203,198.89297570845144,195.19068035036508,198.86323674573498
validation,397,5168,113.9614852194685,109.76011052467841,116.23700695090211
validation,398,5140,158.39484043019536,157.5617982082352,157.7448418316593
validation,399,5077,276.64884221128244,216.52679612089395,269.5350000341264
validation,400,5045,461.12163083725835,295.30614319167415,450.0612404078257
validation,401,5012,218.37186932974288,200.53936322466978,214.52215106350545
validation,402,4987,199.46615512232538,171.35188506942598,194.05222543929972
validation,403,4950,131.91588226484805,118.20962668165038,128.1631084555348
validation,404,4922,147.6472914124488,138.06638636402653,145.7510593748448
validation,405,4907,200.24552164502288,163.67445601441113,193.8421539881025
validation,406,4889,113.74481001627825,107.66812158639377,111.27015797311411
validation,407,4867,121.3341840521049,118.52044219876609,119.65554477996552
validation,408,4853,184.21325731574836,141.5081795138561,177.7977530161039
validation,409,4856,133.10313373099294,135.360936446498,133.33056076437293
validation,410,4847,98.31046257532155,99.61812433713101,98.99541223164125
validation,411,4846,90.56490653084896,83.33668272729126,94.10581773371185
validation,412,4834,73.91364068632056,71.93360155613539,74.39383129691237
validation,413,4822,69.41623512163616,67.64500708220439,68.19792581723672
validation,414,4819,104.57592389875468,73.27313123086896,111.2059651360677
validation,415,4808,67.6880176973153,65.00363363766093,69.65687338388994
validation,416,4811,89.47005070743116,81.0170554919838,86.76016675700484
validation,417,4810,86.32174515981858,84.98481416580277,85.47493355143341
validation,418,4800,218.58454684981302,182.8286468584838,212.41293104788116
validation,419,4798,143.0758398231553,121.58053741834397,138.66487218853166
validation,420,4791,79.20762392427088,69.61043516533097,82.94153189698898
validation,421,4793,74.06166661885692,73.16075303525002,74.00544804067495
validation,422,4782,97.71292440381293,91.64428753761635,100.8680933939177
validation,423,4786,85.14091710962329,65.36701970022527,90.1967582911702
validation,424,4776,106.16792857624073,93.11974038641723,102.71350680972381
validation,425,4764,84.33555638319058,80.51769505702362,82.36188152802876
validation,426,4762,125.48626079879982,105.26482642702106,120.95239570902558
validation,427,4761,91.19564855580461,90.17616928616704,92.50356565760296
validation,428,4749,70.55258512890579,70.23802361601071,70.49508815419011
validation,429,4760,76.93340710238836,69.55767990518413,80.09402305314791
validation,430,4743,96.62283685424433,90.61015044062596,94.28434562119182
validation,431,4744,71.73407325289399,71.86175128117077,71.70850408355204
validation,432,4725,133.54984660607377,101.58510379236216,127.77862214904543
validation,433,4716,63.98109083508946,64.69226631664674,64.29444161744422
validation,434,4700,83.0072562130966,76.16951018413451,80.41161247471653
validation,435,4699,76.07042663588054,76.15301773613993,76.33899356742313
validation,436,4695,79.35656357674915,61.08672546456259,84.41909774028505
validation,437,4687,62.75907556827501,61.40244716501489,64.32846214207473
validation,438,4694,67.40575899674475,57.82483261647015,71.09980390393686
validation,439,4692,78.01536623455976,76.36867162640303,76.86879544504062
validation,440,4685,61.29883179410635,61.383856562377105,61.37585253469297
validation,441,4683,102.58370331981365,92.72445923861562,99.41492464278637
validation,442,4674,89.09946199574716,86.73903244154769,87.69003574207073
validation,443,4675,68.18299320554709,68.0407387902672,68.0512201756703
validation,444,4668,67.55535116003271,65.78165768516683,66.3439087173947
validation,445,4647,63.36621753906239,63.39813627411331,63.79113542059966
validation,446,4637,59.87959494717061,59.119911042180966,60.28608341458359
validation,447,4633,68.60390652116476,66.9677598379584,67.3321945247783
validation,448,4617,77.58156991378495,74.58294343689683,76.4974797196686
validation,449,4612,52.94387255170114,52.507149019171266,54.030522402923395
validation,450,4620,80.66950440067063,69.42677998736694,84.7291778980371
validation,451,4618,94.64780363573067,90.96309480084054,96.10734921618294
validation,452,4604,74.61395269823711,73.33652896635107,73.89055125204783
validation,453,4609,134.68510331628733,137.3351860147455,134.02753578454923
validation,454,4576,132.99750977375294,92.08069369636156,139.54208680823186
validation,455,4568,97.31868553597674,95.50074276143022,98.4065092603534
validation,456,4562,134.86045809383506,117.19197757714568,139.18057708731564
validation,457,4574,112.17659038842501,108.5660073304377,114.26826506155403
validation,458,4557,106.97197185765485,100.4695507275334,109.17550598162539
validation,459,4541,133.55678333846163,128.9466164143289,132.16089549453878
validation,460,4526,140.9746014313254,136.63436922240075,138.95971934256582
validation,461,4497,159.0849838674054,121.05470414484215,165.15196125912334
validation,462,4490,160.19934732135695,159.58911818954755,160.03120415943548
validation,463,4462,132.0058723400254,130.64501168960734,131.03396306577417
validation,464,4442,195.00016666397264,129.94829676849545,202.4251638472995
validation,465,4414,385.6865947127134,182.03592869641346,398.5611823189852
validation,466,4385,310.34734965418886,220.01790424762967,318.1963028377126
validation,467,4353,332.17973751830226,330.2507637562549,330.3280491900538
validation,468,4328,334.681702191815,330.7569892134171,336.87670694254984
validation,469,4301,241.33276820845478,181.34833465789774,247.4055372800645
validation,470,4273,827.1981637480003,729.7968388646455,821.1076811362516
validation,471,4241,720.8972769254704,498.1637171428621,710.1156764864263
validation,472,4207,540.5221658309355,488.78524967418997,535.4945866011442
validation,473,4185,215.21775767452314,210.01609117206914,213.57258848643687
validation,474,4155,219.07341781914798,185.01268106169465,214.3335569536335
validation,475,4135,307.28841533025724,266.9603911627176,303.480803215656
validation,476,4117,172.41151982853526,147.28462974640487,168.32490631525377
validation,477,4102,99.8793847995957,78.32679958559206,104.14170760996993
validation,478,4085,163.84822664649846,159.50592274744037,162.94505161586198
validation,479,4071,149.21524703334765,128.90172803681975,145.3709508976202
development,480,4061,113.01826294053286,110.581914532138,113.77845193254186
development,481,4053,77.14018616481772,70.1236281602354,75.14710361840167
development,482,4040,167.01105380800482,144.05317238338498,162.82355902652304
development,483,4026,161.45718874901004,128.59872958611936,157.21133650799254
development,484,4016,80.76337719726683,50.388566333860275,86.02071329928572
development,485,4014,83.41240868438595,54.95688158042124,88.36790413015362
development,486,4017,82.9227498943135,68.58281315950241,79.75700533623447
development,487,3988,91.00645846488206,71.70444835477274,95.12568503353398
development,488,3989,130.68558456591765,77.74838863760091,124.57930963635411
development,489,3983,82.43333834203564,75.1735289440161,80.22311959063964
development,490,3961,82.59412209562349,79.10671410091386,81.6222771583767
development,491,3943,121.98146567573525,92.95994427629122,117.32070296160376
development,492,3920,91.72517724964536,89.4133381623475,91.04188501615769
development,493,3918,113.22414194487703,108.03538242971612,111.03011596944975
development,494,3911,69.23841108234889,68.00576712719948,68.75171958671389
development,495,3898,54.24400373238637,52.31207398807606,53.698026480893546
development,496,3876,60.4006468171714,58.32384922221367,61.97677404379073
development,497,3861,61.406742567202556,57.84640444260946,63.312573827997454
development,498,3836,61.80352593303474,59.28765674179934,63.453669404319065
development,499,3822,92.37353645594919,55.52399309393969,98.06065612523636
development,500,3831,109.18930020318136,58.18006843466042,115.54107605658089
development,501,3818,165.8740153816162,100.82167599559929,159.21168273247105
development,502,3808,92.72156563922705,88.66442338198904,94.0853053219665
development,503,3781,68.88795228577013,68.38123987518357,69.26681094180105
development,504,3771,145.30195519375954,106.62605650210506,140.43727640533098
development,505,3758,89.40827381703978,83.42163236090596,87.48551895366575
development,506,3743,81.95066860773281,78.7283841279125,80.61964668669002
development,507,3744,74.3427963221092,73.94310282309523,75.41572855226289
development,508,3743,90.50277935882467,69.8285283753556,94.60931419220992
development,509,3738,68.5846975633142,63.195891987825036,66.84819807212024
development,510,3731,72.20980344088257,72.31773296169862,73.0140376384481
development,511,3710,73.41327973905595,73.02278096231602,72.09744994770892
development,512,3702,88.82600558649533,83.3261342260852,87.0975952128716
development,513,3689,69.03957661940466,67.32445244240863,70.5747482695404
development,514,3666,77.65776641784662,77.486968488346,77.6020640011177
development,515,3670,53.7243747845235,52.01528550589825,52.709023241771746
development,516,3644,87.05089290158888,68.81241021342365,83.62120923190096
development,517,3641,52.935552538200064,52.791255303637456,52.75752399480712
development,518,3631,57.29466544143634,51.73165038615845,55.26064520732342
development,519,3626,55.83940538703452,55.81908801091804,56.06335187086236
development,520,3611,84.03950651040897,75.85803643890144,81.66448129171575
development,521,3607,43.84080491231519,43.26100982871635,44.28654373738016
development,522,3614,112.11053334785336,93.03452199012571,108.38444344341181
development,523,3614,63.30975404776585,61.69733919719833,64.65297317847853
development,524,3620,81.77918549292981,71.11931297745498,78.89082947346236
development,525,3620,61.12321411509682,60.435115223921194,60.418420461640466
development,526,3629,70.31446210002886,64.06913229459064,68.29023649455034
development,527,3624,62.44910202197047,58.82469445332703,60.895364338096776
development,528,3634,114.92038170666386,109.74115240261375,114.72286883304002
development,529,3638,59.84684055119396,51.63226148358975,57.39447113728586
development,530,3639,58.710048440050244,58.47102588430538,59.364895807620286
development,531,3655,47.06621314050473,38.82785738773699,49.93996316358471
development,532,3675,47.59325692625492,47.27393124642358,47.8630330333806
development,533,3691,64.60182289571507,55.97394878140338,61.91146565917357
development,534,3702,55.551963950677845,46.13717294714772,58.607410633729245
development,535,3712,78.69173753132205,72.00021705526818,76.60742252597197
development,536,3734,69.06686966537217,58.83389338772758,72.12649900058292
development,537,3740,79.60241515444011,74.74640051985412,78.62198785516526
development,538,3737,61.75460728767643,61.01033530442234,62.17867769314243
development,539,3750,122.47750901991355,122.2192641301454,121.76224043421031
development,540,3756,76.6681711760383,75.95987777318273,78.58953736068281
development,541,3759,117.2813250193977,98.58314647495266,113.61692125833966
development,542,3748,67.60254434180187,65.8312868573503,67.91628324103246
development,543,3744,159.20183455517036,156.84541403084899,159.41856359738046
development,544,3739,79.2500337422057,78.90405467280432,78.6241322190485
development,545,3743,60.56616493986647,60.110724401037324,60.95130972923823
development,546,3743,72.48429774818129,63.75000647389629,74.52380160414363
development,547,3744,174.04389700138296,164.58345001830895,176.9381848097441
development,548,3769,87.12655404533355,68.2536533253849,90.99144188520825
development,549,3768,101.44505686628133,94.39377921523929,98.99368481774474
development,550,3743,364.24069597639834,364.0276836016491,362.67289918129825
development,551,3750,84.63315033289936,74.8967969746343,87.36514456798608
development,552,3739,124.27673914827989,80.00165243379118,130.16659156684773
development,553,3718,90.82806461338527,93.49360165523166,91.09077032718227
development,554,3695,159.70402518355962,135.06796034863112,155.73860757746382
development,555,3683,86.7535491895547,82.35880718437402,85.08832958637186
development,556,3670,134.39149858663902,134.19649652676654,134.3082260573171
development,557,3654,125.49306251155798,126.69653950786059,126.18733466535419
development,558,3652,114.94113146192156,104.92919599750874,112.17616574058974
development,559,3634,100.89356892124077,99.26822691847534,99.94794562956032
development,560,3633,138.1641280710016,135.6446037309123,136.9754975436647
development,561,3614,66.27613241693513,47.77329423052111,69.74236814317672
development,562,3610,136.1177008513518,110.72311643877526,132.0414026136496
development,563,3611,69.05778161107432,68.82046195291235,68.77401461444495
development,564,3601,81.73151590814143,78.94476423818412,80.85639261363914
development,565,3596,67.81110281220447,67.12230957745507,67.13723883001887
development,566,3590,66.26860886619271,66.70998243705544,66.21181851107211
development,567,3579,56.63171322814461,54.98564359330577,56.974396001080045
development,568,3577,77.42518827595975,73.01195018228003,78.8736330234322
development,569,3584,143.64963047125846,139.30141839313967,141.8779347004397
development,570,3575,51.25222233705442,50.74868728518817,51.48906822765316
development,571,3586,82.2684634328597,81.51060741795987,83.13732208996164
development,572,3585,135.04227297860353,115.20369226842018,131.63187859811165
development,573,3574,69.85492095704353,69.5531243124251,70.14763457851731
development,574,3556,108.39915057457111,105.53789992187772,107.07179447248461
development,575,3557,85.42029242131333,84.73000228927886,84.94392426703632
development,576,3561,86.17043498348586,82.63268042531128,84.72032788811973
development,577,3563,63.827381506292056,59.43369462201981,66.04406078813312
development,578,3559,107.97860855405753,108.68578826200563,108.03223067758199
development,579,3557,62.09441732081557,62.14250412197013,62.132818690182404
development,580,3555,128.15215380807777,118.41474065659295,125.5840971753739
development,581,3560,120.56790127935068,121.05515838340237,120.67430739623956
development,582,3565,55.72985199903589,53.6001089252492,55.97883359129947
development,583,3585,93.7626479215353,88.28440466963298,91.99004990607165
development,584,3593,85.14559004204459,84.10063373757785,86.25332752591065
development,585,3598,113.84810252725907,70.53357728436957,119.8690992125716
development,586,3594,88.718374049172,86.54195792584912,89.33814483225274
development,587,3594,128.284053237932,59.97838548832162,135.2138949498306
development,588,3587,625.9330795380527,542.4545671395979,619.3047526548297
development,589,3578,96.58673367031554,87.1907678252465,94.19719014095953
development,590,3568,133.06441991578416,133.33282617604561,133.81918252523246
development,591,3562,76.87211835818863,77.03041575598652,76.15524611609484
development,592,3554,110.146594462612,83.59255317365015,114.64621670993797
development,593,3572,107.8208041661473,96.33389195218228,105.41425255255608
development,594,3588,76.18480644425455,73.00723743427528,77.04569843364766
development,595,3592,110.81274607629442,99.55938785000416,113.76178365695436
development,596,3600,92.00699637798476,93.49924746391459,91.64183032543033
development,597,3584,105.26164708695016,103.64771970973115,105.36163764215293
development,598,3583,175.41992125034727,169.1073997935702,173.54075490970934
development,599,3583,162.99242033881984,152.32790637632695,160.72548058289965
