split,feature_month,target_month,factor_0,factor_1
train,1963-07,1963-08,-0.01129691768437624,0.002650419482961297
train,1963-08,1963-09,0.0020443745888769627,-0.004983311519026756
train,1963-09,1963-10,-0.008494722656905651,-0.0030412774067372084
train,1963-10,1963-11,0.006816079840064049,0.009309669956564903
train,1963-11,1963-12,0.009922295808792114,0.0184455756098032
train,1963-12,1964-01,-0.013048852793872356,-0.014558486640453339
train,1964-01,1964-02,-0.0034164204262197018,-0.004410726483911276
train,1964-02,1964-03,-0.005377574358135462,-0.001702648471109569
train,1964-03,1964-04,0.00862753763794899,0.001734705176204443
train,1964-04,1964-05,0.0058717913925647736,0.009192416444420815
train,1964-05,1964-06,0.006742172874510288,0.010349842719733715
train,1964-06,1964-07,0.0019108178094029427,-0.0018625918310135603
train,1964-07,1964-08,0.0037556893657892942,0.0003917230642400682
train,1964-08,1964-09,-0.008436516858637333,-0.005889507010579109
train,1964-09,1964-10,-0.00951545499265194,-0.006852555088698864
train,1964-10,1964-11,0.004631437361240387,0.006710108835250139
train,1964-11,1964-12,0.011737622320652008,0.011054551228880882
train,1964-12,1965-01,-0.022691402584314346,-0.019126156345009804
train,1965-01,1965-02,-0.010421587154269218,-0.007580500561743975
train,1965-02,1965-03,-0.011498600244522095,-0.015859127044677734
train,1965-03,1965-04,-0.0063981059938669205,-0.005332367494702339
train,1965-04,1965-05,0.0014367848634719849,-0.0002302264329046011
train,1965-05,1965-06,0.023152530193328857,0.021780921146273613
train,1965-06,1965-07,-0.00983959250152111,-0.005011481232941151
train,1965-07,1965-08,-0.013237183913588524,-0.005120880901813507
train,1965-08,1965-09,-0.003640813287347555,7.466296665370464e-05
train,1965-09,1965-10,-0.030780302360653877,-0.027928540483117104
train,1965-10,1965-11,-0.03431494161486626,-0.03201420605182648
train,1965-11,1965-12,-0.01568877324461937,-0.01849908009171486
train,1965-12,1966-01,-0.032134927809238434,-0.0359254814684391
train,1966-01,1966-02,-0.038228586316108704,-0.036611758172512054
train,1966-02,1966-03,-0.013169323094189167,-0.010820138268172741
train,1966-03,1966-04,-0.029190724715590477,-0.025510219857096672
train,1966-04,1966-05,0.037787750363349915,0.03437887504696846
train,1966-05,1966-06,-0.006358555518090725,-0.002335131634026766
train,1966-06,1966-07,0.007184249814599752,0.00431276299059391
train,1966-07,1966-08,0.019226206466555595,0.023082856088876724
train,1966-08,1966-09,0.01017262227833271,0.011125560849905014
train,1966-09,1966-10,0.04485400766134262,0.051230669021606445
train,1966-10,1966-11,-0.029198139905929565,-0.021028075367212296
train,1966-11,1966-12,-0.004989922977983952,-0.0015230245189741254
train,1966-12,1967-01,-0.04902564734220505,-0.06320178508758545
train,1967-01,1967-02,-0.03094402700662613,-0.030948540195822716
train,1967-02,1967-03,-0.008523196913301945,-0.009826664812862873
train,1967-03,1967-04,-0.005134439095854759,-0.005015676375478506
train,1967-04,1967-05,-0.010689512826502323,-0.013990640640258789
train,1967-05,1967-06,-0.045550644397735596,-0.05417763069272041
train,1967-06,1967-07,-0.02300410345196724,-0.01917850784957409
train,1967-07,1967-08,-0.002848504576832056,-0.001993682933971286
train,1967-08,1967-09,-0.02993016690015793,-0.0317506343126297
train,1967-09,1967-10,-0.011347273364663124,-0.017898378893733025
train,1967-10,1967-11,0.006127094849944115,0.007014005444943905
train,1967-11,1967-12,-0.03855299577116966,-0.0409695990383625
train,1967-12,1968-01,-0.03170148283243179,-0.03095298260450363
train,1968-01,1968-02,0.020652102306485176,0.02470019832253456
train,1968-02,1968-03,0.00302149192430079,0.009203062392771244
train,1968-03,1968-04,-0.04103674367070198,-0.045387014746665955
train,1968-04,1968-05,-0.05085946246981621,-0.04509437084197998
train,1968-05,1968-06,0.006510610692203045,0.008970778435468674
train,1968-06,1968-07,0.0007597884978167713,0.0006400300189852715
train,1968-07,1968-08,-0.021350599825382233,-0.010662006214261055
train,1968-08,1968-09,-0.016870537772774696,-0.015125272795557976
train,1968-09,1968-10,0.007035387679934502,0.0110500268638134
train,1968-10,1968-11,0.0003180556814186275,-0.004408097825944424
train,1968-11,1968-12,-0.019638296216726303,-0.02217024564743042
train,1968-12,1969-01,-0.0033509607892483473,-0.005430379416793585
train,1969-01,1969-02,0.01075415126979351,0.02612375095486641
train,1969-02,1969-03,-0.009272318333387375,-0.004847622010856867
train,1969-03,1969-04,-0.000284327135886997,0.00904247909784317
train,1969-04,1969-05,-0.009752195328474045,-0.0031694993376731873
train,1969-05,1969-06,0.02054424211382866,0.025801051408052444
train,1969-06,1969-07,0.009331213310360909,0.02457064762711525
train,1969-07,1969-08,-0.005457297898828983,-0.007900118827819824
train,1969-08,1969-09,-0.0023123067803680897,0.008380133658647537
train,1969-09,1969-10,-0.005091167986392975,-0.013403646647930145
train,1969-10,1969-11,0.0012610451085492969,0.01151244342327118
train,1969-11,1969-12,0.01430290937423706,0.02649710327386856
train,1969-12,1970-01,-0.016657181084156036,-0.0016899432521313429
train,1970-01,1970-02,0.0022780168801546097,0.010983067564666271
train,1970-02,1970-03,0.005125008057802916,0.024239856749773026
train,1970-03,1970-04,0.012329619377851486,0.046300388872623444
train,1970-04,1970-05,0.0037756538949906826,0.012579454109072685
train,1970-05,1970-06,0.0035216351971030235,0.016863403841853142
train,1970-06,1970-07,0.0034164392855018377,0.012137006968259811
train,1970-07,1970-08,-0.0024893763475120068,-0.010079188272356987
train,1970-08,1970-09,-0.01983477547764778,-0.043105725198984146
train,1970-09,1970-10,0.004634828772395849,0.02068779431283474
train,1970-10,1970-11,0.013384990394115448,0.031976524740457535
train,1970-11,1970-12,-0.009217916056513786,0.00696319155395031
train,1970-12,1971-01,-0.03456910327076912,-0.03669765964150429
train,1971-01,1971-02,-0.015593340620398521,-0.024716556072235107
train,1971-02,1971-03,-0.011805023066699505,-0.0022277715615928173
train,1971-03,1971-04,-0.0024512032978236675,0.00576660456135869
train,1971-04,1971-05,0.0005334666348062456,0.009322365745902061
train,1971-05,1971-06,0.002037107478827238,0.011363512836396694
train,1971-06,1971-07,0.01199958473443985,0.01877734437584877
train,1971-07,1971-08,-0.011184532195329666,-0.008184184320271015
train,1971-08,1971-09,-0.006012449041008949,-0.006165643688291311
train,1971-09,1971-10,0.01035628467798233,0.022609513252973557
train,1971-10,1971-11,0.004262787289917469,0.01354131568223238
train,1971-11,1971-12,-0.009654927998781204,-0.011362695135176182
train,1971-12,1972-01,-0.040277592837810516,-0.03705558553338051
train,1972-01,1972-02,-0.013274090364575386,-0.009503519162535667
train,1972-02,1972-03,-0.0015692631714046001,0.004803703166544437
train,1972-03,1972-04,-0.003479360369965434,0.002009384799748659
train,1972-04,1972-05,0.006343352608382702,0.008827844634652138
train,1972-05,1972-06,0.00309298699721694,0.008402004837989807
train,1972-06,1972-07,0.004727557301521301,0.014154307544231415
train,1972-07,1972-08,0.006578642874956131,0.02133239433169365
train,1972-08,1972-09,0.007598853670060635,0.010193804278969765
train,1972-09,1972-10,0.013956037349998951,0.018913215026259422
train,1972-10,1972-11,0.005559083539992571,0.011681267991662025
train,1972-11,1972-12,0.0022235449869185686,0.009223381988704205
train,1972-12,1973-01,-0.004455023445188999,0.0070480406284332275
train,1973-01,1973-02,0.011740976944565773,0.02101372368633747
train,1973-02,1973-03,0.0012365730945020914,0.008361270651221275
train,1973-03,1973-04,0.006104321219027042,0.025249067693948746
train,1973-04,1973-05,0.01190141960978508,0.024451490491628647
train,1973-05,1973-06,-0.005213850177824497,0.010326680727303028
train,1973-06,1973-07,-0.0267134178429842,-0.03099157102406025
train,1973-07,1973-08,0.0016131100710481405,0.014049425721168518
train,1973-08,1973-09,-0.005406235344707966,0.0006665998371317983
train,1973-09,1973-10,-0.005773723591119051,0.006935697048902512
train,1973-10,1973-11,0.012596139684319496,0.02397860959172249
train,1973-11,1973-12,0.00736872386187315,0.012254992499947548
train,1973-12,1974-01,-0.023918982595205307,-0.03131642937660217
train,1974-01,1974-02,-0.005583316087722778,0.006980822421610355
train,1974-02,1974-03,-0.005911892745643854,-0.0012361295521259308
train,1974-03,1974-04,-0.009835435077548027,0.005879921838641167
train,1974-04,1974-05,-0.004492351319640875,0.010229610837996006
train,1974-05,1974-06,-0.006925319321453571,0.008668407797813416
train,1974-06,1974-07,-0.002817946719005704,0.008665960282087326
train,1974-07,1974-08,-0.008183692581951618,0.00762917660176754
train,1974-08,1974-09,0.002974943956360221,0.004850419238209724
train,1974-09,1974-10,-0.0058508156798779964,0.02018040232360363
train,1974-10,1974-11,0.0004308201605454087,0.01093406230211258
train,1974-11,1974-12,0.005773702636361122,0.01995106413960457
train,1974-12,1975-01,-0.030485885217785835,-0.05017704516649246
train,1975-01,1975-02,-0.004671106114983559,-0.0005784882232546806
train,1975-02,1975-03,-0.020336169749498367,-0.009957809932529926
train,1975-03,1975-04,-0.008269226178526878,0.010374687612056732
train,1975-04,1975-05,-0.004375905729830265,-0.011428480967879295
train,1975-05,1975-06,-0.008738652803003788,-0.0008495940128341317
train,1975-06,1975-07,-0.00784746091812849,-0.005864608567208052
train,1975-07,1975-08,0.011454172432422638,0.009899193421006203
train,1975-08,1975-09,0.0028085648082196712,0.009176915511488914
train,1975-09,1975-10,-0.001794061390683055,0.013375273905694485
train,1975-10,1975-11,-0.007256437558680773,0.0073715439066290855
train,1975-11,1975-12,0.001032756525091827,0.004978867247700691
train,1975-12,1976-01,-0.0549711249768734,-0.030347418040037155
train,1976-01,1976-02,-0.04907900094985962,-0.03822854161262512
train,1976-02,1976-03,-0.006181091535836458,0.0015808162279427052
train,1976-03,1976-04,0.011770511046051979,0.007205181755125523
train,1976-04,1976-05,0.01521360781043768,0.006347218528389931
train,1976-05,1976-06,0.0002951263159047812,-0.004077383782714605
train,1976-06,1976-07,0.00530449440702796,0.004609277471899986
train,1976-07,1976-08,0.005642941687256098,0.011361946351826191
train,1976-08,1976-09,-0.0006376312230713665,0.004737064708024263
train,1976-09,1976-10,0.006219762843102217,0.0028900327160954475
train,1976-10,1976-11,-0.003021175740286708,0.0005803247913718224
train,1976-11,1976-12,-0.016854973509907722,-0.007834535092115402
train,1976-12,1977-01,-0.015904271975159645,-0.018364310264587402
train,1977-01,1977-02,-0.004903359338641167,-0.0038282170426100492
train,1977-02,1977-03,-0.0027791066095232964,0.002427221741527319
train,1977-03,1977-04,-0.006159188225865364,-0.0016013775020837784
train,1977-04,1977-05,-0.005696505773812532,0.003040294162929058
train,1977-05,1977-06,-0.012235193513333797,-0.009361428208649158
train,1977-06,1977-07,-0.0016137666534632444,0.003800930455327034
train,1977-07,1977-08,-0.0008992076618596911,0.003445412265136838
train,1977-08,1977-09,-0.0032110416796058416,-0.0013801578897982836
train,1977-09,1977-10,0.003339131362736225,0.004748787730932236
train,1977-10,1977-11,-0.020562179386615753,-0.01208908949047327
train,1977-11,1977-12,-0.005815001670271158,0.0008060579420998693
train,1977-12,1978-01,-0.0058588567189872265,-0.007678632624447346
train,1978-01,1978-02,-0.014183159917593002,-0.007267733104526997
train,1978-02,1978-03,-0.02069815993309021,-0.011375410482287407
train,1978-03,1978-04,-0.012025407515466213,0.0015641293721273541
train,1978-04,1978-05,-0.01894041895866394,-0.01666376367211342
train,1978-05,1978-06,-0.0017519741086289287,-0.0009391447529196739
train,1978-06,1978-07,-0.010502350516617298,-0.004724068101495504
train,1978-07,1978-08,-0.027547594159841537,-0.02433498203754425
train,1978-08,1978-09,0.003375425934791565,-0.003872679080814123
train,1978-09,1978-10,0.04421435296535492,0.04872865229845047
train,1978-10,1978-11,-0.02372947707772255,-0.01847422495484352
train,1978-11,1978-12,-0.0009699008660390973,0.0034257052466273308
train,1978-12,1979-01,-0.020360765978693962,-0.015251761302351952
train,1979-01,1979-02,0.00568424304947257,0.0008351392461918294
train,1979-02,1979-03,-0.01278174202889204,-0.013666808605194092
train,1979-03,1979-04,-0.00853104516863823,-0.004477236419916153
train,1979-04,1979-05,-0.0017000602092593908,-0.0004583113477565348
train,1979-05,1979-06,0.006559998262673616,-0.008829735219478607
train,1979-06,1979-07,0.001924812444485724,0.00927343312650919
train,1979-07,1979-08,-0.01059417799115181,-0.004862244240939617
train,1979-08,1979-09,-0.0011806287802755833,0.0008187452331185341
train,1979-09,1979-10,0.002613113494589925,0.006628979928791523
train,1979-10,1979-11,-0.012909304350614548,-0.014554224908351898
train,1979-11,1979-12,-0.018950125202536583,-0.02282930351793766
train,1979-12,1980-01,-0.02355789765715599,-0.03072802722454071
train,1980-01,1980-02,-0.0015286850975826383,-0.01245814561843872
train,1980-02,1980-03,0.01725105009973049,0.03912505507469177
train,1980-03,1980-04,-0.004455589689314365,0.008581644855439663
train,1980-04,1980-05,-0.002074362011626363,0.004509001038968563
train,1980-05,1980-06,2.2259540855884552e-05,0.0016877499874681234
train,1980-06,1980-07,-0.019581826403737068,-0.012551069259643555
train,1980-07,1980-08,-0.025207394734025,-0.012860099785029888
train,1980-08,1980-09,-0.005084795877337456,-0.013242287561297417
train,1980-09,1980-10,-0.0117250457406044,-0.020066576078534126
train,1980-10,1980-11,-0.005969544872641563,-0.02697698026895523
train,1980-11,1980-12,0.0042444271966814995,0.015367239713668823
train,1980-12,1981-01,-0.0019700699485838413,0.00851381290704012
train,1981-01,1981-02,-0.0028191902674734592,0.01818257011473179
train,1981-02,1981-03,-0.012063438072800636,0.001298676710575819
train,1981-03,1981-04,-0.011798746883869171,0.005122388247400522
train,1981-04,1981-05,-0.011622712016105652,-0.0029034269973635674
train,1981-05,1981-06,-0.003437537932768464,0.025395844131708145
train,1981-06,1981-07,0.0007128097349777818,0.010296579450368881
train,1981-07,1981-08,0.010416284203529358,0.0218664538115263
train,1981-08,1981-09,-0.0009660373325459659,0.023168670013546944
train,1981-09,1981-10,-0.015407302416861057,-0.010945457033813
train,1981-10,1981-11,0.0040976377204060555,0.009056977927684784
train,1981-11,1981-12,-0.010234296321868896,0.003631992032751441
train,1981-12,1982-01,-0.00962812826037407,0.0035624606534838676
train,1982-01,1982-02,-0.009887448512017727,0.016011526808142662
train,1982-02,1982-03,-0.012203266844153404,0.005609123036265373
train,1982-03,1982-04,-0.006261355709284544,-0.0002468930324539542
train,1982-04,1982-05,-0.0006345071597024798,0.012341073714196682
train,1982-05,1982-06,-0.013941661454737186,0.0068137990310788155
train,1982-06,1982-07,-0.014249946922063828,0.005369133781641722
train,1982-07,1982-08,0.004891177173703909,-0.0036170543171465397
train,1982-08,1982-09,-0.016490302979946136,0.007139294408261776
train,1982-09,1982-10,-0.01278665941208601,-0.02221866510808468
train,1982-10,1982-11,-0.029648158699274063,-0.020344629883766174
train,1982-11,1982-12,-0.00963514856994152,-0.0023690229281783104
train,1982-12,1983-01,0.0032237027771770954,-0.022139951586723328
train,1983-01,1983-02,-0.028952691704034805,-0.0013208843301981688
train,1983-02,1983-03,-0.01265751849859953,0.010597655549645424
train,1983-03,1983-04,-0.00998253095895052,0.00010131625458598137
train,1983-04,1983-05,-0.0005764926318079233,-0.025959927588701248
train,1983-05,1983-06,-0.009749163873493671,-0.006093339063227177
train,1983-06,1983-07,0.004554642364382744,0.01886981725692749
train,1983-07,1983-08,0.007368927355855703,0.023248005658388138
train,1983-08,1983-09,-0.0033500553108751774,0.02072751522064209
train,1983-09,1983-10,0.009170852601528168,0.029782801866531372
train,1983-10,1983-11,-0.014667261391878128,0.001015880610793829
train,1983-11,1983-12,-0.0030821594409644604,0.013484767638146877
train,1983-12,1984-01,0.002146067563444376,0.003670753911137581
train,1984-01,1984-02,0.007200845517218113,0.012665576301515102
train,1984-02,1984-03,-0.004503658041357994,0.00826670415699482
train,1984-03,1984-04,-0.0074769482016563416,0.01309486385434866
train,1984-04,1984-05,-0.0028721538837999105,0.01384949591010809
train,1984-05,1984-06,-0.012455260381102562,0.008521130308508873
train,1984-06,1984-07,-0.0015908274799585342,0.020998625084757805
train,1984-07,1984-08,-0.0146342096850276,8.323090150952339e-05
train,1984-08,1984-09,-0.0012187146348878741,0.009967871010303497
train,1984-09,1984-10,-0.0038856156170368195,0.010382914915680885
train,1984-10,1984-11,-0.008393412455916405,0.019053857773542404
train,1984-11,1984-12,-0.004978861194103956,0.010228730738162994
train,1984-12,1985-01,-0.008692029863595963,-0.027076546102762222
train,1985-01,1985-02,-0.01001504436135292,-0.006088443100452423
train,1985-02,1985-03,-0.000532309350091964,0.011421579867601395
train,1985-03,1985-04,0.0009632097207941115,0.009024601429700851
train,1985-04,1985-05,-0.005782503634691238,0.01106753945350647
train,1985-05,1985-06,-0.0033784129191190004,0.010559351183474064
train,1985-06,1985-07,-0.0029728105291724205,-0.0022030954714864492
train,1985-07,1985-08,-0.0020905928686261177,0.001122293178923428
train,1985-08,1985-09,-0.004986005835235119,0.018832802772521973
train,1985-09,1985-10,-0.0034820414148271084,0.0032977487426251173
train,1985-10,1985-11,-0.009348115883767605,0.003437267616391182
train,1985-11,1985-12,-0.008225677534937859,0.0029969876632094383
train,1985-12,1986-01,-0.00923076644539833,-0.015067273750901222
train,1986-01,1986-02,-0.01027241162955761,0.003611532971262932
train,1986-02,1986-03,-0.006981478072702885,0.00336525053717196
train,1986-03,1986-04,-0.009799476712942123,0.0002891359617933631
train,1986-04,1986-05,-0.005234090611338615,0.007417988032102585
train,1986-05,1986-06,-0.00820121355354786,0.00854807160794735
train,1986-06,1986-07,0.003807489760220051,0.016566045582294464
train,1986-07,1986-08,0.002730840817093849,0.0132646095007658
train,1986-08,1986-09,0.0007473572040908039,0.012930219992995262
train,1986-09,1986-10,-0.010448547080159187,0.0027401228435337543
train,1986-10,1986-11,-0.010611206293106079,0.006899937987327576
train,1986-11,1986-12,-0.007644954137504101,0.010412811301648617
train,1986-12,1987-01,-0.0034276461228728294,-0.004162602126598358
train,1987-01,1987-02,-0.015892837196588516,-0.0019222330302000046
train,1987-02,1987-03,0.0003586618695408106,0.0036053983494639397
train,1987-03,1987-04,-0.009931293316185474,0.004712826572358608
train,1987-04,1987-05,-0.007406923919916153,0.008574211038649082
train,1987-05,1987-06,-0.004069210961461067,0.013089535757899284
train,1987-06,1987-07,-0.006287101190537214,0.00898473896086216
train,1987-07,1987-08,-0.005609859712421894,0.010504228994250298
train,1987-08,1987-09,-0.00903987791389227,0.0036563901230692863
train,1987-09,1987-10,0.013949794694781303,0.03298681974411011
train,1987-10,1987-11,-0.002708073239773512,0.013344015926122665
train,1987-11,1987-12,-0.03126397356390953,-0.010862025432288647
train,1987-12,1988-01,0.00723687931895256,-0.014301734045147896
train,1988-01,1988-02,-0.004840147215873003,0.0015949392691254616
train,1988-02,1988-03,-0.013500344008207321,0.003081961302086711
train,1988-03,1988-04,-0.010789042338728905,0.0027412159834057093
train,1988-04,1988-05,-0.004850132390856743,0.01081741414964199
train,1988-05,1988-06,-0.004480408038944006,0.002816224005073309
train,1988-06,1988-07,0.0034233778715133667,-0.003584768157452345
train,1988-07,1988-08,-0.0028310546185821295,0.003362789284437895
train,1988-08,1988-09,-0.00728330435231328,0.0024100723676383495
train,1988-09,1988-10,-0.0010198489762842655,0.009196275845170021
train,1988-10,1988-11,-0.0026204437017440796,0.004272083286195993
train,1988-11,1988-12,-0.018001846969127655,0.0038670264184474945
train,1988-12,1989-01,-0.0057871039025485516,-0.006257154978811741
train,1989-01,1989-02,-0.009426272474229336,0.007749843876808882
train,1989-02,1989-03,-0.007034234702587128,0.004112275782972574
train,1989-03,1989-04,-0.00786147266626358,0.006839174777269363
train,1989-04,1989-05,-0.00966330524533987,0.00536704994738102
train,1989-05,1989-06,0.0029417851474136114,0.00665641762316227
train,1989-06,1989-07,-0.004704743158072233,0.009970526210963726
train,1989-07,1989-08,-0.0006542634801007807,0.0016343819443136454
train,1989-08,1989-09,-0.009966248646378517,0.004740484990179539
train,1989-09,1989-10,-0.0011534829391166568,0.014176776632666588
train,1989-10,1989-11,-0.001510403584688902,0.008115412667393684
train,1989-11,1989-12,-0.014064261689782143,0.016760215163230896
train,1989-12,1990-01,0.0031886794604361057,0.006274511571973562
train,1990-01,1990-02,-0.006846779491752386,0.0041091712191700935
train,1990-02,1990-03,-0.0166317205876112,0.0014970556367188692
train,1990-03,1990-04,0.0003035447152797133,0.0003586605889722705
train,1990-04,1990-05,-0.009882367216050625,0.004859312437474728
train,1990-05,1990-06,-0.009917877614498138,0.006470842752605677
train,1990-06,1990-07,-0.004771769978106022,0.009428155608475208
train,1990-07,1990-08,0.0028079678304493427,0.0219525545835495
train,1990-08,1990-09,-0.0026056035421788692,0.017466410994529724
train,1990-09,1990-10,-0.005859889555722475,0.007384772412478924
train,1990-10,1990-11,-0.004940061364322901,0.0074226767756044865
train,1990-11,1990-12,-0.018033549189567566,0.015033366158604622
train,1990-12,1991-01,-0.025319496169686317,-0.026341421529650688
train,1991-01,1991-02,-0.006238010711967945,-0.03182266652584076
train,1991-02,1991-03,-0.015031803399324417,-0.009936084970831871
train,1991-03,1991-04,0.0010028358083218336,0.005068859551101923
train,1991-04,1991-05,-0.005227729678153992,0.006811894476413727
train,1991-05,1991-06,0.009752528741955757,0.014954730868339539
train,1991-06,1991-07,-0.006900403182953596,0.0061871083453297615
train,1991-07,1991-08,-0.011352005414664745,0.001962703885510564
train,1991-08,1991-09,-0.004560220520943403,-0.0036811993923038244
train,1991-09,1991-10,-0.0015405078884214163,-0.007629891857504845
train,1991-10,1991-11,-0.006515962071716785,0.011332020163536072
train,1991-11,1991-12,-0.017081450670957565,-0.0008970828494057059
train,1991-12,1992-01,-0.034188613295555115,-0.05193096026778221
train,1992-01,1992-02,-0.017298579216003418,-0.004982701037079096
train,1992-02,1992-03,0.004921078681945801,0.019585663452744484
train,1992-03,1992-04,0.006157829426229,0.02635037712752819
train,1992-04,1992-05,0.0030893292278051376,0.008339278399944305
train,1992-05,1992-06,0.004953945986926556,0.01331822108477354
train,1992-06,1992-07,0.003021555719897151,-0.0008105583256110549
train,1992-07,1992-08,0.003919631242752075,0.006412025541067123
train,1992-08,1992-09,-0.002107846550643444,0.0021505870390683413
train,1992-09,1992-10,-0.010754404589533806,0.0009587951935827732
train,1992-10,1992-11,-0.020864365622401237,-0.01105794683098793
train,1992-11,1992-12,-0.013516362756490707,-0.004249397199600935
train,1992-12,1993-01,-0.02185666188597679,-0.017171666026115417
train,1993-01,1993-02,0.00025306816678494215,0.01822434738278389
train,1993-02,1993-03,-0.004178314935415983,0.0008825239492580295
train,1993-03,1993-04,-0.0002480922848917544,-0.0010332610690966249
train,1993-04,1993-05,-0.006091958377510309,-0.0014100661501288414
train,1993-05,1993-06,-0.007395192515105009,0.00034338454133830965
train,1993-06,1993-07,-0.007492993958294392,-0.0021385587751865387
train,1993-07,1993-08,0.0014487828593701124,-0.006021554581820965
train,1993-08,1993-09,-0.009433730505406857,-0.006361127365380526
train,1993-09,1993-10,-0.012249752879142761,-0.010559521615505219
train,1993-10,1993-11,-0.007175836246460676,0.01319065596908331
train,1993-11,1993-12,-0.011139891110360622,0.013500148430466652
train,1993-12,1994-01,-0.009333206340670586,-0.0073110489174723625
train,1994-01,1994-02,-0.011427447199821472,0.005992867052555084
train,1994-02,1994-03,-0.0030827189330011606,0.0018362072296440601
train,1994-03,1994-04,-0.0042296783067286015,0.018041323870420456
train,1994-04,1994-05,-0.0005905815633013844,0.008289512246847153
train,1994-05,1994-06,0.0067197224125266075,0.010175214149057865
train,1994-06,1994-07,-0.0034279609099030495,0.005689921323210001
train,1994-07,1994-08,-0.015177913010120392,0.0034231371246278286
train,1994-08,1994-09,-0.014089264906942844,-0.0009356493246741593
train,1994-09,1994-10,-0.016145439818501472,0.0035360667388886213
train,1994-10,1994-11,-0.013378011994063854,0.012201369740068913
train,1994-11,1994-12,-0.012375365942716599,0.0168264489620924
train,1994-12,1995-01,-0.005922695621848106,-0.008969509974122047
train,1995-01,1995-02,-0.006125941872596741,0.009671064093708992
train,1995-02,1995-03,-0.008162155747413635,0.0009880107827484608
train,1995-03,1995-04,-0.01261075958609581,-0.002843274734914303
train,1995-04,1995-05,-0.008406531065702438,0.004180826246738434
train,1995-05,1995-06,-0.014331603422760963,-0.014680039137601852
train,1995-06,1995-07,-0.013564402237534523,-0.013382580131292343
train,1995-07,1995-08,-0.01162038091570139,-0.0037728785537183285
train,1995-08,1995-09,-0.013226630166172981,0.0012955924030393362
train,1995-09,1995-10,-0.01062532514333725,0.016492299735546112
train,1995-10,1995-11,-0.0031275651417672634,0.013178816996514797
train,1995-11,1995-12,-0.00709106121212244,0.0076367491856217384
train,1995-12,1996-01,-0.00406637554988265,-0.006093993317335844
train,1996-01,1996-02,-0.009754783473908901,-0.003936242312192917
train,1996-02,1996-03,-0.0001295242109335959,-0.00044974550837650895
train,1996-03,1996-04,-0.017547279596328735,-0.0197074506431818
train,1996-04,1996-05,-0.01556079089641571,-0.02524181269109249
train,1996-05,1996-06,0.0028262559790164232,0.017562448978424072
train,1996-06,1996-07,-0.00026929425075650215,0.035712361335754395
train,1996-07,1996-08,-0.0064195976592600346,-0.0013711471110582352
train,1996-08,1996-09,-0.006457793992012739,0.00022183358669281006
train,1996-09,1996-10,-0.006437359377741814,0.028814155608415604
train,1996-10,1996-11,-0.004848309326916933,0.0194198377430439
train,1996-11,1996-12,-0.011004111729562283,0.011340249329805374
train,1996-12,1997-01,-0.002261396497488022,-0.018949808552861214
train,1997-01,1997-02,0.006057959981262684,0.018135778605937958
train,1997-02,1997-03,-0.004321177490055561,0.023178042843937874
train,1997-03,1997-04,0.00019877642625942826,0.02312617562711239
train,1997-04,1997-05,-0.009187147952616215,-0.0022104252129793167
train,1997-05,1997-06,-0.007263388484716415,0.006396564655005932
train,1997-06,1997-07,-0.000839316111523658,-0.0009048393694683909
train,1997-07,1997-08,-0.00984693318605423,-0.009650636464357376
train,1997-08,1997-09,-0.007898776791989803,-0.00556915532797575
train,1997-09,1997-10,0.005158735439181328,0.013196243904531002
train,1997-10,1997-11,-0.01163498405367136,0.03104974702000618
train,1997-11,1997-12,-5.643418990075588e-05,0.04541924595832825
train,1997-12,1998-01,0.0015813735080882907,-0.013753695413470268
train,1998-01,1998-02,-0.008726297877728939,0.005602723453193903
train,1998-02,1998-03,-0.003747536102309823,-0.0020942578557878733
train,1998-03,1998-04,-0.009571473114192486,-0.006300479173660278
train,1998-04,1998-05,-0.0016926289536058903,0.013962933793663979
train,1998-05,1998-06,-0.00487482687458396,0.014442095533013344
train,1998-06,1998-07,-0.004357047379016876,0.00350491376593709
train,1998-07,1998-08,-0.005405769217759371,0.03514338284730911
train,1998-08,1998-09,-0.0035322802141308784,0.010285770520567894
train,1998-09,1998-10,-0.0030073346570134163,0.00376690155826509
train,1998-10,1998-11,-0.03541579842567444,-0.02188052237033844
train,1998-11,1998-12,-0.02114216238260269,0.005200785584747791
train,1998-12,1999-01,-0.017079664394259453,-0.050195787101984024
train,1999-01,1999-02,-0.009350772947072983,0.00404709205031395
train,1999-02,1999-03,0.007098393514752388,-0.011669185943901539
train,1999-03,1999-04,0.0009066204074770212,-0.010852843523025513
train,1999-04,1999-05,-0.02139052003622055,0.009572280570864677
train,1999-05,1999-06,-0.01275154110044241,0.0031694958452135324
train,1999-06,1999-07,-0.013727212324738503,-0.0020945125725120306
train,1999-07,1999-08,-0.01727200485765934,0.006571310572326183
train,1999-08,1999-09,-0.014204425737261772,-0.007683377712965012
train,1999-09,1999-10,-0.012410188093781471,0.0028112027794122696
train,1999-10,1999-11,-0.053253334015607834,-0.05463886260986328
train,1999-11,1999-12,-0.052462831139564514,-0.04421417415142059
validation,1999-12,2000-01,-0.035733602941036224,-0.04614821448922157
validation,2000-01,2000-02,-0.08746866136789322,-0.10043546557426453
validation,2000-02,2000-03,0.006054536905139685,0.04963302239775658
validation,2000-03,2000-04,0.012619742192327976,0.0880814716219902
validation,2000-04,2000-05,0.012735296040773392,0.057586558163166046
validation,2000-05,2000-06,-0.04972073435783386,-0.07372674345970154
validation,2000-06,2000-07,0.012980896979570389,0.03435875475406647
validation,2000-07,2000-08,-0.024261347949504852,-0.009065160527825356
validation,2000-08,2000-09,0.003374203108251095,0.03727089613676071
validation,2000-09,2000-10,0.004595139995217323,0.05169215425848961
validation,2000-10,2000-11,0.019791508093476295,0.08011891692876816
validation,2000-11,2000-12,0.015339048579335213,0.05392308160662651
validation,2000-12,2001-01,-0.031436074525117874,-0.12030136585235596
validation,2001-01,2001-02,0.003583724843338132,0.0625772774219513
validation,2001-02,2001-03,-0.007645336911082268,0.0536603145301342
validation,2001-03,2001-04,-0.0034704653080552816,-0.006096073426306248
validation,2001-04,2001-05,-0.0056466395035386086,-0.00995455589145422
validation,2001-05,2001-06,-0.012904181145131588,0.008935694582760334
validation,2001-06,2001-07,-0.012257282622158527,0.03663342446088791
validation,2001-07,2001-08,-0.011517495848238468,0.018117446452379227
validation,2001-08,2001-09,-0.01344370562583208,0.039368219673633575
validation,2001-09,2001-10,-0.0038329102098941803,-0.03109891526401043
validation,2001-10,2001-11,0.005206124857068062,-0.024432070553302765
validation,2001-11,2001-12,-0.004549795761704445,-0.017354611307382584
validation,2001-12,2002-01,-0.025127844884991646,0.011511051096022129
validation,2002-01,2002-02,-0.009433203376829624,0.04518038034439087
validation,2002-02,2002-03,-0.004461587406694889,-0.007689392659813166
validation,2002-03,2002-04,-0.008253413252532482,0.03158434480428696
validation,2002-04,2002-05,-0.017515195533633232,0.023038551211357117
validation,2002-05,2002-06,-0.00940669234842062,0.030729664489626884
validation,2002-06,2002-07,-0.006428292952477932,0.03214249387383461
validation,2002-07,2002-08,-0.006103161722421646,0.012447325512766838
validation,2002-08,2002-09,0.007532859221100807,0.014626817777752876
validation,2002-09,2002-10,-0.01798083633184433,0.0010907574323937297
validation,2002-10,2002-11,-0.028989922255277634,-0.036386292427778244
validation,2002-11,2002-12,-0.0022324398159980774,0.0207913089543581
validation,2002-12,2003-01,-0.01671101711690426,-0.003873017616569996
validation,2003-01,2003-02,-0.0027798833325505257,0.012061422690749168
validation,2003-02,2003-03,-0.004944481886923313,0.0037199310027062893
validation,2003-03,2003-04,-0.003039531409740448,-0.012338128872215748
validation,2003-04,2003-05,-0.008205031976103783,-0.05471116304397583
validation,2003-05,2003-06,-0.02023528330028057,-0.012771056964993477
validation,2003-06,2003-07,-0.02844899334013462,-0.0051082223653793335
validation,2003-07,2003-08,-0.011528984643518925,-0.005951898172497749
validation,2003-08,2003-09,-0.02069784700870514,-0.01075866911560297
validation,2003-09,2003-10,-0.02221563830971718,-0.00600532116368413
validation,2003-10,2003-11,-0.00929529219865799,0.005280064884573221
validation,2003-11,2003-12,0.010884450748562813,0.0015032172668725252
validation,2003-12,2004-01,-0.0402761772274971,-0.0325099378824234
validation,2004-01,2004-02,0.014278676360845566,0.007062677759677172
validation,2004-02,2004-03,0.0005779919447377324,0.005931871011853218
validation,2004-03,2004-04,0.012819569557905197,0.007355739362537861
validation,2004-04,2004-05,-0.0008517589885741472,0.011579843237996101
validation,2004-05,2004-06,0.0014858405338600278,0.0048493738286197186
validation,2004-06,2004-07,0.026588985696434975,0.017945680767297745
validation,2004-07,2004-08,0.001554454443976283,0.01327759213745594
validation,2004-08,2004-09,-0.006897166837006807,-0.008911642245948315
validation,2004-09,2004-10,-0.0020908017177134752,0.005967990029603243
validation,2004-10,2004-11,-0.010751821100711823,-0.017979972064495087
validation,2004-11,2004-12,-0.018240762874484062,-0.012250086292624474
validation,2004-12,2005-01,0.0006498596630990505,0.010369077324867249
validation,2005-01,2005-02,0.0023064773995429277,0.0023925991263240576
validation,2005-02,2005-03,0.0012033195234835148,0.014447417110204697
validation,2005-03,2005-04,0.007766183465719223,0.009875604882836342
validation,2005-04,2005-05,-0.010890045203268528,0.0008392275194637477
validation,2005-05,2005-06,-0.0029190864879637957,-0.006348348688334227
validation,2005-06,2005-07,-0.00031203299295157194,-0.01093832217156887
validation,2005-07,2005-08,-0.009698779322206974,0.003934994339942932
validation,2005-08,2005-09,-0.004173122346401215,0.003254290670156479
validation,2005-09,2005-10,-0.0020987773314118385,0.01567574217915535
validation,2005-10,2005-11,-0.00508151575922966,0.00025350466603413224
validation,2005-11,2005-12,-0.003951860126107931,-0.004757577087730169
validation,2005-12,2006-01,-0.0023352173157036304,-0.023849038407206535
validation,2006-01,2006-02,-0.0005754126468673348,0.0018747991416603327
validation,2006-02,2006-03,-0.003915403038263321,-0.004840885289013386
validation,2006-03,2006-04,-0.0025216771755367517,0.0023582561407238245
validation,2006-04,2006-05,0.006606388371437788,0.018050190061330795
validation,2006-05,2006-06,0.0006934060365892947,0.009668723680078983
validation,2006-06,2006-07,0.0032560224644839764,0.01698428951203823
validation,2006-07,2006-08,-0.008937271311879158,0.00459686666727066
validation,2006-08,2006-09,-0.0033864742144942284,0.005795506294816732
validation,2006-09,2006-10,-0.0036377860233187675,-0.012421296909451485
validation,2006-10,2006-11,0.0021720086224377155,-0.006595231126993895
validation,2006-11,2006-12,-0.005748716648668051,0.002716461196541786
validation,2006-12,2007-01,-0.0017997375689446926,-0.002945193788036704
validation,2007-01,2007-02,0.0004645473090931773,0.001154790516011417
validation,2007-02,2007-03,-0.0017193483654409647,0.003071701154112816
validation,2007-03,2007-04,-0.0004938826896250248,-0.0072888401336967945
validation,2007-04,2007-05,0.001127220457419753,0.011717171408236027
validation,2007-05,2007-06,-0.00420516449958086,0.0017444477416574955
validation,2007-06,2007-07,-0.0024687047116458416,0.006093419156968594
validation,2007-07,2007-08,0.006699389778077602,0.011335933580994606
validation,2007-08,2007-09,0.00394864659756422,-0.005074852611869574
validation,2007-09,2007-10,-0.002506446558982134,-0.0048186201602220535
validation,2007-10,2007-11,0.005513728596270084,0.021175362169742584
validation,2007-11,2007-12,-0.0063264924101531506,-0.004110775887966156
validation,2007-12,2008-01,0.009575335308909416,0.010589945130050182
validation,2008-01,2008-02,-0.002468126593157649,-0.0018423206638544798
validation,2008-02,2008-03,-0.003209000453352928,0.019114729017019272
validation,2008-03,2008-04,-0.006073444616049528,-0.007163124158978462
validation,2008-04,2008-05,-0.006211938336491585,-0.006192654371261597
validation,2008-05,2008-06,-0.003249923000112176,-0.005455526523292065
validation,2008-06,2008-07,-0.010379595682024956,0.018854660913348198
validation,2008-07,2008-08,-0.004115771967917681,0.011215491220355034
validation,2008-08,2008-09,-0.0029915182385593653,0.015004944987595081
validation,2008-09,2008-10,-0.014026717282831669,0.03531329333782196
validation,2008-10,2008-11,-0.010290410369634628,0.018755117431282997
validation,2008-11,2008-12,-0.011377156712114811,-0.003466829191893339
validation,2008-12,2009-01,0.011835862882435322,-0.011614265851676464
validation,2009-01,2009-02,-0.006866333074867725,0.022418297827243805
validation,2009-02,2009-03,0.017832918092608452,-0.04779863357543945
validation,2009-03,2009-04,-0.00042712828144431114,-0.007495558820664883
validation,2009-04,2009-05,-0.0013132104650139809,-0.017734503373503685
validation,2009-05,2009-06,-0.010719604790210724,0.0019498192705214024
validation,2009-06,2009-07,-0.014433277770876884,-0.01279961783438921
validation,2009-07,2009-08,-0.02080257423222065,-0.017991604283452034
validation,2009-08,2009-09,-0.010127822868525982,0.004637540318071842
validation,2009-09,2009-10,0.0014299019239842892,0.028124598786234856
validation,2009-10,2009-11,-0.004921551328152418,0.007385119795799255
validation,2009-11,2009-12,-0.008429937064647675,-0.011448632925748825
development,2009-12,2010-01,-0.0030532744713127613,-0.004980453290045261
development,2010-01,2010-02,-0.007848646491765976,-0.0012583369389176369
development,2010-02,2010-03,-0.010292169637978077,0.0009630648419260979
development,2010-03,2010-04,-0.012037123553454876,-0.019672702997922897
development,2010-04,2010-05,0.005924616474658251,0.022176241502165794
development,2010-05,2010-06,0.009090268984436989,0.02715330757200718
development,2010-06,2010-07,-0.014215508475899696,-0.0022632991895079613
development,2010-07,2010-08,0.007794240489602089,0.014409737661480904
development,2010-08,2010-09,-0.02259952388703823,0.002014006022363901
development,2010-09,2010-10,-0.010185109451413155,-0.0030246416572481394
development,2010-10,2010-11,-0.007133996579796076,0.006787925958633423
development,2010-11,2010-12,-0.003072289749979973,-0.01202460378408432
development,2010-12,2011-01,0.0003638321068137884,-0.0022824543993920088
development,2011-01,2011-02,-0.009296348318457603,0.012080519460141659
development,2011-02,2011-03,-0.00822711642831564,0.010985187254846096
development,2011-03,2011-04,-0.0011837836354970932,0.007743909955024719
development,2011-04,2011-05,0.00528537156060338,0.014430375769734383
development,2011-05,2011-06,-0.0015186762902885675,0.015238182619214058
development,2011-06,2011-07,-0.001642456161789596,0.0025211176835000515
development,2011-07,2011-08,0.010231445543467999,0.025172267109155655
development,2011-08,2011-09,0.0030113200191408396,0.02073792740702629
development,2011-09,2011-10,-0.01661919429898262,-0.015018943697214127
development,2011-10,2011-11,-0.002967722248286009,0.00894868467003107
development,2011-11,2011-12,-0.003595361951738596,0.003958257846534252
development,2011-12,2012-01,-0.01464618556201458,-0.006078602280467749
development,2012-01,2012-02,-0.0028935077134519815,-0.007919717580080032
development,2012-02,2012-03,-0.009462462738156319,-8.610915392637253e-05
development,2012-03,2012-04,0.0004631805932149291,-0.0016326893819496036
development,2012-04,2012-05,-0.004033783450722694,0.0063751148991286755
development,2012-05,2012-06,-0.002237634500488639,0.0025360467843711376
development,2012-06,2012-07,-0.0025140768848359585,0.002419654279947281
development,2012-07,2012-08,-0.001471794443204999,0.00018287892453372478
development,2012-08,2012-09,-0.0024454277008771896,0.008892134763300419
development,2012-09,2012-10,0.00527085829526186,0.008165226317942142
development,2012-10,2012-11,-0.0022068312391638756,0.00243288348428905
development,2012-11,2012-12,0.0010803379118442535,0.00342159322462976
development,2012-12,2013-01,-0.01121063157916069,-0.005991714540868998
development,2013-01,2013-02,-0.0031503501813858747,0.0033035564702004194
development,2013-02,2013-03,0.0020157061517238617,-0.00800282508134842
development,2013-03,2013-04,-0.004534419160336256,-0.000825713446829468
development,2013-04,2013-05,-0.01057833805680275,-0.004255057778209448
development,2013-05,2013-06,-0.0005714891012758017,0.003532275790348649
development,2013-06,2013-07,-0.009783133864402771,-0.004110630135983229
development,2013-07,2013-08,0.0003723134286701679,0.001606691163033247
development,2013-08,2013-09,-0.004224289208650589,-0.003309754654765129
development,2013-09,2013-10,-0.0007796041900292039,0.014390021562576294
development,2013-10,2013-11,-0.008382453583180904,-0.003742546308785677
development,2013-11,2013-12,-0.000781673938035965,-0.015570874325931072
development,2013-12,2014-01,-0.013598104938864708,-0.028517555445432663
development,2014-01,2014-02,-0.0003397812834009528,-0.008078963495790958
development,2014-02,2014-03,0.0030478117987513542,0.014368763193488121
development,2014-03,2014-04,0.010709964670240879,0.025874394923448563
development,2014-04,2014-05,0.0008533588843420148,0.009019264951348305
development,2014-05,2014-06,-0.0010336805135011673,-0.019502755254507065
development,2014-06,2014-07,0.0011653229594230652,0.016591783612966537
development,2014-07,2014-08,-0.0001499587669968605,0.0009084042394533753
development,2014-08,2014-09,-0.0015302017563953996,0.008224147371947765
development,2014-09,2014-10,-0.003247675485908985,0.022739969193935394
development,2014-10,2014-11,-0.0034642128739506006,0.00562888290733099
development,2014-11,2014-12,-0.0016237696399912238,-0.0022005531936883926
development,2014-12,2015-01,-0.006470337975770235,-0.0019327609334141016
development,2015-01,2015-02,0.002999310614541173,-0.010405373759567738
development,2015-02,2015-03,0.0014240610180422664,0.005684618838131428
development,2015-03,2015-04,0.002851966070011258,0.006560150999575853
development,2015-04,2015-05,-0.007560152560472488,-0.008765809237957
development,2015-05,2015-06,-0.0027796486392617226,-0.0004932050942443311
development,2015-06,2015-07,8.994023664854467e-05,0.010714828036725521
development,2015-07,2015-08,0.0003022290766239166,0.008108917623758316
development,2015-08,2015-09,0.0010980605147778988,0.01926688477396965
development,2015-09,2015-10,-0.0077667622826993465,0.012193616479635239
development,2015-10,2015-11,-0.021487118676304817,-0.013351188972592354
development,2015-11,2015-12,-0.001838980009779334,0.011007036082446575
development,2015-12,2016-01,0.005563122220337391,0.03771984949707985
development,2016-01,2016-02,-0.003559811506420374,0.019422348588705063
development,2016-02,2016-03,0.0008623669855296612,-0.016438152641057968
development,2016-03,2016-04,0.0019962028600275517,-0.015861088410019875
development,2016-04,2016-05,-0.003184838453307748,0.008096246048808098
development,2016-05,2016-06,-0.00036923401057720184,0.004739205352962017
development,2016-06,2016-07,-0.007509981747716665,-0.0020096031948924065
development,2016-07,2016-08,-0.0016731081996113062,-0.007749506272375584
development,2016-08,2016-09,-0.004900212399661541,-0.009653190150856972
development,2016-09,2016-10,0.011414110660552979,0.03155256435275078
development,2016-10,2016-11,-0.010094229131937027,0.005585586652159691
development,2016-11,2016-12,0.0024156253784894943,0.016683122143149376
development,2016-12,2017-01,-0.00520374346524477,-0.009244376793503761
development,2017-01,2017-02,0.005958080291748047,0.0021628900431096554
development,2017-02,2017-03,-0.0010656975209712982,0.00785004161298275
development,2017-03,2017-04,0.00434049591422081,0.01930534839630127
development,2017-04,2017-05,0.0043089077807962894,0.02194133773446083
development,2017-05,2017-06,-0.003032723907381296,-0.014344778843224049
development,2017-06,2017-07,0.0004020386841148138,0.008336001075804234
development,2017-07,2017-08,0.0025214538909494877,0.006746046245098114
development,2017-08,2017-09,-0.013640997931361198,-0.0027410013135522604
development,2017-09,2017-10,-0.006904316134750843,0.014323960058391094
development,2017-10,2017-11,0.006627896800637245,0.005491447634994984
development,2017-11,2017-12,-0.001428720774129033,-0.010064685717225075
development,2017-12,2018-01,-0.014573834836483002,-0.000651538313832134
development,2018-01,2018-02,-0.004494808614253998,0.009421518072485924
development,2018-02,2018-03,0.0021113883703947067,0.002178712747991085
development,2018-03,2018-04,0.004063872620463371,0.005751200020313263
development,2018-04,2018-05,-0.011854744516313076,-0.005507743451744318
development,2018-05,2018-06,0.01303774118423462,-0.0003465651534497738
development,2018-06,2018-07,0.002321661217138171,0.02073429338634014
development,2018-07,2018-08,-0.006604168564081192,-0.0020966322626918554
development,2018-08,2018-09,0.0026018659118562937,0.002309517003595829
development,2018-09,2018-10,0.006586065981537104,0.024463584646582603
development,2018-10,2018-11,0.012330678291618824,0.014539454132318497
development,2018-11,2018-12,0.010404989123344421,0.024701306596398354
development,2018-12,2019-01,-0.011347638443112373,-0.03687296062707901
development,2019-01,2019-02,-0.01027719210833311,-0.0026277739088982344
development,2019-02,2019-03,-0.00958854891359806,-0.006649968214333057
development,2019-03,2019-04,0.006819041445851326,0.008621562272310257
development,2019-04,2019-05,0.005516699515283108,0.011375109665095806
development,2019-05,2019-06,0.010684303939342499,0.007628289982676506
development,2019-06,2019-07,-0.00045897200470790267,0.01684739999473095
development,2019-07,2019-08,0.004369290545582771,0.0024993140250444412
development,2019-08,2019-09,6.56412448734045e-05,0.010516228154301643
development,2019-09,2019-10,0.001410936238244176,0.013510135002434254
development,2019-10,2019-11,0.003483411855995655,-0.008723631501197815
development,2019-11,2019-12,-0.013255788944661617,-0.022172318771481514
