split,feature_month,target_month,factor_0,factor_1,factor_2,factor_3
train,1963-07,1963-08,-0.00039396388456225395,-0.008672771975398064,0.010813655331730843,0.002794519765302539
train,1963-08,1963-09,-0.0036181979812681675,-0.0028289048932492733,-0.00686291791498661,-0.009091269224882126
train,1963-09,1963-10,-0.0006062093889340758,-0.0060560014098882675,0.002046199282631278,0.004041035193949938
train,1963-10,1963-11,0.012670416384935379,0.007030822802335024,0.0038291066884994507,-0.006165164988487959
train,1963-11,1963-12,0.020120825618505478,0.016408825293183327,0.011197247542440891,-0.0024223746731877327
train,1963-12,1964-01,-0.019269732758402824,-0.014650227501988411,-0.00996407214552164,-0.0072458842769265175
train,1964-01,1964-02,-0.003133893245831132,-0.0033774790354073048,-0.003314533969387412,-0.002591639757156372
train,1964-02,1964-03,0.0014258164446800947,-0.00401195976883173,-0.0008736547315493226,-0.007392058614641428
train,1964-03,1964-04,0.005263868719339371,0.0034452350810170174,-0.003297933842986822,-0.00468908715993166
train,1964-04,1964-05,0.01320267841219902,0.004990594927221537,0.006548049859702587,-0.00222991406917572
train,1964-05,1964-06,0.00993818137794733,0.00644048023968935,0.010620532557368279,0.0036771364975720644
train,1964-06,1964-07,-0.000494321808218956,0.0027230686973780394,-0.004183493088930845,-0.004488931968808174
train,1964-07,1964-08,0.0029208948835730553,0.001469627139158547,-0.001446897629648447,-0.007462006062269211
train,1964-08,1964-09,-0.007677656598389149,-0.009006300009787083,-0.0042035216465592384,0.0020578831899911165
train,1964-09,1964-10,-0.0069518862292170525,-0.00685753533616662,-0.004011418204754591,-0.0018325450364500284
train,1964-10,1964-11,0.005807189736515284,0.007909153588116169,0.00722460588440299,0.000904085929505527
train,1964-11,1964-12,0.013427138328552246,0.010061107575893402,0.009332587011158466,0.006160370074212551
train,1964-12,1965-01,-0.025158541277050972,-0.022869253531098366,-0.006347867660224438,0.008208938874304295
train,1965-01,1965-02,-0.010511811822652817,-0.010024194605648518,-0.0004115818301215768,0.003754799487069249
train,1965-02,1965-03,-0.01629803329706192,-0.008032843470573425,-0.011992258951067924,-0.004873158410191536
train,1965-03,1965-04,-0.005980274640023708,-0.00947978999465704,-0.00027867898461408913,0.002094969619065523
train,1965-04,1965-05,0.0024561043828725815,-0.004474131390452385,0.001584232784807682,0.0012325126444920897
train,1965-05,1965-06,0.022421829402446747,0.02360530197620392,0.009949542582035065,-0.01059777569025755
train,1965-06,1965-07,-0.006158078089356422,-0.008118594996631145,-0.0007145777926780283,-0.002557568484917283
train,1965-07,1965-08,-0.0068566943518817425,-0.015793802216649055,0.006361465435475111,0.014592502266168594
train,1965-08,1965-09,0.003853650763630867,-0.014127015136182308,0.005457106977701187,0.005562084261327982
train,1965-09,1965-10,-0.02743668481707573,-0.02760578878223896,-0.014819021336734295,0.002205871045589447
train,1965-10,1965-11,-0.029797647148370743,-0.03419367969036102,-0.017161594703793526,-0.0043298788368701935
train,1965-11,1965-12,-0.019771266728639603,-0.01531310100108385,-0.01171095296740532,0.0007386142387986183
train,1965-12,1966-01,-0.034971632063388824,-0.026409396901726723,-0.02665315382182598,-0.014571351930499077
train,1966-01,1966-02,-0.03610314056277275,-0.03346622735261917,-0.022256076335906982,-0.0024327803403139114
train,1966-02,1966-03,-0.01734621450304985,-0.008660562336444855,-0.009698087349534035,-0.011081049218773842
train,1966-03,1966-04,-0.02462177723646164,-0.026178402826189995,-0.01199830137193203,0.0029162834398448467
train,1966-04,1966-05,0.033746033906936646,0.03575454279780388,0.014667676761746407,-0.01215219497680664
train,1966-05,1966-06,-0.0009080837480723858,-0.004699467681348324,0.0010501472279429436,0.0027105368208140135
train,1966-06,1966-07,0.006778625771403313,0.0054675498977303505,-0.0010877031600102782,-0.0036486417520791292
train,1966-07,1966-08,0.020966408774256706,0.0189690962433815,0.01649237424135208,3.778375685214996e-05
train,1966-08,1966-09,0.008817178197205067,0.016209019348025322,0.0017731019761413336,-0.007648727856576443
train,1966-09,1966-10,0.04559483006596565,0.03672900050878525,0.029002103954553604,-0.0036656486336141825
train,1966-10,1966-11,-0.02395009994506836,-0.029994584619998932,-0.00125959946308285,0.02602025493979454
train,1966-11,1966-12,-0.003367289435118437,-0.004057844635099173,0.0014786629471927881,0.001545181032270193
train,1966-12,1967-01,-0.06442248821258545,-0.04641736298799515,-0.039631061255931854,0.009032090194523335
train,1967-01,1967-02,-0.03578818589448929,-0.022350985556840897,-0.01826128549873829,-0.0040613701567053795
train,1967-02,1967-03,-0.008548851124942303,-0.011138505302369595,-0.002539971610531211,0.007601539138704538
train,1967-03,1967-04,-0.001711938064545393,-0.011633969843387604,0.001796369208022952,0.009532881900668144
train,1967-04,1967-05,-0.013869651593267918,-0.005421839654445648,-0.013955565169453621,-0.01085179764777422
train,1967-05,1967-06,-0.046620771288871765,-0.04640267789363861,-0.030000731348991394,0.019348042085766792
train,1967-06,1967-07,-0.021460799500346184,-0.018737031146883965,-0.008008385077118874,-0.001645694486796856
train,1967-07,1967-08,-0.006272006314247847,0.0027358615770936012,-0.002933636074885726,-0.010097510181367397
train,1967-08,1967-09,-0.03187073767185211,-0.02145635522902012,-0.012103261426091194,0.01124516036361456
train,1967-09,1967-10,-0.01306240912526846,-0.012119390070438385,-0.013149281032383442,0.0012438609264791012
train,1967-10,1967-11,0.007032526191323996,0.006134886760264635,0.007446168921887875,0.004418439231812954
train,1967-11,1967-12,-0.04177101328969002,-0.023363586515188217,-0.021411698311567307,0.006455755792558193
train,1967-12,1968-01,-0.039592888206243515,-0.002161012962460518,-0.025474650785326958,-0.03717000037431717
train,1968-01,1968-02,0.020961537957191467,0.02508779615163803,0.01073310524225235,-0.013611811213195324
train,1968-02,1968-03,0.009977297857403755,-0.0026073104236274958,0.01274745911359787,0.004093038849532604
train,1968-03,1968-04,-0.03862707316875458,-0.042281582951545715,-0.01213257946074009,0.025712888687849045
train,1968-04,1968-05,-0.050843264907598495,-0.03492748737335205,-0.024824228137731552,-0.00791751965880394
train,1968-05,1968-06,0.004446857608854771,0.019003579393029213,0.00019540853099897504,-0.020483452826738358
train,1968-06,1968-07,-0.0022778187412768602,0.012793800793588161,-0.011533228680491447,-0.02234685979783535
train,1968-07,1968-08,-0.01631355471909046,-0.01047004759311676,-0.002884168643504381,-0.004812921397387981
train,1968-08,1968-09,-0.01540258340537548,-0.01674981787800789,-0.0046856519766151905,-0.0002842722460627556
train,1968-09,1968-10,0.011500214226543903,0.007766300346702337,0.0029132224153727293,-0.01360546424984932
train,1968-10,1968-11,-0.0005099640693515539,-0.003877825103700161,-0.002724219812080264,0.0027035288512706757
train,1968-11,1968-12,-0.02545168623328209,-0.012215293012559414,-0.015357800759375095,-0.004940903279930353
train,1968-12,1969-01,-0.008587831631302834,0.006842660252004862,-0.006684239488095045,-0.009078200906515121
train,1969-01,1969-02,0.017284683883190155,0.017290063202381134,0.014154009521007538,-0.012565283104777336
train,1969-02,1969-03,-0.006867633201181889,-0.006978911347687244,0.0014463966945186257,0.005033713299781084
train,1969-03,1969-04,0.0003785968874581158,0.0031635204795747995,0.004362135194242001,-0.004195051733404398
train,1969-04,1969-05,-0.009406129829585552,0.0013762430753558874,-0.0023586226161569357,-0.006842928472906351
train,1969-05,1969-06,0.024898357689380646,0.02128998190164566,0.01509653776884079,-0.010326533578336239
train,1969-06,1969-07,0.015499180182814598,0.02372068166732788,0.012269307859241962,-0.014871128834784031
train,1969-07,1969-08,-0.004548250697553158,-0.00882161408662796,0.005684640258550644,0.017738357186317444
train,1969-08,1969-09,0.0005968918558210135,0.009512423537671566,0.010761589743196964,0.00029350517434068024
train,1969-09,1969-10,-0.01884506642818451,-0.014704689383506775,-0.007164719980210066,0.027056697756052017
train,1969-10,1969-11,0.008953310549259186,0.010672613978385925,0.007691270671784878,-0.0030130420345813036
train,1969-11,1969-12,0.02787529118359089,0.018138360232114792,0.019100595265626907,-0.006434198468923569
train,1969-12,1970-01,-0.018963467329740524,0.0037837596610188484,-0.001052721869200468,-0.008127009496092796
train,1970-01,1970-02,0.005685572512447834,0.008472162298858166,0.0044455258175730705,-0.01421063207089901
train,1970-02,1970-03,0.013393850065767765,0.01638757437467575,0.009111180901527405,-0.028815757483243942
train,1970-03,1970-04,0.03184298053383827,0.029833495616912842,0.021158184856176376,-0.04512851685285568
train,1970-04,1970-05,0.0031696995720267296,0.011613499373197556,0.004896438680589199,-0.013963473960757256
train,1970-05,1970-06,0.015110687352716923,0.018763342872262,0.005444962996989489,-0.027316300198435783
train,1970-06,1970-07,0.010724829509854317,0.007169000804424286,0.01043376512825489,-0.013822026550769806
train,1970-07,1970-08,-0.009376203641295433,-0.01488020271062851,-0.0019145547412335873,0.010966398753225803
train,1970-08,1970-09,-0.0446712002158165,-0.04184246063232422,-0.019697388634085655,0.04711538553237915
train,1970-09,1970-10,0.02139976993203163,0.024581320583820343,0.014256400987505913,-0.026716427877545357
train,1970-10,1970-11,0.030273765325546265,0.021830705925822258,0.01971052773296833,-0.01963847130537033
train,1970-11,1970-12,0.00037851068191230297,-0.004085108172148466,0.009380114264786243,-0.0019423718331381679
train,1970-12,1971-01,-0.05181116610765457,-0.037057846784591675,-0.009847763925790787,0.018571563065052032
train,1971-01,1971-02,-0.024008115753531456,-0.014242313802242279,-0.007893613539636135,0.014371635392308235
train,1971-02,1971-03,-0.0106046786531806,-0.010608186013996601,0.0039111534133553505,0.010345177724957466
train,1971-03,1971-04,-0.0002269710530526936,-0.00395409669727087,0.015059545636177063,0.008315677754580975
train,1971-04,1971-05,0.006345865782350302,0.007471237797290087,0.00893720705062151,-0.004335469100624323
train,1971-05,1971-06,0.0071378047578036785,0.010678395628929138,0.00802928488701582,-0.0055159288458526134
train,1971-06,1971-07,0.015370777808129787,0.014853399246931076,0.004192696884274483,-0.024361345916986465
train,1971-07,1971-08,-0.003676245454698801,-0.012358931824564934,-0.0006700612138956785,0.002591830212622881
train,1971-08,1971-09,-0.0035776502918452024,-0.0009524055058136582,0.0019408249063417315,-1.0722316801548004e-05
train,1971-09,1971-10,0.013086101971566677,0.01862782984972,0.009640452452003956,-0.009326757863163948
train,1971-10,1971-11,0.010398194193840027,0.004942056257277727,0.009801197797060013,-0.0031116174068301916
train,1971-11,1971-12,-0.009785613976418972,-0.018703147768974304,-0.0009546680375933647,0.006072124466300011
train,1971-12,1972-01,-0.05423751473426819,-0.025645693764090538,-0.021553805097937584,0.006086851004511118
train,1972-01,1972-02,-0.012295297347009182,-0.016338802874088287,-0.0014139108825474977,0.003438306972384453
train,1972-02,1972-03,0.002030919771641493,0.0026905774138867855,0.00950920395553112,-0.00045943359145894647
train,1972-03,1972-04,0.0018394417129456997,-0.005226921755820513,0.0017145456513389945,-0.0016996758058667183
train,1972-04,1972-05,0.012449409812688828,0.001852172426879406,0.010135098360478878,-0.004613047931343317
train,1972-05,1972-06,0.006863289047032595,0.001414092956110835,0.006109388545155525,-0.003095206804573536
train,1972-06,1972-07,0.011055858805775642,0.0038095784839242697,0.0033382494002580643,-0.013478216715157032
train,1972-07,1972-08,0.010586312972009182,0.010109205730259418,0.010076098144054413,-0.0162054356187582
train,1972-08,1972-09,0.009370410814881325,0.007422848138958216,0.004464085679501295,-0.006354436744004488
train,1972-09,1972-10,0.015728440135717392,0.013004136271774769,0.005401390139013529,-0.013156624510884285
train,1972-10,1972-11,0.011101623997092247,0.0044333902187645435,0.0068548256531357765,-0.003616787027567625
train,1972-11,1972-12,0.010929379612207413,0.0011316091986373067,0.0075808740220963955,-0.004043624270707369
train,1972-12,1973-01,-0.004885396454483271,0.004453862085938454,0.002560654189437628,-0.0210439283400774
train,1973-01,1973-02,0.010108105838298798,0.00720339547842741,0.005547665059566498,-0.016421837732195854
train,1973-02,1973-03,0.0076415506191551685,-0.0007868129760026932,0.0018126219511032104,-0.009412272833287716
train,1973-03,1973-04,0.011235911399126053,0.008824605494737625,0.004897473379969597,-0.026070544496178627
train,1973-04,1973-05,0.017436092719435692,0.00617789663374424,0.010486781597137451,-0.016060201451182365
train,1973-05,1973-06,0.005967211443930864,-0.002587051596492529,0.002669665263965726,-0.011523192748427391
train,1973-06,1973-07,-0.009820828214287758,-0.03256281837821007,0.0044130319729447365,0.029778851196169853
train,1973-07,1973-08,0.0038970669265836477,0.007623841054737568,0.007553856819868088,-0.0024432912468910217
train,1973-08,1973-09,0.009929127059876919,-0.01938273385167122,0.0036980626173317432,0.0029361885972321033
train,1973-09,1973-10,0.0015274516772478819,-0.0007018059259280562,0.0030194935388863087,-0.01204342395067215
train,1973-10,1973-11,0.008114993572235107,0.02185962349176407,0.00010666646994650364,-0.023516084998846054
train,1973-11,1973-12,0.02144230157136917,-0.003041418269276619,0.008494507521390915,-0.006425254978239536
train,1973-12,1974-01,-0.025025933980941772,-0.018128568306565285,-0.011870205402374268,-0.0039933715015649796
train,1974-01,1974-02,-0.002730677602812648,0.004681287333369255,0.002985120750963688,-0.008283700793981552
train,1974-02,1974-03,-0.008978708647191525,9.780225809663534e-05,-0.0006795650697313249,-0.009400464594364166
train,1974-03,1974-04,-0.0025799027644097805,9.172837599180639e-05,0.006718291901051998,-0.005260160658508539
train,1974-04,1974-05,0.0019290619529783726,0.002668903209269047,0.009244978427886963,-0.005313039757311344
train,1974-05,1974-06,0.0032360898330807686,-0.0027692802250385284,0.0076806508004665375,-0.009076545014977455
train,1974-06,1974-07,0.009337780997157097,0.0016203804407268763,-0.00048451172187924385,-0.01799176260828972
train,1974-07,1974-08,-0.0023095530923455954,0.0011712888954207301,0.004194676876068115,-0.013787155970931053
train,1974-08,1974-09,0.0015867582987993956,0.018275463953614235,-0.007997564971446991,-0.026418747380375862
train,1974-09,1974-10,0.006762839388102293,-0.015612389892339706,0.020562807098031044,0.018758699297904968
train,1974-10,1974-11,0.0038120062090456486,0.015352869406342506,-0.0010402703192085028,-0.01710463874042034
train,1974-11,1974-12,0.012974707409739494,0.008685160428285599,0.007374178152531385,-0.011563902720808983
train,1974-12,1975-01,-0.03217604011297226,-0.06009455397725105,-0.003776073921471834,0.0436440110206604
train,1975-01,1975-02,-0.015037145465612411,0.002754323184490204,0.0038849341217428446,0.006898927502334118
train,1975-02,1975-03,-0.012964528053998947,-0.03460672125220299,0.0013058420736342669,0.023531246930360794
train,1975-03,1975-04,-0.002340012462809682,-0.009043172001838684,0.017172306776046753,0.01451759785413742
train,1975-04,1975-05,-0.007954885251820087,-0.01596171222627163,0.004186781123280525,0.02145089954137802
train,1975-05,1975-06,3.1197851058095694e-06,-0.015647072345018387,0.0076164985075592995,0.005467930343002081
train,1975-06,1975-07,-0.015101075172424316,0.0037467468064278364,-0.00849656481295824,-0.016484959051012993
train,1975-07,1975-08,0.00776701932772994,0.012280271388590336,0.000885332643520087,-0.012474380433559418
train,1975-08,1975-09,0.007919165305793285,0.0033704889938235283,-3.0846567824482918e-06,-0.0100322924554348
train,1975-09,1975-10,0.0097543029114604,-0.00898819975554943,0.006493543274700642,0.0035616739187389612
train,1975-10,1975-11,0.005770641844719648,-0.008344147354364395,0.001802856451831758,-0.005342952441424131
train,1975-11,1975-12,-0.006436786614358425,0.006350020412355661,-0.0006683773826807737,-0.0035779576282948256
train,1975-12,1976-01,-0.023284748196601868,-0.05305183678865433,0.004577841609716415,0.015442539006471634
train,1976-01,1976-02,-0.04812321439385414,-0.02018160931766033,-0.0072716050781309605,-0.003498633159324527
train,1976-02,1976-03,-0.015076585114002228,0.008718740195035934,0.0038810588885098696,0.007741119712591171
train,1976-03,1976-04,0.0006861321162432432,0.014478945173323154,-0.0018497016280889511,-0.00920554157346487
train,1976-04,1976-05,0.010343855246901512,0.007308410946279764,0.002376981545239687,-0.009820339269936085
train,1976-05,1976-06,0.010706145316362381,-0.01361108385026455,0.002446499653160572,0.0033793356269598007
train,1976-06,1976-07,-0.0014255244750529528,0.012833686545491219,-0.0013413731940090656,-0.009817651472985744
train,1976-07,1976-08,0.005926541984081268,0.007831390015780926,0.0017682486213743687,-0.018513619899749756
train,1976-08,1976-09,0.006463401950895786,-0.006282550748437643,0.004900048952549696,-0.0023535490036010742
train,1976-09,1976-10,0.002822576090693474,0.009034779854118824,-0.004358960315585136,-0.007001994177699089
train,1976-10,1976-11,-6.695277988910675e-06,-0.0030208344105631113,0.0035308953374624252,-0.0008812779560685158
train,1976-11,1976-12,-0.020070044323801994,-0.006389162037521601,0.00735212117433548,0.0029883200768381357
train,1976-12,1977-01,-0.02708672359585762,0.0032276837155222893,0.0003580547636374831,-0.012170178815722466
train,1977-01,1977-02,-0.014967190101742744,0.011609537526965141,0.002555545885115862,-0.009014707058668137
train,1977-02,1977-03,-0.00784587673842907,0.0055984919890761375,0.002037707483395934,-0.002159416675567627
train,1977-03,1977-04,-0.007700831163674593,0.0037999101914465427,-0.000781081966124475,-0.007682338822633028
train,1977-04,1977-05,-0.006384790875017643,0.0037800781428813934,0.0031021765898913145,-0.011494357138872147
train,1977-05,1977-06,0.0005904019344598055,-0.02072257548570633,0.0035388735122978687,0.006629179231822491
train,1977-06,1977-07,-0.015347344800829887,0.016054408624768257,0.005324073601514101,-0.0040633962489664555
train,1977-07,1977-08,-0.009637277573347092,0.012663445435464382,0.008363600820302963,0.002088001696392894
train,1977-08,1977-09,-0.005916496738791466,0.004389272537082434,0.0020575490780174732,-0.005028237588703632
train,1977-09,1977-10,-0.001159626292064786,0.01087612472474575,9.622372454032302e-05,-0.011370450258255005
train,1977-10,1977-11,-0.008532671257853508,-0.02288174256682396,0.0068642375990748405,0.011339876800775528
train,1977-11,1977-12,-0.009188054129481316,0.004656440112739801,0.005676766857504845,-0.0002930288319475949
train,1977-12,1978-01,-0.020105378702282906,0.011460634879767895,-0.006148640066385269,-0.009089121595025063
train,1978-01,1978-02,-0.01710015907883644,0.0006860583089292049,0.005035990849137306,-0.002562482375651598
train,1978-02,1978-03,-0.01716887764632702,-0.01242566667497158,0.006971144583076239,0.010406781919300556
train,1978-03,1978-04,-0.005859780590981245,-0.009460440836846828,0.012122994288802147,0.013856003992259502
train,1978-04,1978-05,-0.02211015857756138,-0.007889538072049618,0.00898975320160389,0.013775412924587727
train,1978-05,1978-06,-0.012172602117061615,0.010324200615286827,0.0030243811197578907,-0.008473915047943592
train,1978-06,1978-07,-0.0003282272955402732,-0.012076370418071747,0.009355696849524975,0.009515248239040375
train,1978-07,1978-08,-0.02798217162489891,-0.011539786122739315,0.00981743074953556,0.012664197012782097
train,1978-08,1978-09,-0.010840751230716705,0.012127785943448544,-0.006208420731127262,-0.006688748952001333
train,1978-09,1978-10,0.023220565170049667,0.051971741020679474,-0.004800640046596527,-0.047079477459192276
train,1978-10,1978-11,0.0012202475918456912,-0.03482261300086975,0.0076162018813192844,0.024888204410672188
train,1978-11,1978-12,-0.001726136659272015,0.001990481512621045,0.008967100642621517,0.005412327591329813
train,1978-12,1979-01,-0.01904147118330002,-0.01615603268146515,-4.489533603191376e-05,0.010875031352043152
train,1979-01,1979-02,-0.004609446041285992,0.01609070412814617,-0.0030229154508560896,-0.008626840077340603
train,1979-02,1979-03,-0.007524467073380947,-0.017844587564468384,0.006302751135081053,0.019564377143979073
train,1979-03,1979-04,-0.013146724551916122,0.003812926821410656,0.004504740238189697,-0.00018250523135066032
train,1979-04,1979-05,-0.002996154362335801,0.006217229180037975,0.00015207345131784678,-0.006961924489587545
train,1979-05,1979-06,0.0014411737211048603,-2.7440255507826805e-06,-0.003969606943428516,0.0018463964806869626
train,1979-06,1979-07,0.0031074839644134045,0.0020272918045520782,0.0030277669429779053,-0.004608517047017813
train,1979-07,1979-08,0.0009506320930086076,-0.015233314596116543,0.008971860632300377,0.013388878665864468
train,1979-08,1979-09,-0.0026679637376219034,0.00605506356805563,0.0024465846363455057,-0.0020421764347702265
train,1979-09,1979-10,0.0036622483748942614,0.005698846653103828,-0.00151690689381212,-0.014041380025446415
train,1979-10,1979-11,-0.0030096841510385275,-0.016327276825904846,0.006885029375553131,0.019344476982951164
train,1979-11,1979-12,-0.02804611809551716,-0.0008267309167422354,0.009605709463357925,0.023220669478178024
train,1979-12,1980-01,-0.040372878313064575,0.0006666318513453007,0.008565722033381462,0.02882707118988037
train,1980-01,1980-02,-0.01871657371520996,0.013712531886994839,0.0023595704697072506,0.010036054067313671
train,1980-02,1980-03,0.02905738353729248,0.011348930187523365,0.0030285841785371304,-0.037192169576883316
train,1980-03,1980-04,-0.0008845354896038771,-0.0034349318593740463,0.005254677031189203,-0.007330082822591066
train,1980-04,1980-05,0.005380402784794569,-0.00787629745900631,0.0005919394316151738,0.0007576545467600226
train,1980-05,1980-06,-0.005243922583758831,0.007254282012581825,0.0014625722542405128,-0.0037117102183401585
train,1980-06,1980-07,0.0022931944113224745,-0.02724989876151085,0.012021701782941818,0.02823939174413681
train,1980-07,1980-08,-0.02066776156425476,-0.010915912687778473,0.01731962338089943,0.02628822810947895
train,1980-08,1980-09,-0.02133658528327942,0.013578888960182667,0.011728215962648392,0.021994732320308685
train,1980-09,1980-10,-0.030241817235946655,0.013511482626199722,0.014538957737386227,0.029411926865577698
train,1980-10,1980-11,-0.016581548377871513,0.00048822653479874134,0.015832887962460518,0.04019219055771828
train,1980-11,1980-12,0.007423305884003639,0.007329925894737244,0.003822438418865204,-0.020272355526685715
train,1980-12,1981-01,-0.008632642216980457,0.01138574443757534,-0.0031971195712685585,-0.02077430486679077
train,1981-01,1981-02,0.010290012694895267,-0.0038678685668855906,-0.00291074113920331,-0.023495474830269814
train,1981-02,1981-03,0.001533779315650463,-0.015843290835618973,0.003001876175403595,0.0029839668422937393
train,1981-03,1981-04,-0.007380232214927673,-3.6555720726028085e-05,0.005403998773545027,-0.0030705048702657223
train,1981-04,1981-05,-0.007561687845736742,-0.006218052469193935,0.005599820986390114,0.009678267873823643
train,1981-05,1981-06,0.012601062655448914,-0.0016162917017936707,-0.008404353633522987,-0.04280732572078705
train,1981-06,1981-07,0.0012084897607564926,0.0027647342067211866,0.0019148956052958965,-0.013170994818210602
train,1981-07,1981-08,0.01805310696363449,0.00811291579157114,-0.010301074013113976,-0.0369642972946167
train,1981-08,1981-09,0.02455258183181286,-0.006052815821021795,-0.003966758958995342,-0.03479543700814247
train,1981-09,1981-10,-0.009744425304234028,-0.010600544512271881,0.01781092770397663,0.019257735460996628
train,1981-10,1981-11,0.02083570323884487,4.543026443570852e-05,-0.006083593238145113,-0.025693699717521667
train,1981-11,1981-12,0.00024412490893155336,-0.00020347419194877148,0.0015719742514193058,-0.011809628456830978
train,1981-12,1982-01,-0.00792787317186594,0.0013057193718850613,0.00277896411716938,-0.00807266216725111
train,1982-01,1982-02,0.011568468064069748,-0.006397036835551262,-0.010747849941253662,-0.038129772990942
train,1982-02,1982-03,0.0006586919771507382,-0.0038578708190470934,-0.0021628434769809246,-0.0194912888109684
train,1982-03,1982-04,-0.005710705183446407,-0.003711811499670148,0.008267821744084358,0.009263025596737862
train,1982-04,1982-05,0.003019333351403475,0.006656443700194359,0.0011579213896766305,-0.01435050554573536
train,1982-05,1982-06,0.012617458589375019,-0.01123182475566864,-0.006653371267020702,-0.02558218687772751
train,1982-06,1982-07,-0.0007695587701164186,-0.00017980829579755664,0.0006509376689791679,-0.01283513568341732
train,1982-07,1982-08,0.024086132645606995,-0.018978843465447426,-0.013759923167526722,-0.00607298081740737
train,1982-08,1982-09,-0.004080188926309347,0.00834108330309391,0.006668886169791222,-0.012067367322742939
train,1982-09,1982-10,-0.0035725762136280537,-0.018396543338894844,0.00794453639537096,0.02307771146297455
train,1982-10,1982-11,-0.019050493836402893,-0.005023314151912928,0.010786227881908417,0.017101559787988663
train,1982-11,1982-12,-0.0074394172988832,-0.0029090961907058954,0.004182814620435238,0.0007826454238966107
train,1982-12,1983-01,-0.05077993497252464,0.011650040745735168,0.013395367190241814,0.04691376909613609
train,1983-01,1983-02,-0.011010889895260334,-0.0006680842489004135,0.009166578762233257,-0.008995961397886276
train,1983-02,1983-03,-0.009250791743397713,0.005494475830346346,0.007566635496914387,-0.01457761600613594
train,1983-03,1983-04,-0.015943359583616257,0.008599610067903996,0.0071416511200368404,0.0014191537629812956
train,1983-04,1983-05,-0.022091500461101532,-0.006673689931631088,0.005881649907678366,0.028923066332936287
train,1983-05,1983-06,-0.012514395639300346,-0.0008824981632642448,0.008068446069955826,0.013108834624290466
train,1983-06,1983-07,0.0018527143402025104,0.010611254721879959,-0.001207248424179852,-0.028533268719911575
train,1983-07,1983-08,0.015775242820382118,0.0013485060771927238,-0.0014380405191332102,-0.026807937771081924
train,1983-08,1983-09,0.01602022722363472,0.0012327121803537011,0.0029744096100330353,-0.025410432368516922
train,1983-09,1983-10,0.019079765304923058,0.009407111443579197,-0.007012947462499142,-0.04201136529445648
train,1983-10,1983-11,0.005694393068552017,-0.014067183248698711,-0.002417498268187046,-0.006688509602099657
train,1983-11,1983-12,0.008292030543088913,0.0019313051598146558,-1.5450408682227135e-05,-0.020788580179214478
train,1983-12,1984-01,-0.009286707267165184,0.005718107335269451,-0.0020396127365529537,-0.012958369217813015
train,1984-01,1984-02,0.008577745407819748,0.004517954308539629,-0.005788224283605814,-0.020380042493343353
train,1984-02,1984-03,0.004217083565890789,-0.0018553076079115272,0.002098776400089264,-0.010014735162258148
train,1984-03,1984-04,0.00793157797306776,-0.001125604030676186,0.006802451331168413,-0.014181097969412804
train,1984-04,1984-05,0.0071084704250097275,-0.0002458987873978913,0.004483064636588097,-0.021107859909534454
train,1984-05,1984-06,0.0035485103726387024,-0.009108085185289383,0.009268755093216896,-0.0011915189679712057
train,1984-06,1984-07,0.016893373802304268,0.006587579846382141,0.0005903284763917327,-0.029156170785427094
train,1984-07,1984-08,0.004114656709134579,-0.023190874606370926,0.007190178148448467,0.013565562665462494
train,1984-08,1984-09,0.005194130819290876,0.009268376976251602,-0.0052954694256186485,-0.022108033299446106
train,1984-09,1984-10,0.014960355125367641,0.003958823159337044,-0.0004139876691624522,-0.021207083016633987
train,1984-10,1984-11,0.010273128747940063,0.007735529914498329,-0.001430900883860886,-0.029242251068353653
train,1984-11,1984-12,0.00912865623831749,-0.004008958116173744,0.0014730168040841818,-0.011183088645339012
train,1984-12,1985-01,-0.013473168946802616,-0.012309512123465538,0.020019980147480965,0.04884016513824463
train,1985-01,1985-02,-0.02857682667672634,0.007903898134827614,0.01287712249904871,0.010171138681471348
train,1985-02,1985-03,-0.0012076330604031682,0.011181661859154701,-0.0025245537981390953,-0.021746858954429626
train,1985-03,1985-04,0.005402321927249432,0.0116169024258852,-0.0025368682108819485,-0.01653769239783287
train,1985-04,1985-05,0.012449848465621471,-0.007396463770419359,0.0034336955286562443,-0.013076595962047577
train,1985-05,1985-06,0.0097309909760952,0.004028744529932737,-0.003872048109769821,-0.01594078168272972
train,1985-06,1985-07,0.0002986178733408451,0.0006113722920417786,0.006546130403876305,0.00785798393189907
train,1985-07,1985-08,-0.0022410317324101925,0.006394445896148682,-0.004793491214513779,-0.012897283770143986
train,1985-08,1985-09,0.008966860361397266,0.005458958446979523,0.002164504025131464,-0.02416275069117546
train,1985-09,1985-10,0.0180763341486454,-0.010451309382915497,-0.0058426568284630775,-0.01550465077161789
train,1985-10,1985-11,0.007331425324082375,-0.00835508294403553,0.0049899788573384285,-0.0018939662259072065
train,1985-11,1985-12,0.007024366874247789,-0.0011164451716467738,0.005703408271074295,-0.001664905808866024
train,1985-12,1986-01,-0.026229610666632652,0.009839522652328014,0.0022805500775575638,0.0075857974588871
train,1986-01,1986-02,-0.0034195464104413986,-0.0006178352050483227,-0.004855260718613863,-0.007212469354271889
train,1986-02,1986-03,-0.000733419437892735,0.0008283138740807772,0.003331430722028017,-0.00038155794027261436
train,1986-03,1986-04,-0.009555082768201828,0.006836194545030594,0.012086297385394573,0.007806431036442518
train,1986-04,1986-05,-9.573361603543162e-05,0.0006322840345092118,0.009935181587934494,-0.004638249985873699
train,1986-05,1986-06,-0.005231342278420925,0.012192506343126297,0.006246521603316069,-0.01582157611846924
train,1986-06,1986-07,0.004206610843539238,0.011230209842324257,-0.0026943394914269447,-0.027454650029540062
train,1986-07,1986-08,0.016067830845713615,-0.011517368257045746,-0.002247420372441411,-0.017705271020531654
train,1986-08,1986-09,0.0039109718054533005,0.0021270907018333673,-0.0013151473831385374,-0.017505964264273643
train,1986-09,1986-10,0.007883643731474876,-0.012600403279066086,0.004279263783246279,-0.0012092284159734845
train,1986-10,1986-11,0.003858213545754552,-0.007792717777192593,0.0028559158090502024,-0.009224902838468552
train,1986-11,1986-12,0.004515243228524923,-0.003394000232219696,0.0013231218326836824,-0.014514295384287834
train,1986-12,1987-01,-0.00954087171703577,-0.004088336136192083,0.004365991335362196,0.013049451634287834
train,1987-01,1987-02,-0.019102022051811218,-0.0014341025380417705,0.017441002652049065,0.025741122663021088
train,1987-02,1987-03,-0.012206986546516418,0.006421700119972229,0.006250460632145405,-0.001090718200430274
train,1987-03,1987-04,-0.010418183170258999,0.0028419666923582554,0.00727288331836462,-0.0017710807733237743
train,1987-04,1987-05,-0.0011301031336188316,-0.00916751753538847,0.0026334887370467186,-0.00778290256857872
train,1987-05,1987-06,0.009120314382016659,-0.007590120192617178,7.278635166585445e-05,-0.016790909692645073
train,1987-06,1987-07,-0.0012567888479679823,-0.008586373180150986,-0.006088489666581154,-0.018398964777588844
train,1987-07,1987-08,0.008540038019418716,-0.0021701110526919365,0.006564547307789326,-0.0063070980831980705
train,1987-08,1987-09,-0.002356447745114565,-0.0057656667195260525,0.0040275463834404945,-0.0066282618790864944
train,1987-09,1987-10,0.005121711641550064,0.026931636035442352,-0.0034971842542290688,-0.05302513390779495
train,1987-10,1987-11,0.003594843437895179,0.0065157972276210785,0.0004716264083981514,-0.024613430723547935
train,1987-11,1987-12,0.012008125893771648,-0.0351671501994133,0.002138173207640648,0.009434538893401623
train,1987-12,1988-01,-0.01753108948469162,0.005735685117542744,-0.005820351652801037,0.010209576226770878
train,1988-01,1988-02,0.006295599043369293,-0.014231085777282715,-0.0005802832311019301,0.005727683659642935
train,1988-02,1988-03,-0.011062863282859325,0.0001431821146979928,0.003162447363138199,0.0011557159014046192
train,1988-03,1988-04,-0.007897717878222466,-0.0005818394129164517,0.0061212582513689995,-0.00178103381767869
train,1988-04,1988-05,0.0005447309231385589,0.005251894239336252,0.0033384175039827824,-0.017812203615903854
train,1988-05,1988-06,0.00975730735808611,-0.00988592579960823,0.00566878030076623,0.0060325185768306255
train,1988-06,1988-07,-0.004774978384375572,0.008632156997919083,-0.003624015487730503,-0.0008608510252088308
train,1988-07,1988-08,-2.1118205040693283e-05,0.004257168620824814,-0.0014977599494159222,-0.013549868948757648
train,1988-08,1988-09,0.004304396454244852,-0.00924820825457573,-0.0001261832658201456,-0.004060004837810993
train,1988-09,1988-10,0.013308130204677582,-0.0015637028263881803,-0.004258128348737955,-0.023660875856876373
train,1988-10,1988-11,0.008666656911373138,-0.0012220304924994707,-0.007014285307377577,-0.02053748071193695
train,1988-11,1988-12,0.00030075496761128306,-0.017033066600561142,0.008676349185407162,0.0012120180763304234
train,1988-12,1989-01,-0.016466841101646423,-0.00827370211482048,0.005057045258581638,0.008266501128673553
train,1989-01,1989-02,-0.005640578456223011,0.0005709216929972172,0.008208181709051132,-0.005738809704780579
train,1989-02,1989-03,0.002412203699350357,-0.006386080756783485,0.002521650167182088,-0.006651522591710091
train,1989-03,1989-04,0.007418149150907993,-0.010866478085517883,0.0054840026423335075,-0.003887748811393976
train,1989-04,1989-05,0.005577870644629002,-0.010762063786387444,0.004040507599711418,-0.004635239485651255
train,1989-05,1989-06,0.0013060199562460184,0.007993403822183609,-0.0006900447187945247,-0.017509130761027336
train,1989-06,1989-07,0.01214429922401905,-0.0028643847908824682,0.003367368597537279,-0.007705351337790489
train,1989-07,1989-08,0.005866025574505329,-0.0002298923209309578,0.0011514637153595686,-0.005948199424892664
train,1989-08,1989-09,-0.008292235434055328,0.0023685258347541094,0.01138613373041153,0.0024742467794567347
train,1989-09,1989-10,0.0028611202724277973,0.0032542075496166945,0.00967664085328579,-0.006423334591090679
train,1989-10,1989-11,0.009413687512278557,-0.0032521598041057587,0.0023522712290287018,-0.009806301444768906
train,1989-11,1989-12,0.008044719696044922,-0.012934178113937378,0.006841504015028477,-0.012531174346804619
train,1989-12,1990-01,-0.024376899003982544,0.01713409088551998,0.011760963127017021,0.006034828256815672
train,1990-01,1990-02,-0.00595222320407629,-0.002875582780689001,0.008947877213358879,0.004933604039251804
train,1990-02,1990-03,-0.003918994218111038,-0.017307791858911514,0.010994156822562218,0.013181119225919247
train,1990-03,1990-04,-0.003731420496478677,0.000663433747831732,0.008107312954962254,0.007811839692294598
train,1990-04,1990-05,0.00953494943678379,-0.021024947986006737,0.01646452583372593,0.013215189799666405
train,1990-05,1990-06,-0.011441958136856556,0.0021252089645713568,0.012728283181786537,0.007502751424908638
train,1990-06,1990-07,-0.0059822662733495235,0.0022685336880385876,0.007573197595775127,-0.013376663438975811
train,1990-07,1990-08,0.0005858168588019907,0.015814781188964844,0.004268219694495201,-0.03153993561863899
train,1990-08,1990-09,4.9034832045435905e-05,0.0065552424639463425,0.004701182246208191,-0.023504726588726044
train,1990-09,1990-10,0.00932484120130539,-0.009117133915424347,0.0020153073128312826,-0.011728838086128235
train,1990-10,1990-11,0.022053400054574013,-0.024524161592125893,0.0013763419119641185,0.004796510562300682
train,1990-11,1990-12,0.01803111657500267,-0.017465416342020035,0.005424947943538427,-0.014561288058757782
train,1990-12,1991-01,-0.025828685611486435,-0.03508581966161728,0.0009417321998625994,0.02003101445734501
train,1991-01,1991-02,-0.03798842430114746,-0.005793471820652485,0.0026062834076583385,0.03457111865282059
train,1991-02,1991-03,-0.028831981122493744,-0.0007175621576607227,0.012025661766529083,0.017742883414030075
train,1991-03,1991-04,-0.015375358983874321,0.013870966620743275,0.015760373324155807,0.007028461899608374
train,1991-04,1991-05,0.003773593110963702,-0.006075942888855934,0.005131222307682037,-0.007710454519838095
train,1991-05,1991-06,0.0028068111278116703,0.011476969346404076,-0.006001080386340618,-0.014453917741775513
train,1991-06,1991-07,-0.00445325905457139,0.0034111724235117435,0.00825538020581007,-0.0022614989429712296
train,1991-07,1991-08,-0.008969871327280998,-0.00043587933760136366,0.0077959285117685795,0.010307574644684792
train,1991-08,1991-09,-0.009103121235966682,0.001872826600447297,0.008203616365790367,0.015596127137541771
train,1991-09,1991-10,-0.005234774202108383,0.0019153959583491087,0.010291388258337975,0.011668393388390541
train,1991-10,1991-11,-0.010825571604073048,0.010357129387557507,0.009698951616883278,-0.0003705176059156656
train,1991-11,1991-12,0.020182106643915176,-0.023917030543088913,0.001240848912857473,-0.002730804029852152
train,1991-12,1992-01,-0.1033748909831047,0.004916100762784481,0.008845040574669838,0.03672786056995392
train,1992-01,1992-02,-0.027114564552903175,-0.0012694941833615303,0.006516174413263798,-0.011082773096859455
train,1992-02,1992-03,0.00015478581190109253,0.010109636932611465,-0.0013377461582422256,-0.025791645050048828
train,1992-03,1992-04,0.013619575649499893,0.00569512415677309,-0.008987972512841225,-0.04667171835899353
train,1992-04,1992-05,0.004308130592107773,0.00013680336996912956,-0.004392224829643965,-0.015428246930241585
train,1992-05,1992-06,0.003977292217314243,0.012435736134648323,-0.008204752579331398,-0.025594644248485565
train,1992-06,1992-07,0.007472231984138489,0.003553961869329214,-0.004697548225522041,-0.011418192647397518
train,1992-07,1992-08,0.009108605794608593,0.0012061416637152433,-0.006237850524485111,-0.01733977347612381
train,1992-08,1992-09,0.0013945577666163445,0.0004813235718756914,0.002253750804811716,-0.002771737752482295
train,1992-09,1992-10,-0.0010173134505748749,0.0006493094842880964,0.011359261348843575,0.007203433196991682
train,1992-10,1992-11,-0.013799052685499191,-0.0016767000779509544,0.015870865434408188,0.024794645607471466
train,1992-11,1992-12,-0.011157462373375893,0.0031572787556797266,-0.001436733640730381,-0.011706151999533176
train,1992-12,1993-01,-0.044777750968933105,0.004416503943502903,0.0024922192096710205,-0.00509011372923851
train,1993-01,1993-02,-0.001694252248853445,0.004450079053640366,-0.010633278638124466,-0.04210890084505081
train,1993-02,1993-03,-0.0032579214312136173,0.004234975203871727,-0.0015494301915168762,-0.015224556438624859
train,1993-03,1993-04,-0.010326996445655823,0.008304808288812637,-0.0023297853767871857,-0.009133999235928059
train,1993-04,1993-05,-0.0035995428916066885,-0.01284288614988327,0.010016318410634995,0.015837742015719414
train,1993-05,1993-06,-0.011060590855777264,-0.00023714546114206314,0.0026805223897099495,-0.004643682390451431
train,1993-06,1993-07,-0.009934287518262863,0.007040670607239008,-0.001863768557086587,-0.01717463508248329
train,1993-07,1993-08,0.0025820517912507057,-0.0015488468343392015,0.00012433563824743032,0.007756686303764582
train,1993-08,1993-09,-0.010216998867690563,0.0018824294675141573,0.0058504133485257626,0.004406155552715063
train,1993-09,1993-10,-0.015612771734595299,-0.008046077564358711,0.007331273518502712,0.0105908727273345
train,1993-10,1993-11,-0.0002711983397603035,-0.0015539880841970444,0.004457659553736448,-0.010892285965383053
train,1993-11,1993-12,0.006975910160690546,-0.004654354881495237,0.0029291019309312105,-0.01653357595205307
train,1993-12,1994-01,-0.015683652833104134,-0.0033527640625834465,0.00463251443579793,0.0021357161458581686
train,1994-01,1994-02,-0.004530430771410465,-0.003028105478733778,0.005093783140182495,-0.006361962296068668
train,1994-02,1994-03,-0.004830812104046345,0.0010800757445394993,-0.0031170642469078302,-0.013747705146670341
train,1994-03,1994-04,0.011121326126158237,-2.0024366676807404e-05,0.0022412347607314587,-0.026014376431703568
train,1994-04,1994-05,-0.0020818535704165697,0.005760315805673599,0.0019367481581866741,-0.013621431775391102
train,1994-05,1994-06,0.004324052948504686,0.013551685959100723,-0.00749927805736661,-0.02378990314900875
train,1994-06,1994-07,0.0035291025415062904,0.00011794210877269506,0.0020915712229907513,-0.005899862851947546
train,1994-07,1994-08,-0.002571546472609043,-0.008196637965738773,0.0150166479870677,0.008487647399306297
train,1994-08,1994-09,-0.011723368428647518,-5.311716813594103e-05,0.013679977506399155,0.0029520373791456223
train,1994-09,1994-10,-0.004632019437849522,-0.005739506334066391,0.010606344789266586,-0.0012774980859830976
train,1994-10,1994-11,0.0013498056214302778,-0.00735868327319622,0.010227294638752937,-0.008166281506419182
train,1994-11,1994-12,0.0061135548166930676,-0.0026658426504582167,0.006889675743877888,-0.02143481932580471
train,1994-12,1995-01,-0.021707803010940552,-0.0018353976774960756,0.008010948076844215,0.006043369881808758
train,1995-01,1995-02,0.003174079582095146,-0.0034876212012022734,0.007807018235325813,-0.005197118502110243
train,1995-02,1995-03,-0.004788883961737156,0.000674908165819943,0.008084887638688087,0.004191937856376171
train,1995-03,1995-04,-0.008869700133800507,-0.00538609828799963,0.0043366714380681515,-0.006791676394641399
train,1995-04,1995-05,-0.003151125041767955,-0.0049016098491847515,0.007053500972688198,-0.004135726019740105
train,1995-05,1995-06,-0.017620952799916267,-0.007157053332775831,0.018653571605682373,0.028265725821256638
train,1995-06,1995-07,-0.015059899538755417,-0.0015496921259909868,0.014716636389493942,0.02333027683198452
train,1995-07,1995-08,-0.017010480165481567,0.002754123881459236,0.00830075517296791,-0.0008037991356104612
train,1995-08,1995-09,-0.01556489896029234,-0.0018437904072925448,0.0079147107899189,0.0014656124403700233
train,1995-09,1995-10,-0.0036677273456007242,0.010478947311639786,0.003478027880191803,-0.028009092435240746
train,1995-10,1995-11,0.012610074132680893,0.0030650938861072063,0.005029601044952869,-0.011616773903369904
train,1995-11,1995-12,-0.0023805222008377314,0.00271051237359643,0.0062963697127997875,-0.012797048315405846
train,1995-12,1996-01,-0.02381855621933937,0.00340441707521677,0.010194875299930573,0.009749473072588444
train,1996-01,1996-02,-0.013413388282060623,-8.705907384864986e-05,0.012036952190101147,0.015472483821213245
train,1996-02,1996-03,-0.0022014998830854893,-0.004841166082769632,-0.0008483015699312091,-8.684175554662943e-05
train,1996-03,1996-04,-0.015390882268548012,-0.010939475148916245,0.017092136666178703,0.029265224933624268
train,1996-04,1996-05,-0.031032007187604904,-0.011245752684772015,0.0024555614218115807,0.025979332625865936
train,1996-05,1996-06,0.003957611508667469,0.0033885592129081488,-0.008909895084798336,-0.03494985029101372
train,1996-06,1996-07,0.014081152155995369,-0.0029135788790881634,-0.006593823432922363,-0.0521138533949852
train,1996-07,1996-08,-0.0009120167815126479,2.267523086629808e-05,0.008765862323343754,0.005401094909757376
train,1996-08,1996-09,0.0011547973845154047,-0.0032708621583878994,0.009202145040035248,0.0022676882799714804
train,1996-09,1996-10,0.01666508987545967,-0.006972614675760269,-0.004651370923966169,-0.04737957566976547
train,1996-10,1996-11,0.015808820724487305,-0.013758119195699692,-0.0009253470925614238,-0.021810144186019897
train,1996-11,1996-12,0.011130991391837597,-0.004341138061136007,0.0013048868859186769,-0.024416018277406693
train,1996-12,1997-01,-0.025212446227669716,-0.0011816247133538127,0.011187219060957432,0.027415089309215546
train,1997-01,1997-02,0.007572129834443331,0.004374232143163681,-0.011306236498057842,-0.03602391481399536
train,1997-02,1997-03,0.0092693530023098,-0.003148104064166546,-0.00876363180577755,-0.04345792159438133
train,1997-03,1997-04,0.01886916533112526,-0.008930284529924393,-0.0021887943148612976,-0.028463145717978477
train,1997-04,1997-05,0.007066240068525076,-0.010713398456573486,0.022959209978580475,0.028886841610074043
train,1997-05,1997-06,-0.00045329646673053503,0.004055527038872242,0.0004971650196239352,-0.014813619665801525
train,1997-06,1997-07,0.015851648524403572,-0.016099730506539345,0.0010578003711998463,-0.005356697365641594
train,1997-07,1997-08,-0.01328633725643158,-0.002928995992988348,0.009182003326714039,0.011822355911135674
train,1997-08,1997-09,-0.010686507448554039,0.00436672056093812,0.010246317833662033,0.007533557713031769
train,1997-09,1997-10,-0.005557327531278133,0.010191344656050205,-0.007407838944345713,-0.02056855522096157
train,1997-10,1997-11,0.010068198665976524,6.222305819392204e-05,-0.0007766927592456341,-0.03773140907287598
train,1997-11,1997-12,0.027651436626911163,0.010710719972848892,-0.012581868097186089,-0.05912059545516968
train,1997-12,1998-01,-0.021584466099739075,0.0038890063297003508,0.007480930536985397,0.022024091333150864
train,1998-01,1998-02,0.0009171902202069759,-0.0028254478238523006,0.008936760015785694,0.005486646667122841
train,1998-02,1998-03,-0.0039504352025687695,0.0036617908626794815,0.0043465313501656055,0.0007630751351825893
train,1998-03,1998-04,-0.013727601617574692,-0.002055502962321043,0.006330501288175583,0.0033580365125089884
train,1998-04,1998-05,0.003143984591588378,0.004448478575795889,-0.001137605751864612,-0.024540428072214127
train,1998-05,1998-06,0.016657661646604538,-0.005871172994375229,0.004428461194038391,-0.014800681732594967
train,1998-06,1998-07,-0.008252795785665512,0.007629294879734516,-0.003186025656759739,-0.015170694328844547
train,1998-07,1998-08,0.012284547090530396,0.0002865768037736416,-0.014682421460747719,-0.05923443287611008
train,1998-08,1998-09,0.00637491699308157,-0.0068032750859856606,0.020360399037599564,0.017418289557099342
train,1998-09,1998-10,0.014005545526742935,-0.016700925305485725,0.003707901807501912,0.014786165207624435
train,1998-10,1998-11,-0.0518411360681057,0.004719076212495565,0.033297695219516754,0.05085796117782593
train,1998-11,1998-12,-0.00312747317366302,-2.3015541955828667e-05,0.01500751543790102,0.011272042989730835
train,1998-12,1999-01,-0.06736870110034943,0.0031598550267517567,0.02171322889626026,0.07434602826833725
train,1999-01,1999-02,-0.015447758138179779,0.007679884787648916,-0.005368063226342201,-0.020493822172284126
train,1999-02,1999-03,-0.005124453455209732,0.005112273618578911,0.0010146463755518198,0.011127250269055367
train,1999-03,1999-04,-0.0014641890302300453,-0.01998749189078808,-0.005146295763552189,0.005049600265920162
train,1999-04,1999-05,-0.012357024475932121,-0.017160702496767044,0.012954063713550568,-9.671621955931187e-05
train,1999-05,1999-06,-0.004060395527631044,-0.006439616903662682,0.014695478603243828,0.014167189598083496
train,1999-06,1999-07,-0.018462153151631355,-0.005599174182862043,0.006202657241374254,0.0017812177538871765
train,1999-07,1999-08,-0.009754780679941177,-0.0008932931814342737,0.012895490042865276,-0.006605370901525021
train,1999-08,1999-09,-0.016898607835173607,0.007992634549736977,0.014354678802192211,0.02506653405725956
train,1999-09,1999-10,-0.013857237994670868,0.014036210253834724,0.016823172569274902,0.012650758028030396
train,1999-10,1999-11,-0.07197657227516174,5.003390833735466e-05,0.04970479756593704,0.09915321320295334
train,1999-11,1999-12,-0.06028478592634201,-0.0018599194008857012,0.05836561694741249,0.09516866505146027
validation,1999-12,2000-01,-0.06665391474962234,-0.017080914229154587,0.02209697663784027,0.06100333482027054
validation,2000-01,2000-02,-0.1034693643450737,-0.03135504573583603,0.06493774056434631,0.15042848885059357
validation,2000-02,2000-03,0.0266917385160923,-0.02261490747332573,-0.00860324315726757,-0.04946771264076233
validation,2000-03,2000-04,0.052911654114723206,-0.02661641128361225,-0.02026548609137535,-0.11019881814718246
validation,2000-04,2000-05,0.024840744212269783,-0.004097107332199812,-0.01338895969092846,-0.07325199246406555
validation,2000-05,2000-06,-0.061041209846735,0.006992327980697155,0.04715396836400032,0.09458412230014801
validation,2000-06,2000-07,0.027224477380514145,-0.005108828656375408,-0.01595921441912651,-0.0536055825650692
validation,2000-07,2000-08,-0.0071750786155462265,-0.02025442197918892,0.012190118432044983,0.014703945256769657
validation,2000-08,2000-09,0.01897326484322548,-0.010729972273111343,-0.013814311474561691,-0.05944623053073883
validation,2000-09,2000-10,0.03597206622362137,-0.024589430540800095,-0.008748690597712994,-0.06355875730514526
validation,2000-10,2000-11,0.06320009380578995,-0.028617393225431442,-0.03602387756109238,-0.12478464841842651
validation,2000-11,2000-12,0.05444370582699776,-0.0010391650721430779,-0.010196390561759472,-0.06710708886384964
validation,2000-12,2001-01,-0.12808121740818024,-0.010096865706145763,0.06032032519578934,0.18494364619255066
validation,2001-01,2001-02,0.044630758464336395,-0.016412582248449326,-0.036617461591959,-0.1128145158290863
validation,2001-02,2001-03,0.03125637769699097,-0.018503747880458832,-0.01504827942699194,-0.08062487840652466
validation,2001-03,2001-04,-0.004256841726601124,-9.588710963726044e-05,0.030734874308109283,0.05217348039150238
validation,2001-04,2001-05,-0.013572271913290024,0.0037264800630509853,0.0008854935877025127,0.004512454383075237
validation,2001-05,2001-06,0.0035058308858424425,-0.005390386562794447,0.008125780150294304,-0.013199073262512684
validation,2001-06,2001-07,0.01816774159669876,-0.017350953072309494,-0.015739617869257927,-0.06128460913896561
validation,2001-07,2001-08,0.011363581754267216,-0.008734965696930885,-0.027705956250429153,-0.05339917540550232
validation,2001-08,2001-09,0.004823008086532354,0.012793370522558689,-0.017968405038118362,-0.05863961577415466
validation,2001-09,2001-10,-0.02111153118312359,-0.004592280834913254,0.05306835472583771,0.08785020560026169
validation,2001-10,2001-11,-0.0022131388541311026,-0.009390839375555515,0.03243223577737808,0.04993993043899536
validation,2001-11,2001-12,-0.006965125910937786,-0.0030506011098623276,0.016713818535208702,0.022666122764348984
validation,2001-12,2002-01,-0.021217212080955505,-0.010794039815664291,0.0018364186398684978,-0.02039179392158985
validation,2002-01,2002-02,0.01273115910589695,0.006552850361913443,-0.021003153175115585,-0.068376824259758
validation,2002-02,2002-03,-0.0023977141827344894,-0.01439400389790535,0.00026368291582912207,0.007376350928097963
validation,2002-03,2002-04,0.018093660473823547,0.0031460574828088284,-0.03596912696957588,-0.06808978319168091
validation,2002-04,2002-05,-0.004558887332677841,0.001065866556018591,-0.015320421196520329,-0.041073255240917206
validation,2002-05,2002-06,0.01657089963555336,0.012977369129657745,-0.021896131336688995,-0.058185331523418427
validation,2002-06,2002-07,0.002242838032543659,0.017311040312051773,-0.004242617171257734,-0.034257832914590836
validation,2002-07,2002-08,-0.0012787408195436,0.0009781296830624342,0.011124005541205406,-0.007377750240266323
validation,2002-08,2002-09,0.025646619498729706,0.0035334229469299316,-0.01691317930817604,-0.043202731758356094
validation,2002-09,2002-10,-0.022320078685879707,-0.010023468174040318,0.02989913895726204,0.04348854720592499
validation,2002-10,2002-11,-0.07444582879543304,-0.010492971166968346,0.04156520962715149,0.09440068900585175
validation,2002-11,2002-12,0.023991918191313744,0.0002769916318356991,-0.008879311382770538,-0.06102709472179413
validation,2002-12,2003-01,-0.025220323354005814,0.005502226762473583,0.01701483689248562,0.011407691054046154
validation,2003-01,2003-02,0.0028355868998914957,0.0034274747595191,0.004601089749485254,-0.01009341236203909
validation,2003-02,2003-03,-0.0026945704594254494,8.190644439309835e-05,0.008555098436772823,0.007357027381658554
validation,2003-03,2003-04,-0.01811300590634346,-0.0010887281969189644,0.018838848918676376,0.04182976856827736
validation,2003-04,2003-05,-0.06072988361120224,-0.008345085196197033,0.039087679237127304,0.0916636660695076
validation,2003-05,2003-06,-0.031210755929350853,0.002572194207459688,0.019084354862570763,0.019271250814199448
validation,2003-06,2003-07,-0.03270939365029335,0.0010238081449642777,0.01853998191654682,0.026615427806973457
validation,2003-07,2003-08,-0.010064472444355488,-0.0067655728198587894,0.010092394426465034,0.01815083809196949
validation,2003-08,2003-09,-0.03619445860385895,0.009901231154799461,0.02214549295604229,0.01341126300394535
validation,2003-09,2003-10,-0.016482936218380928,-0.006360017694532871,0.015349011868238449,0.019533172249794006
validation,2003-10,2003-11,-0.0032532280310988426,-0.004163740202784538,0.006342209875583649,-0.0028775143437087536
validation,2003-11,2003-12,0.008764376863837242,0.00010099320206791162,-0.010626425966620445,-0.01908697932958603
validation,2003-12,2004-01,-0.0533754825592041,-0.0075753056444227695,0.0275382362306118,0.035560376942157745
validation,2004-01,2004-02,0.015270794741809368,0.0045996797271072865,-0.01117594726383686,-0.02059629000723362
validation,2004-02,2004-03,0.005857800133526325,-0.0016271951608359814,-0.002486176323145628,-0.01331648975610733
validation,2004-03,2004-04,0.015148316510021687,0.00353489862754941,-0.011601299047470093,-0.02159646525979042
validation,2004-04,2004-05,0.007074367254972458,-0.00021316343918442726,0.004842109978199005,-0.0036999620497226715
validation,2004-05,2004-06,0.010667589493095875,-0.011199447326362133,-0.0062124948017299175,-0.01434300746768713
validation,2004-06,2004-07,0.029061106964945793,0.007574844639748335,-0.025307029485702515,-0.0481845885515213
validation,2004-07,2004-08,0.0036081636790186167,0.007833809591829777,0.0031240261159837246,-0.01378234475851059
validation,2004-08,2004-09,9.281456004828215e-05,-0.007541786413639784,0.0019342682790011168,0.006636152975261211
validation,2004-09,2004-10,-0.0012984276982024312,0.0029329333920031786,0.0028690178878605366,-0.00043968745740130544
validation,2004-10,2004-11,-0.015896780416369438,-0.012747598811984062,-0.002255774801596999,0.012051473371684551
validation,2004-11,2004-12,-0.026369379833340645,-0.0002458287635818124,0.006054327357560396,0.02288242056965828
validation,2004-12,2005-01,0.01364465244114399,-0.0027148788794875145,-0.006607286166399717,-0.028195872902870178
validation,2005-01,2005-02,0.009759400971233845,-0.0034186579287052155,-0.004024086520075798,-0.012352034449577332
validation,2005-02,2005-03,0.01268631499260664,-0.0015156855806708336,-0.008799796923995018,-0.027436254546046257
validation,2005-03,2005-04,0.013347970321774483,0.002218932379037142,-0.0063529182225465775,-0.019913624972105026
validation,2005-04,2005-05,-0.0011451853206381202,-0.007016335614025593,0.010187826119363308,0.012228269129991531
validation,2005-05,2005-06,-0.00042845384450629354,0.0003546172520145774,0.0014908886514604092,-0.00047025803360156715
validation,2005-06,2005-07,-0.0019101278157904744,-0.008746820501983166,-0.0007162434048950672,0.013810171745717525
validation,2005-07,2005-08,-0.00572213064879179,0.002381489612162113,0.002686551306396723,-0.0072979009710252285
validation,2005-08,2005-09,-0.0006822210270911455,0.0007473645964637399,0.011582516133785248,0.0011162507580593228
validation,2005-09,2005-10,0.00600575702264905,0.00149832246825099,0.005351666361093521,-0.012929405085742474
validation,2005-10,2005-11,0.007964175194501877,-0.012534605339169502,0.003170956391841173,0.0048618316650390625
validation,2005-11,2005-12,-0.0031222773250192404,0.0022927408572286367,0.004086380358785391,0.0003826847823802382
validation,2005-12,2006-01,-0.006452811881899834,-0.008503789082169533,0.008533534593880177,0.033782243728637695
validation,2006-01,2006-02,-0.003728511044755578,0.00244561186991632,0.0037715190555900335,0.0019462814088910818
validation,2006-02,2006-03,-0.004327236674726009,-0.0027800733223557472,0.0029053334146738052,0.007769071497023106
validation,2006-03,2006-04,0.0036026095040142536,-0.004734685644507408,-0.0034544263035058975,-0.010945583693683147
validation,2006-04,2006-05,0.006884004920721054,0.006764537654817104,-0.005777814891189337,-0.036827947944402695
validation,2006-05,2006-06,0.005214276723563671,-0.003107822732999921,-0.0025322085712105036,-0.015617080964148045
validation,2006-06,2006-07,0.0068442244082689285,-0.0014039087109267712,-0.007157095707952976,-0.03041970729827881
validation,2006-07,2006-08,-0.004759644158184528,-0.003004151163622737,0.011165451258420944,0.006456227507442236
validation,2006-08,2006-09,0.0060400268994271755,-0.0027023826260119677,-0.0009269139263778925,-0.005792810115963221
validation,2006-09,2006-10,-0.004121857695281506,-0.0056872377172112465,0.00565733015537262,0.009438098408281803
validation,2006-10,2006-11,-0.002109374850988388,0.005612566135823727,0.00319864135235548,0.007901991717517376
validation,2006-11,2006-12,-0.0036557987332344055,0.0036639166064560413,0.0014213420217856765,-0.008360003121197224
validation,2006-12,2007-01,-0.0033606975339353085,0.004054613411426544,0.003938798792660236,0.005193626042455435
validation,2007-01,2007-02,0.0007428243989124894,0.004254532046616077,-0.0025145220570266247,-0.000123369914945215
validation,2007-02,2007-03,0.006160025950521231,-0.0032508298754692078,0.002077273093163967,-0.001459132181480527
validation,2007-03,2007-04,0.001673221355304122,-0.000474903907161206,0.00774573115631938,0.010758975520730019
validation,2007-04,2007-05,0.01282238308340311,-0.005125443451106548,0.0018402545247226954,-0.004810485988855362
validation,2007-05,2007-06,-0.00033340754453092813,7.59767135605216e-05,0.0022460855543613434,0.001439656363800168
validation,2007-06,2007-07,0.003682452253997326,-0.0023362638894468546,0.0021195178851485252,0.0026689476799219847
validation,2007-07,2007-08,0.012941023334860802,-0.008481521159410477,-0.00303268781863153,-0.010081169195473194
validation,2007-08,2007-09,0.0017818300984799862,0.005560440476983786,0.0037000763695687056,0.013628866523504257
validation,2007-09,2007-10,0.0036087892949581146,0.004401625134050846,0.009572925977408886,0.012018540874123573
validation,2007-10,2007-11,0.018181409686803818,0.0009756721556186676,-0.005656019784510136,-0.023596255108714104
validation,2007-11,2007-12,0.004470393061637878,-0.0037647790741175413,0.004355112090706825,0.002007145434617996
validation,2007-12,2008-01,-0.006400527432560921,-0.005402544047683477,-0.014019438996911049,-0.025074675679206848
validation,2008-01,2008-02,0.002171227242797613,-0.006831187289208174,-0.002810139674693346,-0.003052033483982086
validation,2008-02,2008-03,0.01298995316028595,-0.016545483842492104,-0.00714476965367794,-0.02078651264309883
validation,2008-03,2008-04,0.013595359399914742,-0.0133700305595994,0.0006368604954332113,0.006885715760290623
validation,2008-04,2008-05,0.005546105559915304,-0.004927034489810467,0.010773375630378723,0.012140089645981789
validation,2008-05,2008-06,0.010016240179538727,0.01066528633236885,0.0013522256631404161,0.0025225752033293247
validation,2008-06,2008-07,-0.002407367806881666,-0.006020194850862026,0.016905976459383965,-0.0021453469526022673
validation,2008-07,2008-08,0.007137359585613012,-0.012588363140821457,-0.0029712326359003782,-0.01565147005021572
validation,2008-08,2008-09,0.003022710559889674,-0.013236192986369133,-0.026685455814003944,-0.0438380166888237
validation,2008-09,2008-10,-0.008708871901035309,0.011827084235846996,0.0024224380031228065,-0.03426317498087883
validation,2008-10,2008-11,0.002856021746993065,0.011759951710700989,0.006180207245051861,-0.021935708820819855
validation,2008-11,2008-12,0.009036855772137642,-0.014303779229521751,0.015180042944848537,0.017896993085741997
validation,2008-12,2009-01,-0.020332297310233116,0.043040964752435684,0.024481022730469704,0.05713263899087906
validation,2009-01,2009-02,0.003538796678185463,0.02996942773461342,0.01255660317838192,0.00990647915750742
validation,2009-02,2009-03,-0.020734228193759918,-0.011400628834962845,-0.004881019704043865,0.038329970091581345
validation,2009-03,2009-04,-0.03482168912887573,-0.03281259164214134,-0.006031771656125784,0.018419969826936722
validation,2009-04,2009-05,-0.029302231967449188,0.01177077554166317,0.02242274209856987,0.02481009252369404
validation,2009-05,2009-06,-0.006685919594019651,0.02166137658059597,0.02882973663508892,0.039382871240377426
validation,2009-06,2009-07,-0.007457492873072624,-0.018592340871691704,0.00654399860650301,0.011437289416790009
validation,2009-07,2009-08,-0.04799824208021164,0.0038707854691892862,0.012666044756770134,0.011878971010446548
validation,2009-08,2009-09,-0.01420562993735075,0.0118351886048913,0.03355857729911804,0.03854530304670334
validation,2009-09,2009-10,0.015160830691456795,0.005202317610383034,0.0005948132602497935,-0.022728748619556427
validation,2009-10,2009-11,0.009488563984632492,0.006741510704159737,0.012508509680628777,0.01259676180779934
validation,2009-11,2009-12,-0.0034509969409555197,-0.006316453218460083,0.015537265688180923,0.021935515105724335
development,2009-12,2010-01,-0.017590291798114777,-0.0016667870804667473,-0.01025643665343523,-0.01595335453748703
development,2010-01,2010-02,0.0006549234967678785,-0.004765013698488474,0.00377010740339756,0.0035330490209162235
development,2010-02,2010-03,-0.006892847362905741,-0.005886013153940439,0.006826416589319706,-0.0031328871846199036
development,2010-03,2010-04,-0.02602170594036579,-0.016885336488485336,-0.006324003916233778,-0.008379845879971981
development,2010-04,2010-05,0.014942429959774017,0.009491092525422573,0.004024648107588291,-0.005663758143782616
development,2010-05,2010-06,0.01955050602555275,0.007882468402385712,0.01024717465043068,-0.009807689115405083
development,2010-06,2010-07,-0.003955721855163574,-0.016897274181246758,0.009336487390100956,0.0028158328495919704
development,2010-07,2010-08,0.01360055711120367,0.006063230335712433,-0.0014165258035063744,-0.010430515743792057
development,2010-08,2010-09,-0.010217530652880669,-0.00030981842428445816,0.016092240810394287,0.024359149858355522
development,2010-09,2010-10,-0.00474719749763608,0.00297734746709466,0.0023003793321549892,0.007627015467733145
development,2010-10,2010-11,0.0023423151578754187,0.0028206303250044584,-0.001540726749226451,-0.0026312880218029022
development,2010-11,2010-12,-0.016766183078289032,0.0024079501163214445,-0.003815839998424053,0.009882895275950432
development,2010-12,2011-01,-0.007938465103507042,0.003894683439284563,-0.005268976092338562,-0.005584666505455971
development,2011-01,2011-02,-0.00430688913911581,0.004058073740452528,0.014460955746471882,-0.0002625509223435074
development,2011-02,2011-03,0.003524488303810358,-0.002079406287521124,0.00737036531791091,8.677167352288961e-05
development,2011-03,2011-04,0.007244334556162357,-0.0003834281233139336,0.005394441541284323,-0.001529046567156911
development,2011-04,2011-05,0.0106928376480937,0.004224945791065693,0.0054044718854129314,-0.006455777678638697
development,2011-05,2011-06,0.007942399941384792,-0.0033822734840214252,-0.0012731528840959072,-0.01674634963274002
development,2011-06,2011-07,-0.0030051935464143753,-0.000716617563739419,-0.003613982815295458,-0.003452079137787223
development,2011-07,2011-08,0.016257338225841522,0.004267275799065828,-0.007440535817295313,-0.02376207336783409
development,2011-08,2011-09,0.011185990646481514,0.0034664333797991276,-0.004158067516982555,-0.020618772134184837
development,2011-09,2011-10,0.0010593630140647292,-0.030784588307142258,0.00706861587241292,0.016816290095448494
development,2011-10,2011-11,0.010702578350901604,-0.009046757593750954,-0.008548537269234657,-0.021378515288233757
development,2011-11,2011-12,0.0032622513826936483,-0.004069138318300247,-9.505849448032677e-05,-0.01877618208527565
development,2011-12,2012-01,-0.027499187737703323,-0.0016601020470261574,0.016792934387922287,0.03035687282681465
development,2012-01,2012-02,-0.00967392697930336,0.004874934442341328,-0.005366106517612934,0.0003356394008733332
development,2012-02,2012-03,-0.012499607168138027,0.003093874780461192,0.0030224043875932693,-0.00905925128608942
development,2012-03,2012-04,-0.0009482469176873565,-0.00039363116957247257,-0.01080892700701952,-0.016126545146107674
development,2012-04,2012-05,-0.0005876726936548948,0.005460650660097599,-0.0074314153753221035,-0.028536617755889893
development,2012-05,2012-06,-9.629881242290139e-05,0.00169980654027313,0.006827419623732567,0.0012609628029167652
development,2012-06,2012-07,-0.0011311821872368455,-0.0029282518662512302,-0.0009484670590609312,-0.01361551508307457
development,2012-07,2012-08,0.00577770359814167,-0.011565680615603924,-0.001592070097103715,0.0015506980707868934
development,2012-08,2012-09,-0.010192042216658592,0.013657856732606888,0.013568166643381119,0.004735569003969431
development,2012-09,2012-10,0.009641049429774284,-0.009738089516758919,-0.012346706353127956,-0.030921418219804764
development,2012-10,2012-11,0.008986983448266983,-0.008520303294062614,-0.004792409483343363,-0.0023524058051407337
development,2012-11,2012-12,0.0032547954469919205,-0.009134970605373383,-0.0027107722125947475,-0.007133721373975277
development,2012-12,2013-01,-0.01225717831403017,-0.003208053531125188,0.007540863007307053,-0.003659005742520094
development,2013-01,2013-02,-0.0017564708832651377,0.004456230439245701,0.00022010685643181205,-0.01066933386027813
development,2013-02,2013-03,0.0038697924464941025,-0.0011652777902781963,-0.0005215548444539309,-0.0014220273587852716
development,2013-03,2013-04,-0.0012703153770416975,0.003850555047392845,0.004539504647254944,-0.0039363945834338665
development,2013-04,2013-05,-0.009180353954434395,-0.0024203849025070667,0.009080315008759499,0.00967540591955185
development,2013-05,2013-06,-0.0004930058494210243,0.010582326911389828,0.0028091862332075834,-0.006684211548417807
development,2013-06,2013-07,-0.011709525249898434,-0.001027918653562665,0.010989871807396412,0.005756910424679518
development,2013-07,2013-08,0.0005585722392424941,0.0013412144035100937,0.002159376163035631,0.0026192686054855585
development,2013-08,2013-09,-0.00286819483153522,0.004067985340952873,0.011733927763998508,0.012682989239692688
development,2013-09,2013-10,0.009203832596540451,-0.010583747178316116,-0.007828619331121445,-0.024005457758903503
development,2013-10,2013-11,-0.0013800034066662192,-0.010241580195724964,0.0058823637664318085,0.003516408847644925
development,2013-11,2013-12,-0.006176088470965624,0.004555545747280121,0.0018916544504463673,0.01046797726303339
development,2013-12,2014-01,-0.034456901252269745,0.018127093091607094,0.01426864042878151,0.03357064723968506
development,2014-01,2014-02,-0.0009033113019540906,-0.0027340364176779985,0.00023163558216765523,0.006686434615403414
development,2014-02,2014-03,0.004336850252002478,-0.007304924540221691,-0.009635565802454948,-0.02650231122970581
development,2014-03,2014-04,0.022106777876615524,-0.015682421624660492,-0.009158110246062279,-0.03784593939781189
development,2014-04,2014-05,0.006842146627604961,0.000939521356485784,0.006034708581864834,-0.008200136944651604
development,2014-05,2014-06,-0.008248819969594479,0.007516524288803339,0.006354223005473614,0.019491206854581833
development,2014-06,2014-07,0.005997751373797655,-0.00716160424053669,-0.003393337596207857,-0.01987343467772007
development,2014-07,2014-08,0.008048362098634243,-0.003164667170494795,0.0023414583411067724,0.005848298780620098
development,2014-08,2014-09,0.0028197297360748053,0.0022769509814679623,-4.2544183088466525e-05,-0.01166057214140892
development,2014-09,2014-10,0.018330756574869156,-0.01294702384620905,0.006413553841412067,-0.010529158636927605
development,2014-10,2014-11,0.0056878612376749516,-0.000545517192222178,0.0026652473025023937,-0.0020681265741586685
development,2014-11,2014-12,0.004203687887638807,0.007806484121829271,0.004851252771914005,0.004199084360152483
development,2014-12,2015-01,-0.0015039157588034868,0.006247448734939098,0.005768234841525555,0.003785841166973114
development,2015-01,2015-02,-0.004328523762524128,-0.000255681574344635,0.003358256071805954,0.01885605975985527
development,2015-02,2015-03,0.012128213420510292,0.0009414982050657272,-0.0002713417634367943,-0.008357511833310127
development,2015-03,2015-04,-0.012177490629255772,-0.00010117469355463982,-0.004747692961245775,-0.003648653393611312
development,2015-04,2015-05,-0.004631528630852699,0.01490454375743866,0.009540656581521034,0.014680569991469383
development,2015-05,2015-06,0.0035809027031064034,0.0006484369514510036,0.0025055990554392338,-0.001849992899224162
development,2015-06,2015-07,0.018251772969961166,0.006116161588579416,-0.0004431232810020447,-0.017882028594613075
development,2015-07,2015-08,-0.0031675556674599648,-0.0061826277524232864,-0.0061645545065402985,-0.017853686586022377
development,2015-08,2015-09,0.012332141399383545,-0.007293440867215395,-0.013330555520951748,-0.0361960306763649
development,2015-09,2015-10,0.005461627151817083,-0.022365925833582878,0.002000062260776758,-0.00789110641926527
development,2015-10,2015-11,-0.018027078360319138,0.0010463579092174768,0.014164276421070099,0.02133188396692276
development,2015-11,2015-12,0.009995749220252037,0.006791112013161182,0.000244203838519752,-0.006564181298017502
development,2015-12,2016-01,0.02156287431716919,-0.008234070613980293,-0.012164734303951263,-0.04345948249101639
development,2016-01,2016-02,0.009804155677556992,-0.009827646426856518,-0.002875508274883032,-0.008560700342059135
development,2016-02,2016-03,-0.010249366983771324,-0.012555347755551338,-0.003424339694902301,0.003620486706495285
development,2016-03,2016-04,-0.016459833830595016,-0.007730988785624504,-0.002158444607630372,0.0014816939365118742
development,2016-04,2016-05,0.004467490594834089,0.00535148661583662,0.012717502191662788,-0.0008751489222049713
development,2016-05,2016-06,0.0026670536026358604,-0.0025401427410542965,-0.009780395776033401,-0.013530844822525978
development,2016-06,2016-07,-0.007682654540985823,-0.005749094299972057,0.0063260393217206,0.012655243277549744
development,2016-07,2016-08,-0.008863983675837517,-0.00040834248648025095,-0.0016041117487475276,0.002377323107793927
development,2016-08,2016-09,-0.01098490972071886,0.012641038745641708,0.015056084841489792,0.021990559995174408
development,2016-09,2016-10,0.02738710679113865,-0.008630761876702309,-0.012585977092385292,-0.04657265171408653
development,2016-10,2016-11,-0.0018211023416370153,-0.019267354160547256,-0.010509553365409374,-0.027471482753753662
development,2016-11,2016-12,0.007503165397793055,-0.007623884826898575,-0.016306590288877487,-0.0378810316324234
development,2016-12,2017-01,-0.013217383995652199,0.001300652977079153,0.0061167324893176556,0.016896352171897888
development,2017-01,2017-02,0.00590871088206768,0.005629593972116709,0.00855307001620531,0.013619194738566875
development,2017-02,2017-03,0.0023193147499114275,0.00759144127368927,0.012421457096934319,0.014542605727910995
development,2017-03,2017-04,0.016730405390262604,-0.002274857833981514,0.0013253833167254925,-0.008455967530608177
development,2017-04,2017-05,0.018731383606791496,0.008710632100701332,0.005024521611630917,-0.008258681744337082
development,2017-05,2017-06,-0.007684273645281792,-0.00732393516227603,0.00708637572824955,0.01858198083937168
development,2017-06,2017-07,0.008192108012735844,-0.002245876472443342,-0.0016952562145888805,-0.011653359979391098
development,2017-07,2017-08,0.01010630652308464,0.003040140029042959,0.010896444320678711,0.008499035611748695
development,2017-08,2017-09,-0.02543764002621174,0.009121361188590527,0.005408891476690769,0.015541953966021538
development,2017-09,2017-10,0.009823145344853401,-0.003451521974056959,0.0025168079882860184,-0.015352776274085045
development,2017-10,2017-11,0.004315125290304422,0.0033844991121441126,-0.0075241937302052975,-0.0033097239211201668
development,2017-11,2017-12,-0.009736848063766956,0.01292781624943018,-0.00010228320024907589,0.008879270404577255
development,2017-12,2018-01,-0.009367823600769043,-0.007126250304281712,0.01106723677366972,0.005240588914602995
development,2018-01,2018-02,0.002756875939667225,0.0017079785466194153,0.010990009643137455,-0.00012008057092316449
development,2018-02,2018-03,0.0023607537150382996,-0.0034194216132164,-0.0013413764536380768,-0.0037334230728447437
development,2018-03,2018-04,0.003460175823420286,0.004658253863453865,-0.0007864973740652204,-0.0011402266100049019
development,2018-04,2018-05,-0.011075019836425781,0.005825637839734554,0.014808433130383492,0.021937880665063858
development,2018-05,2018-06,0.009850023314356804,0.009798000566661358,-0.001733363140374422,-0.002670150250196457
development,2018-06,2018-07,0.01869548112154007,-0.009009875357151031,0.0030193242710083723,-0.015979671850800514
development,2018-07,2018-08,0.001305061625316739,0.0038888610433787107,0.012894571758806705,0.027411168441176414
development,2018-08,2018-09,-0.0007630272302776575,0.008909594267606735,0.0017294033896178007,0.0024353228509426117
development,2018-09,2018-10,0.009349432773888111,-0.003920086659491062,-0.008196180686354637,-0.03364602476358414
development,2018-10,2018-11,0.020167339593172073,-0.0005783516680821776,0.0021568783558905125,-0.005928399506956339
development,2018-11,2018-12,0.02072780393064022,0.009393295273184776,-0.0032228147611021996,-0.020685963332653046
development,2018-12,2019-01,-0.032966792583465576,-0.0013702453579753637,0.005852643866091967,0.041355255991220474
development,2019-01,2019-02,-0.008098641410470009,0.0003597554750740528,0.009608190506696701,0.015275413170456886
development,2019-02,2019-03,-0.013185777701437473,0.015165507793426514,0.012137450277805328,0.020433399826288223
development,2019-03,2019-04,0.014397439546883106,-0.008822537958621979,-0.005003227386623621,-0.015443794429302216
development,2019-04,2019-05,0.0032074637711048126,0.021090418100357056,-0.0020289933308959007,-0.009351739659905434
development,2019-05,2019-06,0.022023268043994904,-0.01508962269872427,-0.0011446558637544513,-0.0006735479109920561
development,2019-06,2019-07,0.01730239763855934,-0.011057398281991482,0.00020908983424305916,-0.02002856694161892
development,2019-07,2019-08,0.008720776997506618,0.006833836901932955,-0.008507759310305119,-0.000585001427680254
development,2019-08,2019-09,0.012170813046395779,-0.031047046184539795,-0.01560560055077076,-0.03325231373310089
development,2019-09,2019-10,0.012774785049259663,-0.004086834378540516,-0.0010523691307753325,-0.00037068675737828016
development,2019-10,2019-11,0.0016976520419120789,0.010443984530866146,0.006183039862662554,0.021808434277772903
development,2019-11,2019-12,-0.031185705214738846,0.006528504192829132,0.0076791150495409966,0.01016899012029171
